session_id,sku_id,duration_sec,action
0c8181de,ELEC-1031,56,0
232463a0,ELEC-1043,127,1
f81865e1,ELEC-1019,225,0
5518fef5,ELEC-1074,391,0
c86f4f6f,ELEC-1026,298,0
941194a0,ELEC-1052,294,0
5b0306e6,ELEC-1005,395,0
3d54cd1a,ELEC-1046,113,0
86774a32,ELEC-1005,327,0
31a9745d,ELEC-1000,337,0
6ec72c71,ELEC-1024,184,2
c6a8d62f,ELEC-1062,276,0
5b6e9e92,ELEC-1091,105,0
5aa4fd37,ELEC-1018,194,0
a47a36da,ELEC-1070,94,2
14453d2b,ELEC-1013,128,0
2f8f7269,ELEC-1094,93,0
4ebc14e0,ELEC-1080,275,0
0e53a45f,ELEC-1045,352,0
19df492c,ELEC-1085,311,0
cb2a6400,ELEC-1083,269,0
c0f7ab37,ELEC-1022,373,0
4a7b1e43,ELEC-1008,58,0
771c3f01,ELEC-1064,391,0
e9eed122,ELEC-1079,284,0
337aae95,ELEC-1085,277,0
c3b4658e,ELEC-1051,164,0
817b7c85,ELEC-1070,131,0
e6258caf,ELEC-1063,337,2
e0a95a74,ELEC-1044,224,1
8570f22a,ELEC-1043,184,0
15943d70,ELEC-1018,16,0
ba729e6e,ELEC-1060,341,0
cbf34f76,ELEC-1015,118,0
1b8091c9,ELEC-1043,392,1
725e73ba,ELEC-1025,127,0
41cc6953,ELEC-1060,310,0
7a952508,ELEC-1060,144,0
379af8d5,ELEC-1086,124,0
4f109a09,ELEC-1026,29,2
da5536db,ELEC-1070,335,1
e015091c,ELEC-1022,23,0
61fce2ca,ELEC-1005,20,0
3cd9254d,ELEC-1098,374,2
2beb9e2d,ELEC-1039,393,0
09dd7653,ELEC-1065,332,0
e6b06c78,ELEC-1088,282,0
9fd9d145,ELEC-1024,239,0
9e08fbc4,ELEC-1051,255,0
88d50c18,ELEC-1060,331,0
ee162b53,ELEC-1022,137,2
b2c69034,ELEC-1071,170,0
ff917c35,ELEC-1004,247,0
cb85a8dd,ELEC-1072,244,0
20c2f2d8,ELEC-1086,354,0
528f53fb,ELEC-1085,74,0
ea47699e,ELEC-1053,24,0
f8447c77,ELEC-1042,200,2
897d62a2,ELEC-1046,43,0
564e293d,ELEC-1089,79,0
1408faff,ELEC-1032,370,0
70e56753,ELEC-1064,346,0
5b2b9b8d,ELEC-1080,96,0
73b4be8c,ELEC-1088,133,0
1de6f131,ELEC-1074,288,0
f5fc65e6,ELEC-1018,316,0
692007a1,ELEC-1091,126,0
c948bb85,ELEC-1069,292,0
9a453826,ELEC-1012,144,0
e556aa60,ELEC-1075,277,0
0cfc47b9,ELEC-1003,269,0
8b4768da,ELEC-1091,336,0
feb7c206,ELEC-1093,324,0
ff2e38e7,ELEC-1079,179,0
04a31b09,ELEC-1046,123,0
abd51d51,ELEC-1036,300,0
d205b695,ELEC-1096,236,0
ff280ac6,ELEC-1059,247,0
3a722212,ELEC-1077,280,0
af7e0836,ELEC-1056,171,0
dafdf6e4,ELEC-1067,245,0
20b82f43,ELEC-1092,102,2
578a39b5,ELEC-1029,153,1
a9c178a1,ELEC-1001,136,0
e7b84abf,ELEC-1081,398,0
30d60be7,ELEC-1074,395,1
c95b4691,ELEC-1065,213,0
bf1eee47,ELEC-1093,389,2
a1e6bf73,ELEC-1092,340,0
dc1f9ca4,ELEC-1048,349,1
159a976b,ELEC-1043,120,0
16575fa8,ELEC-1069,364,0
9485196e,ELEC-1050,360,0
c5a603f8,ELEC-1038,336,2
5617d812,ELEC-1067,78,2
f642d9ab,ELEC-1068,90,2
1b84993c,ELEC-1099,193,0
0fc0fced,ELEC-1029,141,1
48b8afda,ELEC-1062,357,0
0bd4aaf6,ELEC-1041,147,0
053beb92,ELEC-1013,232,0
83344e66,ELEC-1066,337,0
93db9f7c,ELEC-1065,69,0
24d1743d,ELEC-1004,177,0
e8d4bc82,ELEC-1039,148,0
569893d6,ELEC-1070,389,0
97394aa4,ELEC-1099,297,1
a7c7e156,ELEC-1014,236,0
c5f2d7e2,ELEC-1071,149,1
91f450aa,ELEC-1074,194,0
94e6cd47,ELEC-1033,151,2
34c5b92e,ELEC-1060,57,0
e3a06dbc,ELEC-1079,72,0
0a91d18a,ELEC-1066,153,1
33f7e910,ELEC-1071,354,1
134cecbc,ELEC-1086,318,0
c903be20,ELEC-1089,94,0
91295cc0,ELEC-1095,31,0
ba4bcae2,ELEC-1089,278,0
ba27ee59,ELEC-1074,105,1
393e8ec9,ELEC-1024,182,0
065d85d5,ELEC-1044,364,0
1f6dc767,ELEC-1045,53,0
734ea90a,ELEC-1086,259,0
1299ad6e,ELEC-1068,66,0
852010d7,ELEC-1011,177,0
5c262c1e,ELEC-1015,267,0
cabc5b28,ELEC-1011,181,0
b9d47ee6,ELEC-1076,316,0
5ff0efc0,ELEC-1032,114,0
7570aa76,ELEC-1010,271,1
0c6b6dc5,ELEC-1005,89,0
953e80df,ELEC-1069,132,2
5cba560b,ELEC-1013,234,1
acb76c1f,ELEC-1000,187,0
4ea37f18,ELEC-1074,303,0
947be247,ELEC-1031,32,2
29eb9850,ELEC-1061,272,2
4392270a,ELEC-1036,131,1
e832f818,ELEC-1063,207,0
4d58af4f,ELEC-1040,47,0
da8b0ef2,ELEC-1087,387,0
1fe29ca3,ELEC-1020,174,0
a78690fc,ELEC-1067,203,1
56435ed6,ELEC-1081,141,0
68394eea,ELEC-1011,206,0
3a558a87,ELEC-1013,207,0
82db9e1d,ELEC-1015,15,0
67191b34,ELEC-1008,253,0
4cafae02,ELEC-1001,254,0
c8394096,ELEC-1005,251,0
e3d0b1d1,ELEC-1099,263,2
3b0f32e9,ELEC-1056,381,0
09d49573,ELEC-1023,195,0
5c771ab8,ELEC-1050,49,1
35de71f5,ELEC-1048,292,0
164c828d,ELEC-1082,345,0
9c3a9f94,ELEC-1014,143,0
7b799377,ELEC-1001,389,2
22ad5da0,ELEC-1098,262,0
8ca78079,ELEC-1096,147,0
15f6f6d5,ELEC-1098,15,1
e00dd3f4,ELEC-1029,213,2
a64d4390,ELEC-1038,102,0
602c1ed2,ELEC-1012,33,0
35a4c316,ELEC-1099,198,2
130b767a,ELEC-1056,252,0
010e0796,ELEC-1096,317,2
f69f62b6,ELEC-1066,105,0
e51c6e0d,ELEC-1010,221,0
f8cf8f19,ELEC-1047,154,0
243ec8a9,ELEC-1010,58,0
3c228dd6,ELEC-1059,354,0
9c11e50e,ELEC-1029,220,0
67ce9c8c,ELEC-1085,92,0
caecc45c,ELEC-1004,155,0
db505610,ELEC-1084,266,0
9d2f4cd6,ELEC-1034,315,0
97891748,ELEC-1048,167,0
9acb8b14,ELEC-1021,184,0
8ff6d292,ELEC-1099,80,0
e0e815e3,ELEC-1045,350,0
86bf2958,ELEC-1035,205,1
7017054a,ELEC-1029,52,0
e74a8fb6,ELEC-1024,372,2
3a0e25c4,ELEC-1005,130,0
f0f2a840,ELEC-1049,313,0
b5d26086,ELEC-1067,99,0
adcfb19a,ELEC-1078,191,0
e270907c,ELEC-1065,103,0
abad58bf,ELEC-1048,320,1
5d6266d4,ELEC-1067,182,0
2341504f,ELEC-1050,67,0
3643d159,ELEC-1055,295,0
4932efbb,ELEC-1043,357,0
7fe34427,ELEC-1048,123,0
2a7456c9,ELEC-1090,377,0
3b60cb2a,ELEC-1020,283,0
8e142a74,ELEC-1037,309,0
cca3afc7,ELEC-1085,136,0
242e3631,ELEC-1089,360,1
fdc22658,ELEC-1028,205,0
564fb3ff,ELEC-1038,208,0
54f9100b,ELEC-1055,333,0
a9677bc7,ELEC-1026,279,0
18ca6f83,ELEC-1069,84,0
2a9fde56,ELEC-1063,193,0
f8d302a1,ELEC-1091,283,2
a3a345e4,ELEC-1006,123,0
5475c229,ELEC-1038,345,0
202d26a2,ELEC-1025,75,0
0cdc146b,ELEC-1076,310,0
b93d1644,ELEC-1042,384,0
cf05271c,ELEC-1047,230,2
188a6d26,ELEC-1083,368,0
8c987d23,ELEC-1028,383,0
efd22f69,ELEC-1083,375,1
db05da13,ELEC-1079,195,0
a004b0e8,ELEC-1010,262,0
87051a4a,ELEC-1026,350,0
ce21b658,ELEC-1046,40,1
d78f2253,ELEC-1018,69,1
9a0dc1d2,ELEC-1059,167,0
58a21118,ELEC-1011,97,0
92cf03c0,ELEC-1008,378,0
8cf6cc16,ELEC-1099,88,0
44f7a21a,ELEC-1014,355,0
d1221c49,ELEC-1090,358,2
7742c80c,ELEC-1098,144,0
6f8f7943,ELEC-1067,326,0
5d6dde2a,ELEC-1069,93,0
29d6251b,ELEC-1081,184,0
53913e34,ELEC-1011,135,0
b43f50df,ELEC-1073,249,0
e812cb05,ELEC-1070,361,0
e7601097,ELEC-1033,173,0
f255b40d,ELEC-1023,313,2
b5912a42,ELEC-1080,147,0
ed698279,ELEC-1074,125,0
3f4e2bc1,ELEC-1095,132,0
f62d611d,ELEC-1098,19,2
73298a12,ELEC-1057,371,0
65c519eb,ELEC-1041,306,0
21f79896,ELEC-1033,182,0
38db79ae,ELEC-1010,306,0
4f83b0a6,ELEC-1006,219,0
06716104,ELEC-1000,266,0
81667faf,ELEC-1060,15,0
098182c5,ELEC-1085,229,0
0fc2c4e9,ELEC-1035,279,0
d785f5ac,ELEC-1038,223,0
d0c5dac2,ELEC-1025,272,1
e9bb73d6,ELEC-1087,143,0
17c454d6,ELEC-1077,27,2
6b954654,ELEC-1052,367,0
46ea4aaa,ELEC-1052,293,0
9ff4c8f8,ELEC-1005,199,1
9aeffdc0,ELEC-1050,389,0
a84ce148,ELEC-1077,263,0
5c5d2871,ELEC-1007,67,0
95ba383d,ELEC-1027,356,0
90a7dff2,ELEC-1025,51,0
7cb3d143,ELEC-1022,392,0
d0d17737,ELEC-1069,253,0
0fbdecd5,ELEC-1023,370,0
d5b570ed,ELEC-1068,57,1
3163f8aa,ELEC-1032,384,0
6757de5a,ELEC-1040,290,0
74363133,ELEC-1096,321,0
881bbe69,ELEC-1071,205,0
340e0113,ELEC-1018,202,0
e503530b,ELEC-1062,256,0
065fd4e1,ELEC-1063,222,0
577c88b3,ELEC-1015,20,2
373258a8,ELEC-1098,24,0
38cf26f3,ELEC-1093,12,0
60f24415,ELEC-1053,75,0
715633c4,ELEC-1035,129,0
998a770c,ELEC-1082,351,2
59b39bf5,ELEC-1002,366,0
715a59ac,ELEC-1039,129,0
501abf07,ELEC-1079,282,0
e709e584,ELEC-1002,295,0
72b5e69b,ELEC-1015,306,1
818e28d4,ELEC-1066,48,0
9a232f32,ELEC-1087,37,0
9f8c42d5,ELEC-1045,279,2
d1b3d99d,ELEC-1061,86,0
f39440cb,ELEC-1043,19,0
b47a3c16,ELEC-1017,224,0
f996da38,ELEC-1006,53,0
a0187953,ELEC-1024,218,0
3a81d1ca,ELEC-1080,314,0
7d7d9ec7,ELEC-1081,51,0
52c478f9,ELEC-1057,373,0
2cfe6b52,ELEC-1044,348,0
c4626416,ELEC-1027,350,0
cdb0436b,ELEC-1085,391,0
2878118a,ELEC-1091,389,2
069fa418,ELEC-1093,138,1
2d298daa,ELEC-1042,130,0
ef636712,ELEC-1063,374,0
97fc7f76,ELEC-1095,107,0
da5eb7af,ELEC-1042,271,0
c3a14f77,ELEC-1058,293,0
59ccf233,ELEC-1035,12,0
2448a2ee,ELEC-1063,96,1
0ac791c9,ELEC-1062,129,0
16b3582b,ELEC-1002,26,0
7b296dbc,ELEC-1065,280,0
8dc99476,ELEC-1077,325,0
e2b4cb34,ELEC-1072,342,0
82600334,ELEC-1091,229,2
516ec40c,ELEC-1094,309,1
92c5bd72,ELEC-1092,235,0
56a9e28e,ELEC-1084,333,0
852feddb,ELEC-1073,250,2
26db4a2b,ELEC-1024,97,0
c9f21ae4,ELEC-1033,91,2
6c068ccf,ELEC-1010,174,0
b9bf0987,ELEC-1048,134,0
cd6a502e,ELEC-1007,367,0
78b402b1,ELEC-1088,146,0
9ee99b03,ELEC-1016,218,1
83211698,ELEC-1027,74,0
c902b83f,ELEC-1097,382,0
7ec674cf,ELEC-1017,389,0
526ce6f9,ELEC-1040,226,0
f97ad4f8,ELEC-1000,305,0
d537d601,ELEC-1098,18,0
03af92fc,ELEC-1013,179,1
a3a1e277,ELEC-1041,33,0
74d6378d,ELEC-1070,298,0
88a6b95d,ELEC-1037,28,0
6f60e0b2,ELEC-1081,259,1
f9c3222e,ELEC-1046,331,0
678bd2dc,ELEC-1027,325,0
53583b3b,ELEC-1099,216,0
f296215b,ELEC-1039,232,2
5a3c4c97,ELEC-1035,379,0
60b113e2,ELEC-1069,280,0
a51733fd,ELEC-1087,379,0
0cbe5941,ELEC-1050,101,0
e0c914a1,ELEC-1009,93,0
b63ff44c,ELEC-1092,57,0
4a337f76,ELEC-1099,145,0
538fab25,ELEC-1067,292,2
bbebf613,ELEC-1008,125,0
287259ff,ELEC-1035,134,1
7409de52,ELEC-1001,265,0
3b91a01c,ELEC-1006,10,2
f064ed9f,ELEC-1060,22,0
4311d2a6,ELEC-1067,268,0
303a3eda,ELEC-1080,161,0
3b9f231a,ELEC-1020,383,2
94f0da59,ELEC-1028,89,1
1cbcc9e5,ELEC-1051,46,1
b79d7e2c,ELEC-1071,324,2
23686ef1,ELEC-1024,24,0
5eed1286,ELEC-1096,211,0
5b379207,ELEC-1095,216,0
57bb0f4b,ELEC-1082,285,0
8b98b734,ELEC-1044,370,0
50b83033,ELEC-1065,177,0
0c487523,ELEC-1033,114,2
17ab41a7,ELEC-1097,190,0
75905128,ELEC-1074,89,1
6f4a87f2,ELEC-1013,242,1
fab09cc6,ELEC-1034,352,0
030dc560,ELEC-1094,79,1
5ec3d9e7,ELEC-1095,388,1
dea4ac58,ELEC-1082,141,0
32ad39c0,ELEC-1070,107,0
2270031a,ELEC-1046,138,0
687ed51d,ELEC-1023,239,0
21510b28,ELEC-1040,363,0
db6a6884,ELEC-1010,192,2
320e0085,ELEC-1098,278,2
99bd64e5,ELEC-1017,331,0
852548db,ELEC-1079,97,0
368b6f20,ELEC-1080,53,0
90d3e454,ELEC-1035,330,0
42141494,ELEC-1051,29,0
7972b6a9,ELEC-1097,187,0
99f9c4d5,ELEC-1002,170,1
ef739a90,ELEC-1096,107,0
77e6d1b0,ELEC-1071,51,0
f0280812,ELEC-1048,83,0
d5fb34c3,ELEC-1018,221,0
5fd24dee,ELEC-1029,319,0
cac64dca,ELEC-1037,40,0
f5a7d5ad,ELEC-1095,342,0
119aa4d0,ELEC-1032,80,0
6448e587,ELEC-1099,60,1
b8641cf0,ELEC-1080,378,1
aba2b7aa,ELEC-1086,127,0
4bce278c,ELEC-1030,80,0
06fb61cd,ELEC-1050,40,0
5a08daa7,ELEC-1033,380,0
1fa12987,ELEC-1055,108,1
7bcd6875,ELEC-1094,256,0
0bffcb50,ELEC-1056,88,0
c19caa87,ELEC-1096,14,2
ff5ace1b,ELEC-1090,116,0
6d6e2aa0,ELEC-1003,112,2
54f8633d,ELEC-1098,30,0
31f52c37,ELEC-1071,104,0
d9df9710,ELEC-1067,376,0
e82d4837,ELEC-1027,99,1
7767107e,ELEC-1042,231,1
1c9aff33,ELEC-1036,71,2
958121f7,ELEC-1054,45,0
946d69e6,ELEC-1079,191,0
2923b6bb,ELEC-1030,381,0
8313359d,ELEC-1012,385,1
048c0f7a,ELEC-1021,67,0
9aced4f7,ELEC-1012,278,2
d679d5cd,ELEC-1069,225,0
a38e91e9,ELEC-1074,285,2
129a8055,ELEC-1032,229,2
dd5c7e37,ELEC-1082,282,1
cdacaac2,ELEC-1086,53,1
89c9e4f8,ELEC-1031,61,0
25a60b3b,ELEC-1050,392,2
337a44ba,ELEC-1032,327,1
793e7962,ELEC-1058,379,0
9b523cd9,ELEC-1070,194,0
f57b612b,ELEC-1030,202,0
a8f739d4,ELEC-1072,45,0
7d6eb5a3,ELEC-1091,192,0
55c0bb24,ELEC-1014,383,0
bdb0c5d9,ELEC-1049,112,1
ba163809,ELEC-1002,77,0
c38408dc,ELEC-1093,200,0
8b5798d9,ELEC-1020,366,0
1c1dcfb2,ELEC-1052,123,0
3e6153c5,ELEC-1030,268,0
348b8441,ELEC-1097,344,0
84395773,ELEC-1097,92,0
19cde1d3,ELEC-1075,229,0
92917f51,ELEC-1045,352,2
a5cb2ce0,ELEC-1033,129,0
3a189e71,ELEC-1060,330,0
ca44499e,ELEC-1000,370,0
d19de9da,ELEC-1042,195,0
0f2a9ee3,ELEC-1089,170,0
f4197a76,ELEC-1087,257,0
b5bac546,ELEC-1029,13,0
edf7e604,ELEC-1078,36,0
ab9575cf,ELEC-1068,241,0
b893d28d,ELEC-1097,150,0
85597384,ELEC-1000,234,1
36309ba6,ELEC-1099,138,0
188701f4,ELEC-1051,78,0
a719010d,ELEC-1048,281,0
1f0d435e,ELEC-1056,356,0
b429df9a,ELEC-1095,370,0
af7911b7,ELEC-1054,20,0
ed57931d,ELEC-1055,114,0
2f62754e,ELEC-1073,126,0
3fab5fe5,ELEC-1017,340,0
3ba35458,ELEC-1000,382,0
33f2c65e,ELEC-1061,252,2
4dc1c65f,ELEC-1025,171,1
b470f95d,ELEC-1099,126,2
5a83d9be,ELEC-1063,100,0
f75f1efb,ELEC-1043,350,0
57ab09ca,ELEC-1077,91,0
f7ce37a2,ELEC-1063,111,1
3e930ba1,ELEC-1002,254,0
34bb0804,ELEC-1023,187,2
1c9f51ad,ELEC-1068,150,0
0fe2a481,ELEC-1094,334,0
5d613940,ELEC-1030,159,0
96e1f9ac,ELEC-1037,332,0
b18609ff,ELEC-1057,153,0
314ad94d,ELEC-1053,188,0
d7551fdd,ELEC-1022,144,2
d11b4dd9,ELEC-1031,310,0
f5233af5,ELEC-1013,271,0
06566725,ELEC-1098,65,0
c6c7cb6f,ELEC-1047,81,1
647535d2,ELEC-1038,134,2
94503fc7,ELEC-1085,11,0
3e6444e6,ELEC-1030,79,0
d2dba5d1,ELEC-1038,305,0
9872a337,ELEC-1021,115,0
a659ef2e,ELEC-1068,253,0
e409ab3d,ELEC-1095,306,0
dd602d00,ELEC-1058,281,0
de6e5bbf,ELEC-1071,27,0
93435811,ELEC-1026,299,0
7767f820,ELEC-1041,145,0
d1aa4adf,ELEC-1069,386,0
44233c96,ELEC-1042,330,0
1cc7a6f6,ELEC-1008,229,0
56aa9172,ELEC-1090,159,0
30889d29,ELEC-1054,388,0
1f52535d,ELEC-1009,345,0
9dff9d25,ELEC-1065,184,2
e060d3ae,ELEC-1006,138,0
4252a789,ELEC-1059,215,0
e0e39769,ELEC-1011,250,0
aa9fba48,ELEC-1039,182,0
fc3f8485,ELEC-1089,75,0
9f749685,ELEC-1045,87,0
80d207b9,ELEC-1088,179,0
236627f0,ELEC-1073,94,0
fe9d30e9,ELEC-1055,200,0
d7b5b5cf,ELEC-1035,366,0
aaf1e633,ELEC-1014,107,0
2b4ec438,ELEC-1096,231,0
a82484b6,ELEC-1068,294,0
34c57f6f,ELEC-1074,303,0
8a2c0782,ELEC-1088,309,0
4cdf026c,ELEC-1019,19,0
5069fb5d,ELEC-1051,197,0
788a3a5b,ELEC-1074,93,1
8715887a,ELEC-1015,382,0
70436566,ELEC-1070,356,0
b4c8c8d7,ELEC-1086,320,0
d956ccef,ELEC-1043,374,0
79320077,ELEC-1069,276,1
08811e4c,ELEC-1040,34,0
e7472016,ELEC-1072,309,1
90b8f9a5,ELEC-1057,272,0
cc29e048,ELEC-1094,189,1
df61fb7e,ELEC-1027,390,0
e40f7de2,ELEC-1049,29,0
098a3093,ELEC-1093,351,0
5e153a06,ELEC-1059,171,0
639d9ccf,ELEC-1026,289,0
3bfbca84,ELEC-1029,100,2
fbdeea71,ELEC-1079,112,0
f8590f03,ELEC-1091,314,0
06b4cdb4,ELEC-1078,234,0
37bb522c,ELEC-1079,156,0
7945d8d3,ELEC-1082,280,1
e6dba47b,ELEC-1045,326,0
0390dc87,ELEC-1054,235,0
1c82812e,ELEC-1096,184,0
edaaa309,ELEC-1082,30,1
3dedf6a9,ELEC-1028,136,0
6d3000e3,ELEC-1088,135,0
465ae592,ELEC-1065,200,2
5c1c0a69,ELEC-1047,195,0
dbb82e39,ELEC-1072,36,1
20a546f5,ELEC-1062,261,0
3a1f7557,ELEC-1006,358,0
f1b67f49,ELEC-1062,71,0
28bcb6ac,ELEC-1041,57,0
d685e0f9,ELEC-1007,228,0
cbb11e4b,ELEC-1094,178,1
ebfc492f,ELEC-1095,335,0
364085a8,ELEC-1095,153,0
b2c2bbda,ELEC-1092,264,0
90ffd3ce,ELEC-1032,183,0
287a3f92,ELEC-1074,25,0
6bb11a32,ELEC-1060,387,0
3af1d9c4,ELEC-1036,128,2
18acb70e,ELEC-1068,349,0
afceecbd,ELEC-1085,77,0
2d165484,ELEC-1056,259,0
b2303d1a,ELEC-1071,180,0
04e6a6de,ELEC-1018,131,0
c72c8d8c,ELEC-1078,334,0
76b1be54,ELEC-1098,374,0
65990b93,ELEC-1011,150,0
04703f95,ELEC-1042,294,1
29dd733b,ELEC-1050,340,1
25f85537,ELEC-1054,124,0
689d50c4,ELEC-1080,379,0
3b8ca0d4,ELEC-1034,133,0
dce64ea1,ELEC-1060,20,0
e143dc5d,ELEC-1013,39,0
5e32ca82,ELEC-1093,240,0
ec69ea96,ELEC-1097,388,1
1603596b,ELEC-1013,109,0
e42cfab8,ELEC-1087,322,0
f4902119,ELEC-1063,232,1
8285b3ab,ELEC-1027,265,1
f323314f,ELEC-1016,164,0
c69b89d6,ELEC-1089,270,2
1dbb242e,ELEC-1041,56,2
60213c04,ELEC-1073,306,0
2c02ffe7,ELEC-1077,225,0
4401b76b,ELEC-1053,108,0
3c043426,ELEC-1052,214,0
38340eb5,ELEC-1039,91,0
31749782,ELEC-1030,202,0
4b05681e,ELEC-1036,44,0
154d89d0,ELEC-1071,14,0
e9522f1d,ELEC-1034,136,0
d9791a1c,ELEC-1083,267,0
81372d4f,ELEC-1024,334,2
ae50f59b,ELEC-1010,194,0
f2f7a891,ELEC-1019,236,1
a9b0dd49,ELEC-1040,319,0
33e01dc9,ELEC-1036,193,1
81bc6761,ELEC-1050,200,0
ca8b7e69,ELEC-1063,206,2
138ce683,ELEC-1052,287,0
c6f01658,ELEC-1029,264,0
18847541,ELEC-1013,174,0
d3ec9cc3,ELEC-1008,28,0
68c0b8b9,ELEC-1031,71,0
3f4f4ab0,ELEC-1045,216,2
41f125c9,ELEC-1092,175,0
ffd8e3f1,ELEC-1030,229,0
03badbc8,ELEC-1058,196,1
70091294,ELEC-1081,302,1
fe043868,ELEC-1099,139,2
83c13c86,ELEC-1044,96,1
8dddd0c3,ELEC-1046,331,0
e2281e97,ELEC-1058,19,0
aa1c9417,ELEC-1066,389,0
bf36e72d,ELEC-1036,101,0
40130239,ELEC-1088,129,0
b6b3f96b,ELEC-1095,234,1
8fb3c88a,ELEC-1066,392,0
089eea60,ELEC-1045,356,0
061fe391,ELEC-1082,274,0
53bbf764,ELEC-1040,303,0
e3b529b5,ELEC-1078,256,0
1aa678a0,ELEC-1045,261,0
38ff0fbc,ELEC-1040,18,0
500beedb,ELEC-1006,45,0
cea202e1,ELEC-1096,287,0
b0beca51,ELEC-1043,141,0
445fcf67,ELEC-1037,76,0
a5bb40a5,ELEC-1018,363,0
1b312c77,ELEC-1049,175,0
338c5dc7,ELEC-1052,261,1
38f55141,ELEC-1043,144,0
36570941,ELEC-1094,245,0
86336928,ELEC-1030,142,0
51147f9a,ELEC-1054,103,0
8cac5c44,ELEC-1086,319,0
c855c801,ELEC-1009,90,0
0e8770de,ELEC-1027,120,0
2425a6a9,ELEC-1089,282,2
c5510481,ELEC-1006,46,0
f2947009,ELEC-1019,332,0
bfba8fce,ELEC-1037,295,1
e661421e,ELEC-1034,195,0
a0cca96d,ELEC-1001,377,1
773250b8,ELEC-1057,29,2
558fe8b1,ELEC-1036,359,0
33f5c41f,ELEC-1063,103,0
d4465976,ELEC-1031,279,0
d9fc9c76,ELEC-1001,63,0
c32f8592,ELEC-1002,187,0
401ac628,ELEC-1039,234,0
3ec5cf12,ELEC-1078,142,0
80197b37,ELEC-1022,362,0
133977c2,ELEC-1004,194,0
0c8be0a9,ELEC-1068,382,0
57b8957d,ELEC-1047,221,1
8ca587f3,ELEC-1048,167,0
22cc0c13,ELEC-1032,288,0
fec31305,ELEC-1014,156,0
a42638ef,ELEC-1062,53,0
016624c0,ELEC-1051,262,0
de6aa9e1,ELEC-1096,192,0
5b8598ca,ELEC-1037,27,0
012c3a89,ELEC-1036,331,2
6ee8f655,ELEC-1051,377,0
f4efbf05,ELEC-1042,204,0
779e8a50,ELEC-1086,393,2
dd2c86f5,ELEC-1046,251,0
274a0e8a,ELEC-1061,368,2
629b6061,ELEC-1055,202,0
4717d380,ELEC-1094,345,0
59bf5321,ELEC-1057,313,1
af9deb06,ELEC-1063,242,0
d68e8f0b,ELEC-1015,279,0
556f0045,ELEC-1052,397,0
7add8590,ELEC-1000,196,0
4cdcdcdc,ELEC-1059,389,0
4a3efa5a,ELEC-1079,14,1
cba97b11,ELEC-1073,215,2
5ae7bf84,ELEC-1029,367,1
8e25bdb7,ELEC-1098,375,0
92f1e5e7,ELEC-1057,103,0
e8358408,ELEC-1053,193,0
0b374972,ELEC-1092,306,0
c83c9489,ELEC-1060,306,0
940b467a,ELEC-1037,186,0
ebcf4a8a,ELEC-1030,49,0
0b530888,ELEC-1022,189,0
34cb5916,ELEC-1096,354,0
0126e0a8,ELEC-1035,300,2
c9ea6b94,ELEC-1006,370,0
f2d0c80f,ELEC-1099,10,2
76fc22b7,ELEC-1029,38,0
d953cd2d,ELEC-1079,280,0
ec31b463,ELEC-1010,165,0
2eedbc30,ELEC-1049,237,0
1be1d326,ELEC-1012,244,2
dc606ee2,ELEC-1057,373,0
45fe20ae,ELEC-1090,289,2
6b133c5d,ELEC-1064,311,0
25bf3c13,ELEC-1042,155,0
8f49b630,ELEC-1054,184,2
d7d936ad,ELEC-1087,345,0
6fdf7ba3,ELEC-1047,394,1
dd0e1b73,ELEC-1047,109,0
9f1e5b03,ELEC-1009,30,2
a461e81e,ELEC-1079,191,0
55753b62,ELEC-1093,388,0
868b82fd,ELEC-1008,270,0
8e45d07a,ELEC-1040,283,0
514d40a7,ELEC-1067,227,0
a4ebcf42,ELEC-1074,11,2
14a6580e,ELEC-1005,354,0
1ff613ea,ELEC-1077,352,0
f44aeab2,ELEC-1086,364,0
f9941214,ELEC-1005,112,0
9d8e8297,ELEC-1076,238,0
6c47ddef,ELEC-1070,332,0
ede23a81,ELEC-1042,59,0
ec47bdd4,ELEC-1074,119,1
7e504aa5,ELEC-1011,396,0
797fab8a,ELEC-1067,196,0
17813545,ELEC-1092,42,0
34ed7f25,ELEC-1000,274,0
90d1182c,ELEC-1003,377,0
489661ca,ELEC-1088,234,0
a0fe0ae1,ELEC-1096,343,0
505e406b,ELEC-1096,226,0
41cf2247,ELEC-1082,36,0
3bb0d889,ELEC-1072,351,0
f4f58e6d,ELEC-1074,74,0
f34faf36,ELEC-1014,193,0
2acb5d3e,ELEC-1083,78,0
f07f984c,ELEC-1009,21,0
8fe5a027,ELEC-1097,236,0
bad9ca06,ELEC-1064,321,0
1b3b289d,ELEC-1044,109,0
edffafbd,ELEC-1031,334,0
5426ca6f,ELEC-1032,273,0
48649f7b,ELEC-1049,177,0
1734b7e3,ELEC-1043,257,0
3e1b1e6f,ELEC-1065,232,2
ba383b63,ELEC-1034,43,0
7437e2f8,ELEC-1020,119,0
03c2087f,ELEC-1007,130,0
918dba48,ELEC-1041,182,2
9e35b047,ELEC-1095,365,0
34f38138,ELEC-1019,13,0
f0bea355,ELEC-1028,33,1
b0c42d18,ELEC-1070,363,0
cd8817f6,ELEC-1055,98,1
da8590e9,ELEC-1017,142,0
5fe1e38b,ELEC-1009,320,2
a2ad4479,ELEC-1090,38,1
5ec35275,ELEC-1077,240,0
1832c41f,ELEC-1029,174,0
1ce7bde2,ELEC-1050,99,1
af0a945c,ELEC-1038,201,0
a59110fa,ELEC-1079,358,0
15f3b34b,ELEC-1045,242,0
15abd25b,ELEC-1028,176,0
28373e1b,ELEC-1058,11,0
1d876e2e,ELEC-1012,142,0
56193008,ELEC-1090,313,0
e2192582,ELEC-1028,169,0
e3a364ec,ELEC-1045,269,0
24f6267f,ELEC-1090,337,2
1001f8a8,ELEC-1034,300,1
015a8916,ELEC-1094,174,2
9be5eb3e,ELEC-1059,358,0
45f1e844,ELEC-1010,252,2
e219fa1e,ELEC-1063,187,2
a3d87b5d,ELEC-1038,248,0
0f68b5fc,ELEC-1013,257,1
c7a42381,ELEC-1014,58,1
1692c723,ELEC-1063,34,0
9a524e3d,ELEC-1044,129,0
c8230c86,ELEC-1035,217,0
5a7fe84d,ELEC-1027,360,0
c445e752,ELEC-1052,220,1
9976ffec,ELEC-1007,294,2
f679cb64,ELEC-1098,268,2
9db2a691,ELEC-1016,167,0
b9f35765,ELEC-1070,21,0
6d93bc0c,ELEC-1016,138,0
80a9b7f7,ELEC-1019,30,0
7ae5b920,ELEC-1050,88,0
d836e781,ELEC-1004,96,0
bba10ac7,ELEC-1069,376,0
5af723bb,ELEC-1097,155,0
c689b562,ELEC-1034,78,0
754961e6,ELEC-1079,342,0
d439b928,ELEC-1038,164,0
16469095,ELEC-1058,243,0
5a3a5f5f,ELEC-1069,193,0
a65acb53,ELEC-1059,48,0
1af75c30,ELEC-1027,310,0
4d919340,ELEC-1053,397,0
a6111de7,ELEC-1088,222,0
7095cefa,ELEC-1080,213,0
e1f8d1ab,ELEC-1096,304,0
c9ad904e,ELEC-1062,383,1
ce7e6ae6,ELEC-1052,52,0
11eb3181,ELEC-1075,183,0
d72f5136,ELEC-1096,399,0
6b3f8640,ELEC-1085,362,0
b61b2db3,ELEC-1034,369,2
f69e88a9,ELEC-1089,139,2
fd75004b,ELEC-1057,336,0
062ec95d,ELEC-1049,217,0
5f99a897,ELEC-1064,33,0
a9fd410b,ELEC-1087,206,0
39dbd64e,ELEC-1077,389,2
bc75ce22,ELEC-1068,136,0
874821d3,ELEC-1073,222,0
bfc15340,ELEC-1058,47,0
ca788007,ELEC-1025,38,0
15167d84,ELEC-1094,341,0
1115f503,ELEC-1058,48,2
f357bd1d,ELEC-1020,121,2
d7cd7d00,ELEC-1062,15,0
e0804c31,ELEC-1046,207,0
6a029f83,ELEC-1045,151,0
4d6b9c43,ELEC-1065,48,0
43d00958,ELEC-1083,157,0
cd8344e0,ELEC-1078,123,0
576e9254,ELEC-1057,386,0
30676ecd,ELEC-1095,137,0
a385a8b6,ELEC-1016,75,0
d9559153,ELEC-1092,251,0
60bc12a3,ELEC-1009,384,0
91dcff57,ELEC-1038,355,0
11c6903b,ELEC-1009,91,0
5b06594b,ELEC-1044,175,0
85643711,ELEC-1027,266,0
e15eef83,ELEC-1037,365,0
504f277f,ELEC-1059,98,0
f7a23710,ELEC-1044,32,1
f7020125,ELEC-1038,67,2
7e94e7b1,ELEC-1045,169,0
d3e80b43,ELEC-1010,66,0
a7c242b9,ELEC-1073,196,0
9195b747,ELEC-1027,295,0
fb82d266,ELEC-1005,382,0
4104f48e,ELEC-1036,252,2
184bf6d1,ELEC-1098,70,2
42969aa4,ELEC-1095,395,0
96227044,ELEC-1004,124,0
4cbfafe2,ELEC-1039,362,0
ee6f31d0,ELEC-1083,63,0
c99c9b11,ELEC-1057,235,0
3f5a3b1c,ELEC-1024,106,0
68f42a69,ELEC-1008,115,1
7cc06d0b,ELEC-1022,218,0
e10f3bd0,ELEC-1081,342,0
1b2f2bea,ELEC-1018,124,0
968b405b,ELEC-1094,264,1
c6fae8e7,ELEC-1005,46,0
5b7a7976,ELEC-1029,38,0
c0296ded,ELEC-1094,222,1
f68a16f2,ELEC-1083,201,0
393f420e,ELEC-1099,132,0
abbb5e79,ELEC-1053,269,0
6573c413,ELEC-1086,278,0
7b063d66,ELEC-1062,98,2
01055bdf,ELEC-1064,21,0
b0a2d63f,ELEC-1046,145,0
10f3f05e,ELEC-1002,146,0
a2b11985,ELEC-1045,175,2
36840a13,ELEC-1038,320,0
f29d7b6d,ELEC-1068,133,1
8bb0ed54,ELEC-1086,332,1
195a9c74,ELEC-1016,136,1
0259aacc,ELEC-1084,236,1
1eac33f2,ELEC-1006,54,1
93e15f7b,ELEC-1095,252,0
609184d9,ELEC-1044,302,0
cc5ecf1f,ELEC-1052,102,0
dfcd035f,ELEC-1006,213,0
9e85b61b,ELEC-1089,202,2
7ee11096,ELEC-1021,90,0
62d1aa68,ELEC-1088,351,0
d77ca9e6,ELEC-1085,376,2
66950e7c,ELEC-1044,185,0
a74238a3,ELEC-1091,213,0
6ce0e1ec,ELEC-1074,15,0
a00b5cd2,ELEC-1061,282,0
6d91bd06,ELEC-1098,260,1
2fc5eb36,ELEC-1090,81,0
cdfaec85,ELEC-1082,268,1
0a5774b6,ELEC-1063,316,0
37ee3270,ELEC-1076,61,0
3f9be666,ELEC-1004,15,0
6b9b2e22,ELEC-1015,245,2
19c9f0e3,ELEC-1035,225,0
3dbdee3c,ELEC-1087,172,1
6339d147,ELEC-1083,266,0
73952489,ELEC-1016,183,0
319ee1fc,ELEC-1090,264,0
974d0c07,ELEC-1077,10,0
b6b37625,ELEC-1041,35,0
b4b21b14,ELEC-1087,244,0
3fb93d66,ELEC-1053,380,2
da95e8ab,ELEC-1029,376,0
4861131f,ELEC-1009,193,1
d1005891,ELEC-1063,100,0
d517e58e,ELEC-1044,108,1
f618b766,ELEC-1013,186,0
36f0b488,ELEC-1082,270,2
c99e2254,ELEC-1055,144,0
74cf39d8,ELEC-1048,59,0
d83c1766,ELEC-1056,117,0
e6f2db90,ELEC-1085,189,0
bedecb4a,ELEC-1055,75,0
8a3c2583,ELEC-1099,314,0
f2363a6f,ELEC-1013,232,0
f2fc4fe1,ELEC-1081,127,0
f811d39a,ELEC-1025,10,0
2d6a2b30,ELEC-1035,95,0
68b60c74,ELEC-1027,212,0
a3561129,ELEC-1044,230,1
2ee8de27,ELEC-1031,393,0
42d11ed5,ELEC-1014,397,1
f7d6fba8,ELEC-1095,64,0
138c27a7,ELEC-1057,356,0
c0ab9c61,ELEC-1043,324,0
a41db22c,ELEC-1079,111,0
dff8c210,ELEC-1091,187,0
20d7e35a,ELEC-1032,92,0
f29fd857,ELEC-1067,384,1
af5789ef,ELEC-1016,125,2
e3a6038d,ELEC-1075,219,2
3ea927a7,ELEC-1022,260,0
1f7dd37a,ELEC-1041,160,0
7c5d70a9,ELEC-1040,292,0
4660645e,ELEC-1011,332,0
92e4a972,ELEC-1080,102,2
d29baaa1,ELEC-1011,141,2
ff1bcd8d,ELEC-1076,198,1
b8882508,ELEC-1028,353,1
434b7739,ELEC-1031,373,0
f8f4dd78,ELEC-1016,222,0
ce856449,ELEC-1090,378,0
f6defcd7,ELEC-1059,39,0
dd7b2a89,ELEC-1060,159,2
3fb90b56,ELEC-1074,329,2
f5328044,ELEC-1027,174,0
6a6df31b,ELEC-1037,330,0
096839e0,ELEC-1064,113,0
443ca873,ELEC-1086,48,2
9c525fdb,ELEC-1041,19,0
b2afa8a9,ELEC-1044,283,0
9d186fa2,ELEC-1044,368,0
6ae3d291,ELEC-1063,41,0
b2322d6e,ELEC-1072,187,0
c0bfaee7,ELEC-1058,152,0
b8f598f3,ELEC-1074,300,0
5a488424,ELEC-1016,343,0
2c45959e,ELEC-1077,61,2
2324dac2,ELEC-1078,338,0
5b458d9c,ELEC-1041,47,1
31a9ade4,ELEC-1072,366,0
be5bca57,ELEC-1012,120,0
12249e7f,ELEC-1057,199,0
a8e54c3b,ELEC-1037,293,0
a8aa2211,ELEC-1011,55,0
b99c2524,ELEC-1004,394,1
557e7b7f,ELEC-1047,393,0
9e685c64,ELEC-1073,130,0
11aaa627,ELEC-1007,289,0
4455fc3c,ELEC-1081,260,0
ea5f2ce7,ELEC-1019,181,0
db99db91,ELEC-1017,378,1
8f7c7043,ELEC-1070,274,1
0baa8710,ELEC-1050,44,0
2a1dac9b,ELEC-1082,130,0
69612e65,ELEC-1029,10,2
14c51493,ELEC-1049,395,0
b42d3b48,ELEC-1034,198,0
3d12098d,ELEC-1001,127,0
b9a95af0,ELEC-1016,41,1
aa3f2f54,ELEC-1053,51,2
6f22b49b,ELEC-1084,127,0
a054399e,ELEC-1077,277,0
dc52eb15,ELEC-1060,316,0
940f29e3,ELEC-1069,337,2
8ec55b5d,ELEC-1084,30,0
d7fb6eff,ELEC-1016,288,0
3d47757e,ELEC-1002,269,1
11e7e765,ELEC-1038,182,1
dd350ce7,ELEC-1026,65,0
db70bddd,ELEC-1042,272,0
1af59f39,ELEC-1049,141,0
055bfcee,ELEC-1022,364,0
1cfa97da,ELEC-1099,159,2
58b25f9f,ELEC-1017,106,0
772bea6a,ELEC-1018,375,0
cc96c091,ELEC-1002,335,0
fe29c72a,ELEC-1047,341,0
646a0837,ELEC-1095,307,0
b699d327,ELEC-1062,276,1
8f48d55e,ELEC-1052,397,0
42ce0e95,ELEC-1034,203,0
68605b21,ELEC-1082,66,0
2260e960,ELEC-1067,295,0
4fc6352f,ELEC-1067,119,0
e900193d,ELEC-1027,374,0
f9a2d5fd,ELEC-1005,281,0
6ec55131,ELEC-1015,254,0
a4088015,ELEC-1049,319,0
b0f4c230,ELEC-1005,21,1
0d56614d,ELEC-1063,185,0
a7f93123,ELEC-1028,109,0
3a7ae0a0,ELEC-1064,56,0
b6865c98,ELEC-1048,136,0
373bfda7,ELEC-1038,215,0
62f21ec6,ELEC-1090,210,0
0ceeb61b,ELEC-1078,328,0
397f85af,ELEC-1049,75,0
c36c6695,ELEC-1088,274,2
c3a13e94,ELEC-1039,397,0
3679f36b,ELEC-1019,45,0
69ba74ba,ELEC-1011,149,0
4526e226,ELEC-1086,286,0
785832bb,ELEC-1090,349,0
746c7694,ELEC-1060,325,0
6349e616,ELEC-1006,41,0
3ffb40ab,ELEC-1060,181,2
a06bcacb,ELEC-1086,236,0
7a7352a9,ELEC-1055,193,0
baba54c0,ELEC-1059,321,0
47bd1491,ELEC-1061,89,0
d92c2db5,ELEC-1018,136,0
79a49895,ELEC-1010,72,1
406829c1,ELEC-1086,13,0
c0de19db,ELEC-1002,174,0
1be780be,ELEC-1074,204,1
d240df18,ELEC-1038,380,0
368ecc14,ELEC-1057,388,2
5a6403e3,ELEC-1015,295,0
d515966c,ELEC-1097,325,0
54e361ee,ELEC-1092,269,0
6cb6f4e5,ELEC-1014,260,0
93ce2135,ELEC-1018,134,0
944fca5e,ELEC-1042,363,1
607a6a29,ELEC-1021,162,0
9cb06fba,ELEC-1097,95,0
aff50cad,ELEC-1002,243,0
b0d66627,ELEC-1083,128,2
a608f6c9,ELEC-1058,339,0
85ea4837,ELEC-1003,210,0
4c9d7561,ELEC-1063,187,0
9516cddb,ELEC-1097,68,0
73889d8c,ELEC-1053,149,0
b1fb5514,ELEC-1043,95,0
e7cc76ea,ELEC-1091,155,2
3a5f900a,ELEC-1035,260,0
48cdb483,ELEC-1041,399,0
7a6aa6ec,ELEC-1000,210,0
87af9661,ELEC-1052,368,0
c014bfd3,ELEC-1038,226,0
d9df188a,ELEC-1035,303,2
9b038015,ELEC-1018,251,0
698cc0c7,ELEC-1018,334,1
59d766dd,ELEC-1036,253,0
a3ea3a45,ELEC-1078,37,0
2bbd10a7,ELEC-1075,187,0
e8432d52,ELEC-1043,111,0
2c5bcbd2,ELEC-1014,19,0
d72807b1,ELEC-1049,388,0
4612b53f,ELEC-1079,163,1
3bee0a8b,ELEC-1096,41,1
9c9c4d6e,ELEC-1003,177,0
d68e6810,ELEC-1083,382,0
bda25d20,ELEC-1008,79,0
a8465ff1,ELEC-1014,25,0
1dfae6ff,ELEC-1078,165,1
0ee678ab,ELEC-1034,30,0
fe74caeb,ELEC-1097,196,0
d7898bd6,ELEC-1078,351,0
a6a1ce94,ELEC-1036,237,0
b3a3d75f,ELEC-1070,231,0
642fe763,ELEC-1033,216,0
9fdab5f6,ELEC-1017,390,0
81d8b06a,ELEC-1084,76,0
eae7a580,ELEC-1048,135,0
dd6baf15,ELEC-1088,319,2
dead04ff,ELEC-1098,246,0
7ef9c675,ELEC-1083,331,0
bb09d78f,ELEC-1053,117,0
b651f867,ELEC-1044,282,0
6432c3da,ELEC-1019,340,0
f49a5b21,ELEC-1014,222,0
ebc2a76f,ELEC-1012,69,0
09b2145d,ELEC-1078,44,2
8d73c9cb,ELEC-1096,46,0
07e6a134,ELEC-1065,366,0
f5d11f73,ELEC-1047,96,0
165fe8a4,ELEC-1058,97,2
a3ef6437,ELEC-1092,122,0
e6655e74,ELEC-1013,268,0
7efe7e8b,ELEC-1016,115,0
d4d6619f,ELEC-1072,40,0
1eddddef,ELEC-1007,306,0
155674f3,ELEC-1057,85,0
d260e1c0,ELEC-1066,181,1
138948de,ELEC-1049,55,0
17cc7323,ELEC-1019,356,0
be3ca2fe,ELEC-1009,246,1
2023fc28,ELEC-1000,348,0
a293f89d,ELEC-1001,376,1
30c4e262,ELEC-1024,88,2
02337038,ELEC-1043,89,0
c9b3754b,ELEC-1000,67,0
665c8e09,ELEC-1065,141,0
1900ed5e,ELEC-1055,259,0
9f889df8,ELEC-1096,379,0
071c0884,ELEC-1050,231,2
ec0c4f79,ELEC-1034,338,0
85e85943,ELEC-1064,285,0
028c9342,ELEC-1004,304,0
60b0d492,ELEC-1015,99,0
cf67ab98,ELEC-1074,207,2
2f28f7fb,ELEC-1007,168,0
ec3dd299,ELEC-1051,180,0
4ccc0b1e,ELEC-1026,137,0
32a9728d,ELEC-1099,31,0
2633e520,ELEC-1051,113,0
e0e6ce5f,ELEC-1025,181,0
1723a554,ELEC-1048,45,1
b0cdebe7,ELEC-1054,170,0
11cfffd0,ELEC-1019,147,0
519442b2,ELEC-1056,241,0
c733fb52,ELEC-1099,313,0
a8deaf59,ELEC-1058,133,0
0e99183b,ELEC-1073,122,1
7e63a10a,ELEC-1026,390,0
2474e2d8,ELEC-1095,32,0
6063cc04,ELEC-1047,183,0
7133b2ae,ELEC-1086,328,0
a23e581f,ELEC-1057,101,0
e9b30839,ELEC-1005,364,1
f5ba7d6a,ELEC-1078,221,1
3313797a,ELEC-1042,17,0
5fb3e576,ELEC-1026,61,0
e32dc94e,ELEC-1036,56,0
0b9846bb,ELEC-1000,23,0
04b7c50f,ELEC-1049,362,0
1670033a,ELEC-1070,318,0
4ed30abd,ELEC-1091,47,0
6f05c0c4,ELEC-1021,277,0
62e41c3d,ELEC-1022,392,0
ab21cb7b,ELEC-1008,370,0
da39a58b,ELEC-1044,149,0
509b2387,ELEC-1075,393,0
cf56b392,ELEC-1037,100,0
1d22d876,ELEC-1050,293,0
2057814f,ELEC-1007,215,1
adc03502,ELEC-1095,351,0
0fb8528e,ELEC-1063,291,2
454789fa,ELEC-1067,353,0
b9ff2c94,ELEC-1025,317,1
73dd2123,ELEC-1039,235,2
77a7e65c,ELEC-1032,160,0
627210e1,ELEC-1000,297,0
7ce50fd5,ELEC-1082,351,0
a454d2ff,ELEC-1038,237,0
47817399,ELEC-1089,292,1
78a20377,ELEC-1027,105,0
68a692fb,ELEC-1092,192,0
e90a36c5,ELEC-1001,373,0
80627b6c,ELEC-1066,132,0
fee36ffb,ELEC-1076,50,0
25c1d458,ELEC-1010,217,0
ef454d8c,ELEC-1032,298,2
5285120e,ELEC-1089,130,0
6383b082,ELEC-1024,85,1
2eadb54f,ELEC-1026,273,0
407f8a32,ELEC-1058,113,0
6fee77ee,ELEC-1072,67,0
a579f12f,ELEC-1086,65,0
60619c75,ELEC-1069,61,1
5f07f690,ELEC-1055,288,0
ba77eaf8,ELEC-1056,336,0
dca85a21,ELEC-1020,292,0
c41e0154,ELEC-1051,236,2
c4608661,ELEC-1058,238,0
e6183c3a,ELEC-1086,358,0
5f1c2afd,ELEC-1058,374,1
1f642e63,ELEC-1016,252,1
837ec9da,ELEC-1004,44,0
f0430d98,ELEC-1096,287,0
05ad1246,ELEC-1064,62,0
07d12564,ELEC-1091,198,0
38ced277,ELEC-1098,20,0
500e8b0e,ELEC-1005,382,0
8b7edc4e,ELEC-1043,152,2
6c05b31b,ELEC-1067,228,0
bd313caa,ELEC-1088,80,0
d06588ea,ELEC-1062,149,2
faf7dbec,ELEC-1081,264,0
484c96cb,ELEC-1001,71,0
6e56f192,ELEC-1004,294,0
6fe88dbe,ELEC-1015,381,0
6c607dd8,ELEC-1026,369,0
affe034a,ELEC-1099,368,0
9a0ad223,ELEC-1011,181,0
09f63761,ELEC-1073,28,0
4f0986bc,ELEC-1024,291,0
1180dcda,ELEC-1073,92,0
6d7ecc5d,ELEC-1066,312,0
f29d81fd,ELEC-1098,300,0
962d4800,ELEC-1001,323,0
fff636eb,ELEC-1047,174,2
257417dd,ELEC-1046,31,0
b878efbc,ELEC-1032,248,0
1ed86990,ELEC-1093,285,0
7cee9306,ELEC-1048,218,0
5cf16cf8,ELEC-1049,251,0
344bf0c6,ELEC-1060,152,0
784aa51e,ELEC-1003,396,0
bb66a2fd,ELEC-1084,334,0
bf52020b,ELEC-1070,59,0
971c2849,ELEC-1056,140,0
d0a32ca2,ELEC-1029,73,0
ea062844,ELEC-1070,159,0
730c7f51,ELEC-1072,297,1
3d2401b3,ELEC-1089,363,0
c4fd7bdc,ELEC-1077,380,0
8f691b3b,ELEC-1038,134,0
43853bd5,ELEC-1042,128,0
12060667,ELEC-1079,189,0
f4a4050d,ELEC-1001,28,0
ec2bd4db,ELEC-1087,218,0
35581b54,ELEC-1062,166,0
c7bc6e3d,ELEC-1012,26,0
90694478,ELEC-1076,14,0
5e737e1b,ELEC-1032,63,0
fbcc5e3e,ELEC-1087,105,1
8583b503,ELEC-1001,82,0
712d191c,ELEC-1014,327,0
bf870979,ELEC-1067,21,1
589732c1,ELEC-1040,363,1
e944583f,ELEC-1012,137,0
b4afe975,ELEC-1019,18,0
768d9e1b,ELEC-1050,12,0
246dccdf,ELEC-1095,86,0
4db23769,ELEC-1081,353,1
6f7cb665,ELEC-1024,56,0
d6501bc7,ELEC-1090,282,0
220a67f6,ELEC-1065,87,0
c4c1fdac,ELEC-1057,256,0
3b46d982,ELEC-1007,126,0
6c36a2ae,ELEC-1043,110,1
6a815677,ELEC-1046,310,1
cf43fbaa,ELEC-1041,111,1
ea146548,ELEC-1011,113,0
80f0a8ce,ELEC-1021,192,0
9a64d028,ELEC-1061,70,0
5917cc93,ELEC-1047,84,0
3b584eaa,ELEC-1008,98,0
1fcb282f,ELEC-1066,131,0
b840aaaf,ELEC-1071,248,0
9594b06b,ELEC-1018,351,1
98da2049,ELEC-1028,371,0
849d8ce5,ELEC-1004,128,0
4508aa7a,ELEC-1072,246,0
acbbf4fe,ELEC-1069,244,0
5af0012d,ELEC-1076,364,0
5eb121ab,ELEC-1073,346,0
fc5682c2,ELEC-1020,106,0
e8ee7e36,ELEC-1035,93,2
e72e5cc0,ELEC-1014,252,0
314b1aac,ELEC-1002,156,0
632d6a89,ELEC-1031,382,0
36b91bd3,ELEC-1029,169,0
656b937e,ELEC-1062,21,0
849714ea,ELEC-1099,87,0
8a5f7b10,ELEC-1052,66,0
3721cb30,ELEC-1031,234,0
0610376a,ELEC-1044,218,0
7c979707,ELEC-1075,164,1
f470cdad,ELEC-1094,21,0
cf3b60f3,ELEC-1028,38,0
cd5925c2,ELEC-1082,13,1
3d381285,ELEC-1010,298,2
bff1cb8f,ELEC-1039,326,0
3a4f153c,ELEC-1056,349,0
44655cdb,ELEC-1046,121,0
ceb6c766,ELEC-1033,168,0
5ceda401,ELEC-1026,302,0
a9f2bc14,ELEC-1044,145,0
3ceaaf25,ELEC-1016,290,0
d12bd3a6,ELEC-1036,296,1
87772cca,ELEC-1059,367,0
2732eb25,ELEC-1082,115,0
f21785dc,ELEC-1010,135,0
3645d545,ELEC-1017,321,1
437e52a0,ELEC-1004,381,0
c5673c78,ELEC-1087,362,0
1b29dceb,ELEC-1067,222,0
5a1d5684,ELEC-1013,392,1
addf1b3b,ELEC-1000,21,0
f004d680,ELEC-1028,189,0
a0204aa4,ELEC-1032,53,0
51b98645,ELEC-1016,39,0
0130ec69,ELEC-1067,58,0
cf7f0858,ELEC-1071,307,0
2cd20ed2,ELEC-1007,166,0
a1fb7936,ELEC-1084,41,2
2679b533,ELEC-1025,222,0
b3f68a4e,ELEC-1048,323,0
39cfb9d2,ELEC-1046,109,0
645742cf,ELEC-1092,45,0
c3a74f40,ELEC-1037,198,0
dec03fdc,ELEC-1025,94,0
b4136ca4,ELEC-1002,38,0
53520b24,ELEC-1096,250,0
c8213bfd,ELEC-1030,186,0
7372ab0d,ELEC-1033,139,0
0462fec4,ELEC-1000,270,0
c3004403,ELEC-1072,372,0
e2d716f3,ELEC-1020,172,2
3d55b734,ELEC-1005,143,0
d1ed6a4f,ELEC-1061,377,0
a79a9655,ELEC-1030,222,0
b44bbaf7,ELEC-1065,34,0
208dff39,ELEC-1026,121,0
a7ccd6b8,ELEC-1007,351,0
d40c6be1,ELEC-1039,363,0
7142f676,ELEC-1074,32,0
0fa36fcf,ELEC-1068,281,1
8d3b302f,ELEC-1072,90,0
1f201b8c,ELEC-1065,332,1
86d84323,ELEC-1001,387,0
8851ebe5,ELEC-1049,382,0
ee0a51e9,ELEC-1063,319,0
4ba8c54e,ELEC-1069,17,0
9bc9e91d,ELEC-1062,169,0
297cfd30,ELEC-1029,319,0
7acd19d5,ELEC-1018,43,0
7aa72c1c,ELEC-1082,257,1
1186395f,ELEC-1099,36,0
d3872fd1,ELEC-1062,372,0
e3e427d7,ELEC-1024,357,0
2ae44f08,ELEC-1019,12,0
ee52436d,ELEC-1007,11,0
0faacd54,ELEC-1049,263,1
da0076e7,ELEC-1039,223,0
98ff85b3,ELEC-1008,206,0
beaea6ea,ELEC-1040,380,0
ea43ac61,ELEC-1039,373,0
3c93eed1,ELEC-1035,271,0
9d6af1fb,ELEC-1075,172,0
087d03b5,ELEC-1012,368,2
d09ba6d9,ELEC-1096,143,2
2f0aac6e,ELEC-1098,334,0
24518678,ELEC-1001,345,0
0c96a9af,ELEC-1023,357,0
b3879da0,ELEC-1082,345,0
43a389c1,ELEC-1004,117,0
80efbe60,ELEC-1074,203,0
7104ab10,ELEC-1065,388,0
4c44d3ee,ELEC-1086,149,1
20d621d5,ELEC-1088,98,0
7e609379,ELEC-1031,117,0
91f3395d,ELEC-1076,272,1
352bedbe,ELEC-1054,356,1
59545a2c,ELEC-1090,243,0
53f4ca22,ELEC-1089,160,0
064c779b,ELEC-1023,272,0
b923208f,ELEC-1027,249,0
31237120,ELEC-1017,104,0
b8396080,ELEC-1079,152,0
278f9caf,ELEC-1013,311,1
ba6b73ed,ELEC-1025,316,0
ae22d6c9,ELEC-1032,55,0
dc38b022,ELEC-1018,374,0
aa2d8002,ELEC-1089,204,0
aa038a62,ELEC-1087,102,0
1dfbba16,ELEC-1047,306,0
2d22052d,ELEC-1002,228,1
a20a12c0,ELEC-1090,375,0
51f5b301,ELEC-1061,370,0
92b94d65,ELEC-1003,141,0
48ee269d,ELEC-1071,269,0
09dfce97,ELEC-1049,109,0
2af99997,ELEC-1008,253,0
f8be0424,ELEC-1019,51,0
a9b36fd2,ELEC-1023,259,2
7b33bec6,ELEC-1059,276,0
740f1246,ELEC-1059,318,0
cfdf3153,ELEC-1079,277,0
c318b020,ELEC-1084,164,1
326538fb,ELEC-1066,41,0
94bc0314,ELEC-1090,370,0
f4a32d53,ELEC-1064,210,2
219705bc,ELEC-1068,188,0
77905639,ELEC-1062,231,2
dc1b50a8,ELEC-1061,107,0
9d5a830d,ELEC-1010,174,0
f267c312,ELEC-1064,373,0
15163f3d,ELEC-1034,258,0
1f46a568,ELEC-1022,21,0
c6e3301e,ELEC-1099,259,2
9605fbd4,ELEC-1039,132,0
50b1064b,ELEC-1025,270,0
2ce1ad54,ELEC-1030,260,2
76d94cc9,ELEC-1087,17,1
3ec271ca,ELEC-1095,320,0
d1437f33,ELEC-1000,232,0
f8010ad3,ELEC-1076,317,0
da82be0f,ELEC-1002,29,0
dbbcc44b,ELEC-1018,123,0
f6b36443,ELEC-1011,345,0
1f510ea5,ELEC-1049,172,0
893608e0,ELEC-1062,92,1
898ef274,ELEC-1056,40,2
397b1595,ELEC-1086,145,0
41f591a8,ELEC-1020,154,0
3ef224cb,ELEC-1028,189,0
b5227c61,ELEC-1016,45,1
bf2e9547,ELEC-1031,288,0
527a2652,ELEC-1089,297,0
a2a9aaaa,ELEC-1028,114,0
e1afa2d1,ELEC-1008,141,0
5092a6ee,ELEC-1087,255,0
09e0c94f,ELEC-1054,399,0
1fcdfa33,ELEC-1026,173,0
0f9f8d1b,ELEC-1014,45,1
e266ace8,ELEC-1004,197,0
2079484b,ELEC-1003,44,0
3acf8caf,ELEC-1049,56,0
bb18b6bd,ELEC-1045,274,0
52cfd1fc,ELEC-1068,107,0
63924f3e,ELEC-1096,141,0
08189c61,ELEC-1026,93,0
86610f5e,ELEC-1020,43,0
fc85a2d4,ELEC-1022,333,0
2f9df3cb,ELEC-1098,294,0
b0dad50b,ELEC-1053,301,2
a8e25ce2,ELEC-1023,89,0
e3e28fb6,ELEC-1023,79,0
178e8115,ELEC-1083,129,0
95fd4047,ELEC-1013,33,1
f2c62b52,ELEC-1062,259,0
7a7481a6,ELEC-1057,33,0
ad18edcb,ELEC-1006,88,0
01dfa065,ELEC-1029,112,2
9a166eb8,ELEC-1085,233,0
1d52828f,ELEC-1085,19,2
358f6090,ELEC-1064,278,2
d9f38239,ELEC-1036,53,2
f6946798,ELEC-1047,380,0
426d6c55,ELEC-1054,268,0
88de04df,ELEC-1070,267,0
552a60c5,ELEC-1089,320,0
896853ae,ELEC-1067,149,0
97954594,ELEC-1064,170,0
f8863b25,ELEC-1037,14,0
36a0493d,ELEC-1094,95,0
d5924bf6,ELEC-1030,24,0
fb471d03,ELEC-1015,274,0
9ef77190,ELEC-1024,361,0
53812ebd,ELEC-1085,139,0
3a82be3e,ELEC-1013,263,0
2e8328e0,ELEC-1065,363,0
5f40034d,ELEC-1070,87,0
d34a88e1,ELEC-1001,42,0
864de617,ELEC-1072,85,0
f34bac38,ELEC-1016,99,0
80e62828,ELEC-1029,91,2
c5ca0cf6,ELEC-1037,365,0
cd5e539b,ELEC-1009,253,0
4b356bc7,ELEC-1001,382,0
80f881e4,ELEC-1023,348,1
ad88c63e,ELEC-1034,193,0
1b3b7d36,ELEC-1073,357,0
dc108582,ELEC-1050,124,0
4d45019b,ELEC-1027,312,0
caaf6928,ELEC-1090,150,1
595155f2,ELEC-1091,70,0
0106a726,ELEC-1015,247,0
9e0a1bfb,ELEC-1072,355,0
3c396956,ELEC-1080,303,1
75991e52,ELEC-1059,51,1
bb04601a,ELEC-1091,37,2
c3df594e,ELEC-1027,164,0
700c94d9,ELEC-1003,384,0
4df9a881,ELEC-1037,23,1
d344dfab,ELEC-1086,51,2
baca88d7,ELEC-1083,252,0
a7bf72e8,ELEC-1034,362,1
8d9b753d,ELEC-1069,343,0
c6014f11,ELEC-1085,283,0
d29bad49,ELEC-1043,365,2
3a595f69,ELEC-1010,150,1
94ff272e,ELEC-1012,251,0
6576cdef,ELEC-1029,84,0
e619ee0d,ELEC-1059,93,0
9cf01074,ELEC-1084,31,0
49107256,ELEC-1070,216,0
4d4339b4,ELEC-1095,192,1
3f55d771,ELEC-1040,161,0
8cf60502,ELEC-1038,269,0
1ea19ac5,ELEC-1020,206,0
e60d4ea3,ELEC-1056,219,0
ad8d27a8,ELEC-1078,253,0
80f4afe3,ELEC-1059,321,0
af773521,ELEC-1095,84,0
d7fb9bc0,ELEC-1062,26,0
70eb01be,ELEC-1003,79,2
b175c749,ELEC-1046,185,0
dbc2030a,ELEC-1029,327,0
ec6d8bd5,ELEC-1070,17,0
c66f19a1,ELEC-1021,12,0
c3a11538,ELEC-1032,49,0
fe492998,ELEC-1072,239,0
5a039b11,ELEC-1094,328,0
f22c0c83,ELEC-1027,330,0
13727883,ELEC-1093,229,0
8d6e7a19,ELEC-1075,74,0
aff4894f,ELEC-1095,341,0
74d77e7f,ELEC-1012,82,0
2368707f,ELEC-1080,94,0
fc8fb149,ELEC-1085,305,0
eb39c5ae,ELEC-1039,312,2
86bb5087,ELEC-1098,159,0
fd643f48,ELEC-1092,259,0
87bebe94,ELEC-1036,366,0
2413d363,ELEC-1053,95,0
6b4f9722,ELEC-1030,295,0
c6c6bac2,ELEC-1078,173,0
f41029a0,ELEC-1047,235,1
3093a58e,ELEC-1092,345,0
d4654e75,ELEC-1088,141,0
3110585c,ELEC-1079,46,0
dc7ceb99,ELEC-1030,347,0
bf225a18,ELEC-1012,184,0
aafb73f8,ELEC-1085,381,0
2b51fa25,ELEC-1017,207,0
8776c752,ELEC-1058,82,0
fe95323b,ELEC-1041,62,1
ef4d59e0,ELEC-1096,127,0
a48c2461,ELEC-1058,219,0
2daddf07,ELEC-1010,50,0
9805db7a,ELEC-1039,366,2
953261ff,ELEC-1078,352,0
d64c5557,ELEC-1036,220,0
e0367903,ELEC-1093,130,0
4c2f4bd3,ELEC-1047,367,2
20f25700,ELEC-1024,132,0
8ffbe073,ELEC-1093,104,0
8b170427,ELEC-1044,355,0
eed85c81,ELEC-1092,204,0
452d3666,ELEC-1089,62,0
275d48ad,ELEC-1021,203,0
0ef8bb79,ELEC-1087,333,0
b5e33dd8,ELEC-1077,252,0
69b108ab,ELEC-1096,210,0
66ed7efe,ELEC-1021,52,0
4918d376,ELEC-1067,86,0
7a915bd5,ELEC-1052,177,0
723482f1,ELEC-1080,152,0
53f7eb48,ELEC-1023,28,0
92879cb3,ELEC-1080,197,2
394197c9,ELEC-1065,169,0
c902d6f5,ELEC-1057,143,1
013383d7,ELEC-1034,153,0
b9d8dab6,ELEC-1011,239,0
8b9e648a,ELEC-1045,301,0
56c45887,ELEC-1087,277,0
c3b3b7b8,ELEC-1053,111,0
3ec086de,ELEC-1052,134,0
7a344ea5,ELEC-1044,102,1
88420815,ELEC-1018,22,0
bdc5f4d1,ELEC-1000,359,2
95b544e8,ELEC-1051,390,0
8ae821f0,ELEC-1002,39,2
bb3930db,ELEC-1086,242,2
5d0aaf6f,ELEC-1071,276,0
aaf4b595,ELEC-1091,302,0
a115b9e8,ELEC-1030,77,0
6654e59c,ELEC-1013,81,0
daf9d0c2,ELEC-1092,397,0
5747d88c,ELEC-1008,211,0
0527210e,ELEC-1048,104,1
fd479745,ELEC-1012,88,0
662ab07b,ELEC-1056,114,0
a446241e,ELEC-1002,193,0
8a477b68,ELEC-1056,181,0
65ea800e,ELEC-1021,158,0
6774734f,ELEC-1070,167,1
5b0c6a8b,ELEC-1026,77,0
91591d02,ELEC-1032,251,0
76df9441,ELEC-1035,54,2
65fe21f4,ELEC-1033,165,2
0e6b2e21,ELEC-1029,94,2
d7408d69,ELEC-1039,367,0
dc35f1b7,ELEC-1051,260,0
1e1fc574,ELEC-1086,82,0
07dd8e41,ELEC-1077,272,0
ee382a2c,ELEC-1037,37,0
42010ad6,ELEC-1098,338,0
96a4f098,ELEC-1024,255,0
1a94e3e9,ELEC-1062,229,0
3541e2f8,ELEC-1032,97,0
2cdb2184,ELEC-1022,360,0
f2addf57,ELEC-1092,69,0
0302423e,ELEC-1091,377,0
13c6ec64,ELEC-1097,43,0
259ab16d,ELEC-1095,245,0
6e5db0c5,ELEC-1020,385,2
6b09ea9a,ELEC-1035,88,0
0e8a0a6f,ELEC-1068,260,1
954c2420,ELEC-1063,114,0
01be9585,ELEC-1082,30,0
4b6ca32b,ELEC-1013,206,0
bdf7a13c,ELEC-1021,240,0
52c3dbb5,ELEC-1009,333,0
1643585c,ELEC-1044,263,0
49b7e59a,ELEC-1055,285,0
9b267e11,ELEC-1097,291,1
787184b9,ELEC-1034,104,0
52d04f24,ELEC-1068,204,0
e75895da,ELEC-1095,97,0
2dd99952,ELEC-1096,321,0
9e58a435,ELEC-1004,384,0
7ff43fa7,ELEC-1043,39,1
680f9ecd,ELEC-1021,186,1
b15e16ba,ELEC-1055,242,1
1a5f29fb,ELEC-1027,255,0
8e5f6922,ELEC-1084,382,0
ae2c67bd,ELEC-1058,305,2
ee42e0b7,ELEC-1042,87,0
201e5016,ELEC-1013,319,0
69f6417d,ELEC-1058,265,0
d80558be,ELEC-1098,398,0
3fc281d6,ELEC-1044,129,0
21b2761c,ELEC-1018,392,0
1079e505,ELEC-1064,291,0
76b95d54,ELEC-1047,162,0
ad232a56,ELEC-1096,352,0
c52e1447,ELEC-1037,77,0
22904764,ELEC-1050,240,0
b54c89ec,ELEC-1016,398,0
0ae925bc,ELEC-1003,100,0
1b6bd19d,ELEC-1058,299,0
d22516bf,ELEC-1020,281,0
2ab73c51,ELEC-1074,329,0
f0a160a2,ELEC-1087,273,0
935be33b,ELEC-1024,300,0
121dee78,ELEC-1090,61,0
9b8bfe91,ELEC-1028,377,0
ba373af5,ELEC-1033,47,0
19805289,ELEC-1026,169,0
00f13d26,ELEC-1067,138,0
c4bdc3eb,ELEC-1075,148,1
9b38dfdc,ELEC-1053,54,2
438c865c,ELEC-1069,84,0
6de11d35,ELEC-1043,263,2
d8087753,ELEC-1019,217,1
a3607fd1,ELEC-1018,58,0
79d379aa,ELEC-1027,97,1
2745d105,ELEC-1055,140,0
cd7df492,ELEC-1076,305,0
72e8bbab,ELEC-1074,84,2
bb1b4e16,ELEC-1006,134,0
fdd4dc78,ELEC-1046,386,0
7ba72d1a,ELEC-1028,314,2
6385f2b4,ELEC-1088,234,0
bc1d5180,ELEC-1063,53,0
e0c3f505,ELEC-1061,235,2
aca6b02d,ELEC-1066,332,1
7c3c178b,ELEC-1052,374,0
432c8f39,ELEC-1005,216,0
35069aa4,ELEC-1026,256,0
1b8cebdd,ELEC-1016,160,0
66491f01,ELEC-1040,58,0
b64bf405,ELEC-1019,361,0
5bec0dab,ELEC-1073,216,0
dea63ede,ELEC-1078,378,0
40ba9cbd,ELEC-1079,180,0
8e04afa2,ELEC-1013,81,1
b2ddd3a8,ELEC-1074,354,0
3d62f1be,ELEC-1032,231,0
f4459591,ELEC-1047,42,0
bcdb3708,ELEC-1076,134,0
66a984bd,ELEC-1060,63,0
763fdc94,ELEC-1054,102,2
cc8970bf,ELEC-1033,218,0
f809e860,ELEC-1076,295,0
1e0d1281,ELEC-1056,285,0
0e4d504b,ELEC-1035,363,0
a5351551,ELEC-1029,108,0
20f44b71,ELEC-1030,220,1
a24689e8,ELEC-1074,347,0
574be3b5,ELEC-1020,399,0
6f677d4b,ELEC-1062,229,0
22dbfae0,ELEC-1082,155,0
66d193f0,ELEC-1034,161,0
df38acd9,ELEC-1044,373,0
a4aa3874,ELEC-1081,287,2
13462652,ELEC-1004,75,0
febdf023,ELEC-1085,294,0
bf33a157,ELEC-1025,283,0
60eb512c,ELEC-1020,240,2
026b0580,ELEC-1065,126,0
837aa066,ELEC-1093,21,0
0435183c,ELEC-1049,142,0
7d791b78,ELEC-1087,40,0
76b8df64,ELEC-1015,74,0
748cc843,ELEC-1089,354,0
0affe811,ELEC-1070,51,2
2897ab4b,ELEC-1042,51,0
c5ba9e80,ELEC-1010,163,0
fb51c162,ELEC-1018,176,0
ec956891,ELEC-1060,323,1
9f35090a,ELEC-1038,195,0
a2c65c58,ELEC-1016,290,0
c61e91ac,ELEC-1048,211,0
80b88c56,ELEC-1083,102,2
8902148b,ELEC-1096,42,2
5fc8c543,ELEC-1086,347,0
2acd7aa7,ELEC-1033,97,0
9c8cd8be,ELEC-1099,13,0
b2f5684e,ELEC-1059,254,0
89b62a63,ELEC-1055,154,0
b12fd757,ELEC-1005,353,0
7d52686f,ELEC-1073,335,0
91d7ec5a,ELEC-1089,253,0
46baeebb,ELEC-1002,195,2
839d66ad,ELEC-1099,138,1
3f8ae4f7,ELEC-1061,205,0
c8621ab1,ELEC-1019,166,1
2512223f,ELEC-1039,131,0
776048af,ELEC-1048,270,0
f33411d9,ELEC-1029,186,0
9bedfa4a,ELEC-1034,285,0
188e4f5a,ELEC-1030,68,0
63c38a2d,ELEC-1014,44,0
e884ee95,ELEC-1021,192,0
d62947cc,ELEC-1042,307,0
632c89a8,ELEC-1028,364,1
5b61df81,ELEC-1024,310,0
5ca727f4,ELEC-1090,381,0
02943854,ELEC-1066,336,0
e5d7865a,ELEC-1088,315,0
996e629c,ELEC-1045,147,0
0bfa8d75,ELEC-1069,341,0
0f21ff02,ELEC-1005,42,0
c1892a72,ELEC-1055,178,0
d45eccd7,ELEC-1072,243,0
71b9a3b6,ELEC-1010,130,2
8a0451ed,ELEC-1096,76,0
129aa711,ELEC-1031,317,0
3d953288,ELEC-1029,194,0
f505174e,ELEC-1067,142,0
c5d2e740,ELEC-1092,365,0
9636a7ee,ELEC-1024,383,1
03ab7837,ELEC-1023,347,0
4dbe33a3,ELEC-1096,153,0
9d7a1c0a,ELEC-1049,101,0
1e9e9c9c,ELEC-1098,190,1
07bee439,ELEC-1094,180,0
7b2baa97,ELEC-1049,141,0
4dc41cc0,ELEC-1082,135,0
7dff84a2,ELEC-1004,182,0
09029651,ELEC-1062,117,0
035a8995,ELEC-1003,118,0
c7fe5de9,ELEC-1034,198,0
2070e538,ELEC-1063,349,0
85be16b0,ELEC-1070,200,0
1a4023c3,ELEC-1080,177,0
0081ad13,ELEC-1023,165,0
199673de,ELEC-1016,179,1
4590101d,ELEC-1016,204,0
8b84e5cf,ELEC-1082,123,0
cf794029,ELEC-1035,246,0
c5d5c0fa,ELEC-1037,316,0
51c3eb0d,ELEC-1003,258,0
37204d02,ELEC-1025,357,2
b4630e91,ELEC-1051,290,1
31717a51,ELEC-1026,345,1
0642d031,ELEC-1078,287,0
9334cd54,ELEC-1029,372,1
5a4b15b5,ELEC-1086,312,0
dc35ff84,ELEC-1053,310,0
57236d61,ELEC-1068,72,2
aef78a44,ELEC-1039,143,0
8376a4bd,ELEC-1030,209,2
8c0d8fc4,ELEC-1090,101,0
ce6ce323,ELEC-1078,38,2
f4702b2a,ELEC-1076,189,0
a242c792,ELEC-1010,363,0
085fbb7a,ELEC-1059,345,0
7991ae56,ELEC-1065,144,1
d7cb02ba,ELEC-1040,27,0
c5a745d0,ELEC-1040,23,0
71364cb5,ELEC-1087,247,0
5f3c877a,ELEC-1009,258,0
94a5308e,ELEC-1020,35,0
7f32110c,ELEC-1051,197,0
685d6655,ELEC-1054,45,2
eef5d812,ELEC-1025,368,0
10d66033,ELEC-1095,16,0
afabfb26,ELEC-1034,131,2
1112a798,ELEC-1048,159,0
ed46cd15,ELEC-1034,317,0
c503ec36,ELEC-1054,13,2
37700ab4,ELEC-1081,222,0
56c574be,ELEC-1005,176,1
b58786bd,ELEC-1006,322,2
7e8095eb,ELEC-1060,59,2
203af5ce,ELEC-1000,192,0
baf6c664,ELEC-1067,316,0
30a80bb9,ELEC-1099,398,1
5fe8bd54,ELEC-1084,199,1
7d16a98a,ELEC-1035,392,2
a6debf7a,ELEC-1067,189,0
836f5ce2,ELEC-1079,389,0
344730f7,ELEC-1008,93,0
d372711b,ELEC-1010,78,0
94a8a023,ELEC-1021,333,0
c6f2fd71,ELEC-1018,206,0
49f4170a,ELEC-1079,358,0
738aee07,ELEC-1094,73,0
09378d3c,ELEC-1075,267,1
6c67d542,ELEC-1085,28,0
a1d8c5ae,ELEC-1079,84,0
b827694e,ELEC-1071,91,2
8c60c3c9,ELEC-1015,84,0
d0863f98,ELEC-1016,113,0
6486fee4,ELEC-1010,99,0
3e333343,ELEC-1076,381,0
c3fb04cd,ELEC-1020,180,2
1fec8eb1,ELEC-1056,91,0
1eb4dd60,ELEC-1029,382,0
fed032a8,ELEC-1058,18,0
3c200a1c,ELEC-1072,24,0
070ca3f4,ELEC-1034,159,0
7f23d268,ELEC-1098,384,0
ef2d8e11,ELEC-1009,86,0
0a32dea7,ELEC-1046,278,2
806ab811,ELEC-1084,40,2
461d7f5a,ELEC-1037,237,0
804f3432,ELEC-1031,242,0
353953ae,ELEC-1058,178,0
cf6ed9d0,ELEC-1097,70,0
1201e8a4,ELEC-1024,154,2
f062bbc9,ELEC-1011,288,0
c53910e5,ELEC-1066,111,0
2dbf3ff3,ELEC-1034,142,2
e1db6192,ELEC-1004,21,0
d61d34db,ELEC-1060,380,0
5f457f60,ELEC-1051,171,0
cd636f5b,ELEC-1003,121,0
ad154962,ELEC-1025,338,0
2cab7d8b,ELEC-1033,80,0
56c64b37,ELEC-1002,95,0
830785e3,ELEC-1045,129,1
b581d6ec,ELEC-1011,196,0
cfc3a562,ELEC-1056,373,0
e69324f5,ELEC-1028,350,1
c72c1663,ELEC-1055,101,0
c354434a,ELEC-1096,158,0
d494f549,ELEC-1065,130,0
004ee1ba,ELEC-1090,228,0
3e3659d9,ELEC-1019,30,0
bede722c,ELEC-1057,124,0
c2953ed3,ELEC-1028,345,1
ede8f12a,ELEC-1095,86,0
ae94ea5a,ELEC-1097,317,0
4a7eb0f8,ELEC-1068,242,0
cc26f456,ELEC-1006,111,0
66c2af69,ELEC-1031,325,0
df2f7a77,ELEC-1011,286,0
88dbf920,ELEC-1056,399,0
26789119,ELEC-1010,12,1
e06dd9e9,ELEC-1080,14,0
1f944484,ELEC-1023,72,0
93c8d7e2,ELEC-1058,181,0
ef57616e,ELEC-1029,344,0
d82c11f1,ELEC-1062,49,0
7db73500,ELEC-1013,19,0
3aa0a75a,ELEC-1088,45,0
aecae637,ELEC-1024,344,0
f12590d8,ELEC-1043,379,0
8e669c4f,ELEC-1070,155,0
cc256c48,ELEC-1009,321,0
e68cccaf,ELEC-1024,275,0
65959493,ELEC-1087,35,0
a54559a3,ELEC-1018,275,2
2b92a53e,ELEC-1081,271,0
fd264efb,ELEC-1077,305,1
0377461d,ELEC-1016,64,2
111e5195,ELEC-1014,265,0
8e139460,ELEC-1047,89,0
8020af9e,ELEC-1035,175,0
0d9b9869,ELEC-1048,225,0
7942435c,ELEC-1094,62,0
839ff618,ELEC-1016,179,0
017ec213,ELEC-1074,343,0
ef5b1b83,ELEC-1097,378,1
918b9771,ELEC-1054,118,2
bafa8992,ELEC-1049,50,0
ef905dd1,ELEC-1086,206,2
4dc7480c,ELEC-1043,205,0
07735e06,ELEC-1052,335,0
cfedd786,ELEC-1061,13,0
9c88b88c,ELEC-1049,80,0
813ef9d7,ELEC-1076,79,0
09bbbc52,ELEC-1010,294,0
cf9c4b6d,ELEC-1035,237,0
8ad79628,ELEC-1070,121,0
dbe56e5d,ELEC-1046,268,1
17260912,ELEC-1097,43,0
36438e78,ELEC-1070,237,0
6836e9a3,ELEC-1026,303,1
4d9060e7,ELEC-1012,101,2
05d49c98,ELEC-1091,370,0
7bfe0371,ELEC-1071,184,0
f35e8f6c,ELEC-1093,175,0
be202ddb,ELEC-1052,321,0
d4cf3c59,ELEC-1066,346,0
f5f2d908,ELEC-1051,171,0
98a663da,ELEC-1009,281,0
39e87847,ELEC-1035,126,0
db0e48e2,ELEC-1078,176,0
16893d88,ELEC-1010,154,0
230f1f2c,ELEC-1004,108,2
b2ce3af7,ELEC-1022,172,2
721c6a56,ELEC-1000,288,0
f6132679,ELEC-1060,89,0
39fa148b,ELEC-1076,372,0
fd681b27,ELEC-1044,377,0
9ee42ee0,ELEC-1063,373,0
22779ba1,ELEC-1068,125,0
46e5bd8a,ELEC-1070,13,0
487cad77,ELEC-1008,96,0
ea82364a,ELEC-1089,199,0
c0a5418c,ELEC-1087,24,0
e743c3e6,ELEC-1078,216,0
ae128f58,ELEC-1095,175,0
c276389b,ELEC-1080,363,0
22965420,ELEC-1038,191,2
e955b956,ELEC-1093,202,2
bbc75222,ELEC-1079,328,0
377fecee,ELEC-1072,45,0
85ed5562,ELEC-1096,267,0
379db982,ELEC-1086,108,0
602b9e7a,ELEC-1011,230,0
68740875,ELEC-1000,246,0
18ad73b7,ELEC-1038,335,1
12d75bf5,ELEC-1011,203,0
bb90f2da,ELEC-1043,283,0
49f3e83f,ELEC-1004,363,0
c34ba8da,ELEC-1040,57,0
4cbebf6a,ELEC-1087,333,0
0583fc3f,ELEC-1034,229,0
76d35bf2,ELEC-1066,134,0
cfe1c534,ELEC-1015,108,0
9ae86600,ELEC-1070,341,0
530a30a5,ELEC-1059,176,0
fde36deb,ELEC-1022,152,0
91a16a1a,ELEC-1048,282,0
868e4a2b,ELEC-1009,277,0
aba06c95,ELEC-1000,24,0
4a846113,ELEC-1061,311,0
1951fe00,ELEC-1072,144,0
1f4c8178,ELEC-1046,328,0
1e70ded5,ELEC-1033,361,0
60c78d0c,ELEC-1032,108,0
59acd458,ELEC-1032,54,0
4427a7e9,ELEC-1078,13,0
1abffdd5,ELEC-1049,226,0
163aa9df,ELEC-1024,113,1
79a73ec4,ELEC-1009,288,0
4cf3a179,ELEC-1056,179,1
5c122665,ELEC-1086,52,0
462d0233,ELEC-1094,83,0
878268d9,ELEC-1086,168,0
b6bcf01a,ELEC-1005,121,0
dd62364f,ELEC-1070,57,1
42709a20,ELEC-1049,142,0
bfce4deb,ELEC-1037,215,0
1ad2c411,ELEC-1021,95,1
fd7e7ab9,ELEC-1050,271,0
5868ed76,ELEC-1090,48,0
690a07f4,ELEC-1062,40,0
4fccdc46,ELEC-1042,70,1
2f0ba142,ELEC-1083,97,0
0e1817d6,ELEC-1072,45,0
3bdea94c,ELEC-1038,326,0
c63e2085,ELEC-1010,252,2
ed852d30,ELEC-1077,239,0
379f55f1,ELEC-1011,34,2
606256c6,ELEC-1009,253,0
42e905ad,ELEC-1004,281,0
c3514393,ELEC-1093,271,0
728c88f5,ELEC-1040,378,0
e98ec367,ELEC-1042,15,0
ecffc9d4,ELEC-1070,73,0
9865583d,ELEC-1062,46,0
ccaaf139,ELEC-1094,169,0
639b87d7,ELEC-1087,80,0
5b1e87ec,ELEC-1078,384,0
dd0a8f69,ELEC-1089,185,2
16ad2a6e,ELEC-1016,143,0
9e75fb9a,ELEC-1062,118,0
5d5807f7,ELEC-1017,332,0
905d2e5d,ELEC-1098,355,2
7568076d,ELEC-1098,16,0
5ce06fbd,ELEC-1058,190,1
7a017452,ELEC-1003,241,0
e6d33e47,ELEC-1038,306,2
e21f491a,ELEC-1044,128,0
5d06ec37,ELEC-1015,283,0
a25449da,ELEC-1065,160,0
7059c015,ELEC-1062,67,0
1fea9463,ELEC-1072,149,0
6120a7fc,ELEC-1017,58,0
c2fc016e,ELEC-1079,331,0
08d602ee,ELEC-1049,167,0
6c098332,ELEC-1068,292,1
215328f6,ELEC-1009,153,0
8742c21f,ELEC-1034,255,0
f6e3dac7,ELEC-1076,374,0
7d199a90,ELEC-1007,32,0
cf0c4a02,ELEC-1014,65,0
de02fa73,ELEC-1018,284,0
9ec24a92,ELEC-1000,98,0
3a4c164b,ELEC-1087,54,0
31474ec0,ELEC-1055,389,0
a33493b5,ELEC-1019,248,0
1a83c8dc,ELEC-1046,190,0
efa43ee3,ELEC-1094,19,0
8c4d7364,ELEC-1080,182,0
388b69de,ELEC-1027,91,0
f4ab6c77,ELEC-1002,174,0
bf4fdc10,ELEC-1043,247,0
5c63b9a2,ELEC-1020,305,0
4a99d685,ELEC-1018,118,0
87145d33,ELEC-1029,22,0
9f3d1b40,ELEC-1095,63,0
6ae70407,ELEC-1042,159,0
deb503c5,ELEC-1057,92,0
93817a9f,ELEC-1017,47,0
4b55b678,ELEC-1081,60,0
aac00cf1,ELEC-1037,223,1
082b4422,ELEC-1086,11,0
c8be3b75,ELEC-1067,309,0
8590d446,ELEC-1001,396,0
7699455b,ELEC-1071,48,0
bc7a6c07,ELEC-1031,308,2
dca8f286,ELEC-1064,139,2
f3f27867,ELEC-1039,182,0
69b8f11e,ELEC-1064,236,1
dc310b15,ELEC-1072,229,0
1d69a5cb,ELEC-1019,101,0
080c062e,ELEC-1026,288,0
c9c80dc7,ELEC-1078,148,0
560344b4,ELEC-1068,271,0
e9ab49c4,ELEC-1062,305,0
feb1b14c,ELEC-1090,69,0
f6d59a4d,ELEC-1019,46,0
88773519,ELEC-1083,215,2
6543acb9,ELEC-1007,127,0
b8c82cc0,ELEC-1034,185,0
c77e7d8f,ELEC-1064,395,0
d0c3f131,ELEC-1019,19,0
a526f5a2,ELEC-1001,143,0
97d38e76,ELEC-1027,48,1
afc504a4,ELEC-1062,231,0
47ef6143,ELEC-1001,85,1
06a4c60f,ELEC-1064,369,0
70647480,ELEC-1079,144,0
3b2cf572,ELEC-1074,35,0
e9e00a04,ELEC-1038,150,1
c0ae9853,ELEC-1012,279,0
1cac915a,ELEC-1055,39,0
84b79f6d,ELEC-1071,261,0
46dc8fcb,ELEC-1071,244,1
2342efe0,ELEC-1044,203,1
5137a2f4,ELEC-1074,209,0
15eb6057,ELEC-1046,129,2
ff827af8,ELEC-1093,19,0
23e83aaa,ELEC-1060,76,0
42cf611c,ELEC-1094,311,0
c6d8fe9d,ELEC-1069,218,0
bc48fbf7,ELEC-1034,347,2
92d0a47e,ELEC-1053,149,2
a1524c74,ELEC-1064,300,2
7d82c8d0,ELEC-1034,48,0
4b94684b,ELEC-1034,45,0
d7c12344,ELEC-1040,267,0
3d67fb8f,ELEC-1087,169,0
81e7a360,ELEC-1046,102,0
f84427e8,ELEC-1062,20,2
2601c17b,ELEC-1006,289,0
13625c49,ELEC-1038,371,0
98fa8a9a,ELEC-1061,190,0
f39f87f4,ELEC-1064,114,0
da1f49fa,ELEC-1027,30,1
c583699e,ELEC-1052,196,0
77fd8b59,ELEC-1056,388,2
60aeb0d0,ELEC-1082,137,2
6fa43e09,ELEC-1040,376,1
ba9648f8,ELEC-1088,41,0
366a80e9,ELEC-1005,73,0
e266006a,ELEC-1054,131,0
4c3d03cf,ELEC-1059,111,0
7f6c35cc,ELEC-1075,223,0
315ed299,ELEC-1054,187,0
3ddcc0d0,ELEC-1039,238,0
f0091f30,ELEC-1009,172,0
26431671,ELEC-1050,159,0
7f04e5ac,ELEC-1080,152,0
7ab9d16d,ELEC-1049,245,0
f3686313,ELEC-1006,149,0
f572ff31,ELEC-1021,174,0
23ef2bee,ELEC-1008,38,0
62ccf362,ELEC-1077,293,0
785b5ad3,ELEC-1099,172,0
8ca8f431,ELEC-1094,326,0
7ca8ae0c,ELEC-1066,87,0
7c2579e5,ELEC-1044,126,0
82a68ed7,ELEC-1090,40,0
eee36875,ELEC-1072,328,0
5677c6fb,ELEC-1031,120,0
1dd69b1d,ELEC-1048,340,0
0e31db1e,ELEC-1051,164,0
48861bf1,ELEC-1046,303,0
6d95b696,ELEC-1081,61,0
12a4c4b7,ELEC-1056,313,0
9debd505,ELEC-1049,372,0
8ccd86f8,ELEC-1044,144,0
9ada5feb,ELEC-1027,75,0
5f6852e9,ELEC-1038,374,0
9e9449e2,ELEC-1008,29,0
a9e0f929,ELEC-1013,181,0
5d343e24,ELEC-1092,268,2
32e06c2a,ELEC-1063,246,0
eb9bef9f,ELEC-1093,49,0
85477cd7,ELEC-1030,38,0
616dbb4f,ELEC-1020,322,2
ed5cee28,ELEC-1023,352,0
b15df516,ELEC-1017,360,0
a765dbb2,ELEC-1022,60,0
82df6136,ELEC-1074,45,0
0e2e3976,ELEC-1054,197,0
5513d45d,ELEC-1027,85,0
e1aa3ae0,ELEC-1063,283,2
f3f9adf3,ELEC-1006,181,0
e7d1a105,ELEC-1000,267,0
650128bc,ELEC-1022,143,0
0ee82a61,ELEC-1068,157,0
9608fdfd,ELEC-1080,204,0
63497b13,ELEC-1085,272,1
a47de24f,ELEC-1051,163,0
af56a932,ELEC-1071,204,2
297a0740,ELEC-1097,201,0
1699ba5d,ELEC-1036,200,2
91a9ba84,ELEC-1034,191,0
f1710bc5,ELEC-1014,294,0
4f197971,ELEC-1076,371,0
2f5ba85e,ELEC-1048,317,0
ba116048,ELEC-1052,250,0
bcce5343,ELEC-1071,185,0
8eeac6a0,ELEC-1093,98,2
709fc14f,ELEC-1029,350,0
266415ea,ELEC-1011,304,2
186ac5f0,ELEC-1076,34,0
a466a618,ELEC-1019,22,0
ad64152d,ELEC-1038,38,0
83d156c4,ELEC-1093,26,0
0d72c5db,ELEC-1002,216,0
4bc72f58,ELEC-1036,320,2
38d7f879,ELEC-1040,311,0
d118bb39,ELEC-1080,165,0
c51d272a,ELEC-1087,127,0
8f1f7ab9,ELEC-1025,283,1
bdf5aa4e,ELEC-1027,69,0
ae3f5cf5,ELEC-1061,286,0
337ab362,ELEC-1016,67,0
ff8f8e1b,ELEC-1003,394,0
dd903418,ELEC-1066,14,0
82ce6aa7,ELEC-1056,116,0
16fff315,ELEC-1064,388,0
3bcfc5c4,ELEC-1030,260,0
21d71402,ELEC-1049,130,1
2f0207a8,ELEC-1081,397,0
fcf70393,ELEC-1006,138,0
f8d6520b,ELEC-1099,297,2
5400072d,ELEC-1088,223,1
1572c899,ELEC-1011,24,0
385344c0,ELEC-1003,29,0
9d661701,ELEC-1046,102,0
0a43c327,ELEC-1070,232,0
02b47d11,ELEC-1067,314,2
caadef1c,ELEC-1072,81,0
8c4475f0,ELEC-1027,125,0
1460f2ea,ELEC-1083,186,0
bddc02fb,ELEC-1089,336,0
e6752670,ELEC-1023,128,0
7c51ea50,ELEC-1049,344,2
810ab28a,ELEC-1029,222,1
0ec72d66,ELEC-1065,188,2
19972cf8,ELEC-1004,230,0
efc07787,ELEC-1089,169,1
797ce749,ELEC-1020,283,0
b638179f,ELEC-1060,93,0
1b8a7cd2,ELEC-1040,164,0
ee847177,ELEC-1054,306,0
e52a7220,ELEC-1017,46,1
ea44be24,ELEC-1020,41,0
67786682,ELEC-1050,68,2
fc314ad7,ELEC-1020,218,0
57c858cc,ELEC-1047,259,0
60d2626b,ELEC-1098,265,0
b0f92aad,ELEC-1091,291,0
351930c7,ELEC-1018,383,0
26ba3ccc,ELEC-1070,147,0
46fa0541,ELEC-1062,351,1
740710d4,ELEC-1019,233,0
e283f1fd,ELEC-1041,322,0
a49fdda2,ELEC-1097,46,0
5f539c3a,ELEC-1095,291,0
6f65ad20,ELEC-1061,230,0
08d6c83b,ELEC-1028,282,0
066a67d1,ELEC-1077,312,0
8560ff9e,ELEC-1069,108,0
ac0bc0a7,ELEC-1014,380,0
4c4f1002,ELEC-1032,261,0
3281d95f,ELEC-1010,220,0
d45fdcc8,ELEC-1092,242,0
e8a0c2b0,ELEC-1000,49,2
8fd084ec,ELEC-1054,104,0
60b2b02c,ELEC-1094,52,2
f41462f3,ELEC-1045,389,0
cd15e83b,ELEC-1032,207,0
93482fa0,ELEC-1011,183,0
518ba997,ELEC-1032,87,2
557145fa,ELEC-1007,381,0
ef7a4bb2,ELEC-1096,272,0
fcf675a0,ELEC-1086,195,0
a219d06b,ELEC-1036,60,0
d5098efb,ELEC-1079,183,0
a046caeb,ELEC-1094,229,0
907c3c50,ELEC-1070,93,0
1876c9b4,ELEC-1034,302,1
4a8ee9e3,ELEC-1028,218,2
1f7d6bcc,ELEC-1029,26,0
e2de1b96,ELEC-1066,60,1
bcc4965b,ELEC-1071,333,0
200b0d30,ELEC-1083,181,0
5a09417a,ELEC-1068,277,0
37b6c5ce,ELEC-1091,180,0
52d0aff8,ELEC-1034,69,0
91a8b548,ELEC-1049,22,1
3f53d224,ELEC-1016,264,0
e8bd3569,ELEC-1061,189,0
336854c2,ELEC-1049,99,0
8d441d46,ELEC-1073,113,0
ada21ad1,ELEC-1021,291,0
85f2d133,ELEC-1070,31,0
a73bf71d,ELEC-1079,13,0
c8198696,ELEC-1013,386,0
459c85f6,ELEC-1088,57,1
573cdbba,ELEC-1090,398,0
ff5006fd,ELEC-1087,317,0
6715e444,ELEC-1011,201,0
bd32fba4,ELEC-1010,28,0
bf1b8973,ELEC-1000,367,0
031b2f26,ELEC-1085,322,0
3c5e0bd3,ELEC-1034,326,0
209cae57,ELEC-1030,331,0
bbf54586,ELEC-1042,207,1
39cbc69d,ELEC-1085,101,2
828873e9,ELEC-1063,330,1
779ce2e9,ELEC-1073,168,0
d147117d,ELEC-1042,366,0
2a3dc7e2,ELEC-1026,333,1
3f10ef1a,ELEC-1070,292,2
6f9e885b,ELEC-1038,174,1
ebbd75a5,ELEC-1086,360,0
52ba9b2d,ELEC-1096,210,0
93d6869a,ELEC-1008,312,0
18733ef5,ELEC-1093,60,2
0b87dc7c,ELEC-1008,153,0
a79754d7,ELEC-1060,115,0
9432b319,ELEC-1041,71,0
a40aab2d,ELEC-1092,150,0
928ea3f3,ELEC-1031,73,0
dd542bcc,ELEC-1046,209,0
fedf0fd0,ELEC-1022,179,2
c90380ae,ELEC-1009,369,0
94066f3a,ELEC-1028,31,0
3827cacf,ELEC-1007,18,0
0c26ed78,ELEC-1093,323,0
c54718fc,ELEC-1032,36,0
5571597f,ELEC-1051,88,0
fdaf22b6,ELEC-1049,21,2
b6c2105c,ELEC-1033,198,0
01a77693,ELEC-1039,303,0
d486a79a,ELEC-1058,369,2
16bc2047,ELEC-1021,207,0
2cb846e8,ELEC-1019,83,0
fdad0c1c,ELEC-1049,68,0
e49deee7,ELEC-1086,115,0
5148eb0e,ELEC-1065,374,1
0679939f,ELEC-1053,253,0
d6c09140,ELEC-1077,378,0
d1e34191,ELEC-1020,299,2
4d8a0bfc,ELEC-1015,31,0
f18b3578,ELEC-1006,121,1
a04972d7,ELEC-1092,308,1
9d055594,ELEC-1076,272,1
40e923d7,ELEC-1007,294,2
c3807aae,ELEC-1086,196,0
09c0a9ca,ELEC-1079,250,1
0c991e96,ELEC-1015,240,0
99963552,ELEC-1071,285,0
bf94fb8f,ELEC-1099,204,1
8c8c3987,ELEC-1080,391,0
61608392,ELEC-1087,122,0
13393c43,ELEC-1012,140,0
642b4d44,ELEC-1023,199,0
70452bb4,ELEC-1005,322,0
eb51eaa8,ELEC-1064,396,2
8c0aaf82,ELEC-1055,73,0
e5438816,ELEC-1080,138,0
dc7f41c9,ELEC-1090,78,0
e85115d4,ELEC-1072,19,0
ea160280,ELEC-1068,171,0
e1c56d42,ELEC-1095,143,0
117493b9,ELEC-1072,329,0
43f4a027,ELEC-1052,394,0
3cbb8ee9,ELEC-1021,173,0
1e4ffb69,ELEC-1044,283,1
ad3450af,ELEC-1086,373,0
3d764179,ELEC-1069,358,0
23a33f1e,ELEC-1089,19,0
2a999fcc,ELEC-1076,142,2
9303d5f1,ELEC-1034,239,0
2e109ade,ELEC-1013,55,0
91490892,ELEC-1047,222,2
3b51505f,ELEC-1090,219,0
63e51929,ELEC-1039,175,1
0af931af,ELEC-1021,168,0
30794433,ELEC-1046,119,0
976e15d2,ELEC-1047,157,0
dcf1dce3,ELEC-1045,215,0
64e0d56f,ELEC-1032,367,0
b7a03b55,ELEC-1065,372,0
b5594378,ELEC-1062,44,0
e084dd47,ELEC-1033,347,0
b66cc93d,ELEC-1014,295,0
a04d949f,ELEC-1052,360,0
2ead47e6,ELEC-1005,270,0
fa8beec0,ELEC-1024,212,0
dbfced8c,ELEC-1003,336,0
2bcb77ea,ELEC-1041,91,1
9fa69408,ELEC-1019,213,0
df5dbb95,ELEC-1015,75,1
673501fb,ELEC-1062,195,1
688fde50,ELEC-1077,358,1
d75a7218,ELEC-1062,152,0
7feee002,ELEC-1084,203,0
2207321f,ELEC-1024,371,0
0d74f36e,ELEC-1077,299,0
17efa097,ELEC-1026,358,0
99cae59f,ELEC-1020,180,1
c418e643,ELEC-1069,65,2
80daba5a,ELEC-1059,198,0
8fdf5035,ELEC-1078,167,1
8433d398,ELEC-1002,119,0
2d51d657,ELEC-1087,254,1
b8aadc11,ELEC-1017,296,0
961df081,ELEC-1024,334,0
12168fd9,ELEC-1079,241,0
3436994f,ELEC-1059,196,0
0814d861,ELEC-1085,72,0
e81feda0,ELEC-1039,351,0
4b9066da,ELEC-1056,55,2
613bbce8,ELEC-1066,284,0
7599998c,ELEC-1029,293,0
a37fdea6,ELEC-1093,291,0
b9077e5b,ELEC-1038,375,1
6efaaf12,ELEC-1040,164,0
71b0ac82,ELEC-1008,333,0
8be91636,ELEC-1091,249,2
85afcad6,ELEC-1074,157,0
df5a3dd2,ELEC-1072,329,1
1274709b,ELEC-1031,90,0
c94d0568,ELEC-1098,45,0
ad543330,ELEC-1069,237,0
cb69317f,ELEC-1050,297,2
9aa02621,ELEC-1019,272,0
389f4098,ELEC-1088,170,0
b4a0557f,ELEC-1077,30,0
7d4f76b4,ELEC-1033,394,0
bc457d13,ELEC-1006,346,0
6da3dd52,ELEC-1049,182,0
bc6b4cf4,ELEC-1089,150,2
893b286d,ELEC-1023,116,0
d17294c0,ELEC-1011,177,1
74248971,ELEC-1081,380,0
17e9c20e,ELEC-1096,253,0
b1bd26a4,ELEC-1054,133,2
af55fa7b,ELEC-1072,395,0
921c8219,ELEC-1078,263,0
3b031ea8,ELEC-1019,320,0
24973035,ELEC-1011,379,0
9d2e5124,ELEC-1075,156,0
1aaebd84,ELEC-1065,224,0
ca3162c0,ELEC-1056,311,1
e03a6815,ELEC-1007,315,2
c406d58a,ELEC-1000,275,0
2d04979b,ELEC-1085,213,0
5e3e5300,ELEC-1084,237,0
800fcc4e,ELEC-1044,310,0
1b3bbfdf,ELEC-1043,335,0
0212a695,ELEC-1098,278,0
678da281,ELEC-1004,77,0
c003a9dd,ELEC-1005,110,0
ac9476cc,ELEC-1021,228,0
29a265cc,ELEC-1026,137,0
5ef79e17,ELEC-1075,340,0
dc07b33c,ELEC-1029,62,2
edfed838,ELEC-1037,275,0
b1738113,ELEC-1023,385,0
bbfefd54,ELEC-1098,230,2
8edcf5f3,ELEC-1077,385,0
94b94b0f,ELEC-1065,376,0
4251cc66,ELEC-1078,205,1
1f0a9e17,ELEC-1037,380,0
877a3c89,ELEC-1059,150,1
280db1d5,ELEC-1082,163,1
042e625f,ELEC-1057,193,0
0c8af5f1,ELEC-1003,342,2
a60727f5,ELEC-1075,149,0
a391a833,ELEC-1096,79,0
a6de8f68,ELEC-1007,214,2
0bad0d0d,ELEC-1053,160,0
1e1713ec,ELEC-1048,382,0
c942e63a,ELEC-1095,388,0
264c7d7d,ELEC-1089,70,0
655121a5,ELEC-1002,338,1
572884e6,ELEC-1014,314,0
751171bc,ELEC-1033,233,0
3d4f5b18,ELEC-1042,130,0
d0e53d31,ELEC-1035,382,0
eea5dbcc,ELEC-1071,220,0
35a03c61,ELEC-1037,355,0
ab40edbe,ELEC-1093,22,0
4126905c,ELEC-1059,171,0
0b69b465,ELEC-1097,134,0
98cc118c,ELEC-1069,148,0
9926cb81,ELEC-1044,180,0
e310c9b1,ELEC-1014,190,1
d108c503,ELEC-1023,293,2
1973380b,ELEC-1094,63,2
1d0a2aae,ELEC-1078,65,0
499160b3,ELEC-1016,218,2
578e5560,ELEC-1037,26,0
8e4b3434,ELEC-1003,15,0
d66037a0,ELEC-1070,339,0
c7fe660d,ELEC-1077,260,2
f8a66d30,ELEC-1094,272,1
1a29bd8b,ELEC-1029,192,2
89b494e0,ELEC-1045,101,0
a7a3b8dd,ELEC-1044,175,0
1181c082,ELEC-1059,323,0
e16ebb47,ELEC-1064,201,0
215dfa46,ELEC-1093,29,2
a278d1a9,ELEC-1047,150,1
e9620df7,ELEC-1027,296,1
80a85fc5,ELEC-1048,38,0
f555c576,ELEC-1003,242,0
cb4af925,ELEC-1068,267,0
a15e5f8d,ELEC-1022,74,0
da9da501,ELEC-1045,169,0
0f3899cf,ELEC-1034,10,0
0a29f627,ELEC-1016,399,2
53faa1dd,ELEC-1017,200,0
b90d3c02,ELEC-1034,118,0
d3aa27a6,ELEC-1084,266,1
ef1b2280,ELEC-1014,305,0
ade9f962,ELEC-1001,398,0
2fda36e2,ELEC-1066,100,0
1c2b2396,ELEC-1023,119,0
5b179613,ELEC-1027,395,0
23a774e6,ELEC-1030,333,0
cfa9ebbb,ELEC-1022,348,2
516a5b8d,ELEC-1057,366,2
a990bd5c,ELEC-1013,80,1
ec27d2fb,ELEC-1080,253,1
f3a2c444,ELEC-1020,302,0
b4e4d724,ELEC-1084,346,1
fa6a2c41,ELEC-1073,56,0
9d69ee85,ELEC-1063,396,1
9f572840,ELEC-1015,313,2
6851a2ad,ELEC-1076,267,0
ca2bd30f,ELEC-1043,365,0
50f6f462,ELEC-1013,181,0
ad4d929f,ELEC-1012,321,0
7fc34382,ELEC-1017,387,0
bb4f4ae1,ELEC-1094,276,0
0cda3482,ELEC-1040,280,0
02257223,ELEC-1055,377,0
96fb82cc,ELEC-1062,170,0
5480d317,ELEC-1039,224,0
326d7dac,ELEC-1068,286,0
f17a7924,ELEC-1021,216,0
a8574f7b,ELEC-1006,250,1
34f2cd1d,ELEC-1048,208,0
f4e6e081,ELEC-1029,76,0
be71ac43,ELEC-1092,184,0
b3317c9a,ELEC-1091,42,0
797bca78,ELEC-1032,185,1
bf99bccf,ELEC-1039,64,0
e9287841,ELEC-1094,286,0
ef5c5701,ELEC-1001,85,2
e918bdfb,ELEC-1084,314,0
ab1e85be,ELEC-1014,373,0
ea4256b7,ELEC-1092,94,1
ed254cc7,ELEC-1027,66,0
e439ec4c,ELEC-1043,226,0
5a7cb478,ELEC-1078,284,0
7fbd69b7,ELEC-1061,237,0
5b2f45a5,ELEC-1089,397,0
e409f95c,ELEC-1033,50,0
e3ebbcf0,ELEC-1092,218,0
545fde2e,ELEC-1059,253,0
5164ac04,ELEC-1018,30,0
2267268e,ELEC-1026,330,0
5cc1917c,ELEC-1027,364,0
df1b0b36,ELEC-1021,156,0
f1cb4d5a,ELEC-1048,343,1
9ddbc9fd,ELEC-1049,261,0
e36729d0,ELEC-1030,166,0
7d7ddeb1,ELEC-1013,285,0
8d1a7e8f,ELEC-1026,123,0
5bc22826,ELEC-1052,116,0
143759f9,ELEC-1059,262,0
29c554ba,ELEC-1029,82,2
c6a2e252,ELEC-1016,353,1
0e1ca765,ELEC-1004,53,0
b939913d,ELEC-1090,241,2
b5b5d668,ELEC-1083,203,0
1c547e5e,ELEC-1091,214,2
cdae5a4b,ELEC-1035,57,0
3c5b5cc9,ELEC-1093,68,0
0b6de9c1,ELEC-1014,108,0
8865ee60,ELEC-1077,248,0
fe419874,ELEC-1041,381,0
1b043c69,ELEC-1047,168,1
622b84b4,ELEC-1040,361,1
d8ff2a38,ELEC-1035,158,0
8cf2fdd7,ELEC-1034,122,0
c4eeace6,ELEC-1040,61,0
69380997,ELEC-1035,158,0
d6a9eeb2,ELEC-1058,230,2
a98d5539,ELEC-1013,272,1
72fe1a38,ELEC-1046,296,1
c87b3a03,ELEC-1079,310,0
278cfb6f,ELEC-1050,372,0
c165397e,ELEC-1033,33,0
2fcaf800,ELEC-1071,60,0
ae9ab86f,ELEC-1006,258,0
0ca8b0ca,ELEC-1035,243,1
13903a26,ELEC-1079,43,0
4d285c73,ELEC-1028,198,2
6e04c871,ELEC-1014,87,2
87908d3f,ELEC-1075,142,0
63c1e869,ELEC-1059,41,0
8022f824,ELEC-1016,187,0
057eae32,ELEC-1014,119,0
c2b2b4ed,ELEC-1042,359,0
9f7ea3f3,ELEC-1008,297,0
514fe761,ELEC-1053,312,1
1f9a18f4,ELEC-1015,345,0
af734baa,ELEC-1080,54,0
12adff70,ELEC-1078,364,0
9852a5ae,ELEC-1083,133,0
bfb0a508,ELEC-1061,230,0
b8830f5c,ELEC-1006,11,0
8c37afe6,ELEC-1084,320,2
21475b33,ELEC-1080,107,0
f284f14c,ELEC-1001,180,1
9e90a031,ELEC-1006,292,2
f0710b65,ELEC-1056,307,0
e40a850c,ELEC-1097,361,0
381eeac2,ELEC-1040,262,0
72c1595d,ELEC-1084,124,0
475eb09c,ELEC-1043,147,0
8f50cf0b,ELEC-1029,195,0
378a1e4b,ELEC-1015,197,0
f12fddb6,ELEC-1084,363,0
51b9d2e5,ELEC-1075,396,0
dbb619e2,ELEC-1091,387,2
3fc8719f,ELEC-1062,285,0
92e307d1,ELEC-1073,330,0
ba3b777c,ELEC-1017,228,0
ed329e45,ELEC-1075,116,0
9bc2873a,ELEC-1019,140,0
be1ac6f2,ELEC-1026,243,0
e16529e5,ELEC-1065,240,0
cdbf09f4,ELEC-1042,137,2
c1bdf497,ELEC-1023,309,0
1c1b7763,ELEC-1034,148,0
6a246b20,ELEC-1029,349,1
38cf5267,ELEC-1057,210,0
5771a75d,ELEC-1047,96,0
bd6ece48,ELEC-1065,207,0
3d23f311,ELEC-1035,173,0
fd420430,ELEC-1055,145,0
17dc45c6,ELEC-1021,378,1
a6f56409,ELEC-1063,244,0
8e1ea6ad,ELEC-1082,175,1
542da639,ELEC-1066,229,0
3d017917,ELEC-1090,19,0
3d7ea1e0,ELEC-1049,128,0
8ef46129,ELEC-1060,248,0
de8d0a1f,ELEC-1058,314,0
baa9e0a2,ELEC-1062,273,0
e95e06df,ELEC-1021,365,0
d85be3f9,ELEC-1024,361,0
d64b7203,ELEC-1050,168,0
af5aa543,ELEC-1024,330,2
700e8f56,ELEC-1015,62,0
e13aad13,ELEC-1085,150,0
6f32d527,ELEC-1091,251,0
93c5b588,ELEC-1061,390,0
2f4b2754,ELEC-1089,115,0
18354c64,ELEC-1080,224,0
df664c4c,ELEC-1022,229,2
eeb3c702,ELEC-1082,323,0
5aecad92,ELEC-1027,287,0
2eea8ec4,ELEC-1086,244,0
cd526c2e,ELEC-1091,22,0
e5c292ad,ELEC-1021,160,0
1824d064,ELEC-1038,344,0
6e5532dc,ELEC-1020,182,0
037a361b,ELEC-1009,112,0
070c050b,ELEC-1066,154,0
f9254606,ELEC-1051,223,2
93bf00a6,ELEC-1042,377,0
4dec3b7f,ELEC-1060,15,0
d9c48ac4,ELEC-1006,62,0
d43e404f,ELEC-1013,150,0
dd061d7f,ELEC-1023,260,0
9d401a92,ELEC-1022,328,0
8e7bbf0d,ELEC-1063,382,0
f1770cf1,ELEC-1026,320,0
a005d36d,ELEC-1050,246,2
fc4c75b0,ELEC-1044,83,1
3b45c7b6,ELEC-1073,354,0
d7c39666,ELEC-1077,358,0
f65b4b67,ELEC-1003,236,0
91057895,ELEC-1046,37,0
932de535,ELEC-1084,289,1
e2e9abef,ELEC-1086,57,0
377cf8a5,ELEC-1059,328,0
c1657e94,ELEC-1029,48,0
af740c93,ELEC-1049,66,0
934ed68f,ELEC-1054,375,0
6afd5a4b,ELEC-1018,371,0
fe1343ab,ELEC-1087,204,0
edbcddb0,ELEC-1069,383,2
926c9db5,ELEC-1025,230,0
4653eb73,ELEC-1012,194,0
0f94d00a,ELEC-1051,363,0
3bc77c6e,ELEC-1010,362,0
5c9056d5,ELEC-1034,351,0
1b1a613a,ELEC-1077,85,0
855f5212,ELEC-1069,264,0
23671269,ELEC-1056,20,0
998ffcad,ELEC-1072,388,0
ada0e5e6,ELEC-1012,310,2
462286d9,ELEC-1035,255,2
ab1f131d,ELEC-1085,397,0
f7b153d9,ELEC-1050,308,2
1e1abedd,ELEC-1031,134,0
fb2871ff,ELEC-1096,224,0
7b98295a,ELEC-1056,287,0
ea55423b,ELEC-1086,231,0
28e002c6,ELEC-1092,362,0
1c991613,ELEC-1077,10,2
c85db32c,ELEC-1085,192,0
7b738c36,ELEC-1003,185,2
064d2b4c,ELEC-1094,49,0
be722b6a,ELEC-1002,139,2
9c9b6bed,ELEC-1027,34,0
a80eaa1e,ELEC-1091,68,0
b5582f71,ELEC-1054,248,0
4544d0ab,ELEC-1024,327,0
4d048160,ELEC-1017,355,0
a791f105,ELEC-1011,254,0
07ea3801,ELEC-1004,17,0
5f175b46,ELEC-1030,81,0
772788f9,ELEC-1096,214,0
7c481ac9,ELEC-1016,236,0
bf5349e7,ELEC-1020,221,0
632c59b8,ELEC-1032,278,0
91ffa0d0,ELEC-1011,200,0
fc2d7b6c,ELEC-1000,114,2
bbc7a3e6,ELEC-1081,317,2
286f7d31,ELEC-1035,104,0
90b3ec9d,ELEC-1052,280,0
4f55c42b,ELEC-1039,112,0
d4c465e7,ELEC-1057,296,0
7aa9a496,ELEC-1078,281,2
b620d416,ELEC-1061,286,2
d2e7ab64,ELEC-1001,318,0
0e0e5c99,ELEC-1059,125,1
381f8ce9,ELEC-1008,109,0
71e39794,ELEC-1039,115,2
228e402b,ELEC-1016,189,0
8b0c9e90,ELEC-1097,15,0
81f3532c,ELEC-1073,328,2
b841653f,ELEC-1010,196,0
44f42bc6,ELEC-1052,31,0
c59a2e69,ELEC-1005,236,1
fb7b78ce,ELEC-1051,369,0
48403518,ELEC-1056,292,0
fca5c43f,ELEC-1078,337,0
07747669,ELEC-1038,255,0
e859bf0b,ELEC-1037,237,0
0e7c1990,ELEC-1048,383,0
e11bf456,ELEC-1074,237,0
ab64fa2f,ELEC-1042,91,0
ab0d8830,ELEC-1067,123,0
f946b855,ELEC-1013,371,1
846640aa,ELEC-1038,317,1
6b3ebc17,ELEC-1047,322,0
7b712219,ELEC-1029,329,0
a3165bfe,ELEC-1021,274,0
dcd7b364,ELEC-1073,226,0
d7db02af,ELEC-1056,264,2
3a0b1f43,ELEC-1067,270,2
c19168d9,ELEC-1084,360,0
994f0043,ELEC-1035,160,0
5957e373,ELEC-1048,325,0
2eaa0517,ELEC-1047,350,0
a7ca1ce7,ELEC-1058,89,0
660b7a31,ELEC-1053,179,0
2f4af478,ELEC-1047,174,0
6912d986,ELEC-1075,23,0
a582faab,ELEC-1077,222,0
cbe8a8f9,ELEC-1065,100,0
0473017b,ELEC-1086,304,1
e68f2f2a,ELEC-1035,381,0
a79cab0f,ELEC-1039,257,0
f50be0af,ELEC-1021,24,1
58430ccc,ELEC-1073,216,0
cffd164e,ELEC-1041,260,0
56d0fadb,ELEC-1048,388,0
fe0a528e,ELEC-1059,49,0
be6427c8,ELEC-1007,79,0
536fa773,ELEC-1096,266,0
14437bf7,ELEC-1074,131,2
c236a965,ELEC-1046,65,0
bd9566e0,ELEC-1061,41,0
69a115f9,ELEC-1054,301,0
34de9bc8,ELEC-1022,399,0
a77a0ead,ELEC-1039,84,0
8c17622e,ELEC-1011,66,2
6530144e,ELEC-1056,182,0
a78b52ea,ELEC-1034,243,0
43de0d3f,ELEC-1048,210,0
18435291,ELEC-1005,305,0
68ebe624,ELEC-1009,369,2
69655d69,ELEC-1079,269,0
81133669,ELEC-1061,145,0
101433db,ELEC-1013,279,0
2848d23f,ELEC-1055,39,0
1c873a48,ELEC-1008,134,0
ba99d791,ELEC-1005,334,0
5702af62,ELEC-1030,259,0
2b1f4c15,ELEC-1049,318,1
4a94e1dc,ELEC-1075,303,0
0d3d03cd,ELEC-1033,129,0
159872fa,ELEC-1096,331,0
7ae45092,ELEC-1038,253,2
652b577c,ELEC-1071,73,0
909dfb4a,ELEC-1008,280,1
66ef796b,ELEC-1012,37,0
cb86301a,ELEC-1038,20,0
bbb35255,ELEC-1024,92,0
64d5d8cb,ELEC-1000,335,0
3123886a,ELEC-1050,315,0
23b7a410,ELEC-1017,262,0
b24bf5e9,ELEC-1004,171,0
6b15b86d,ELEC-1019,262,0
e8152ba6,ELEC-1059,191,0
805a0011,ELEC-1055,211,1
22ed744d,ELEC-1032,166,0
f3c60a0e,ELEC-1020,50,0
23db2da4,ELEC-1041,99,2
e91c6c34,ELEC-1075,301,1
8340f694,ELEC-1030,331,0
de46385e,ELEC-1011,155,0
0f3b5f29,ELEC-1022,302,0
b23cbeaf,ELEC-1015,328,0
c27f8fb7,ELEC-1084,328,0
933e24a0,ELEC-1004,389,0
22766e01,ELEC-1008,175,1
1a5a079d,ELEC-1020,66,0
4dd2af12,ELEC-1078,93,0
58445f4a,ELEC-1096,350,2
0ce6e525,ELEC-1005,343,0
8533120d,ELEC-1080,255,0
ce56457c,ELEC-1005,203,0
a7152f63,ELEC-1002,335,0
ed7a005c,ELEC-1011,48,0
40fb33b8,ELEC-1051,330,0
feac4bb6,ELEC-1030,245,0
7dc359af,ELEC-1055,13,0
5870b477,ELEC-1001,289,0
99c2aad2,ELEC-1029,217,1
3aec0ff2,ELEC-1032,46,0
9c0d8992,ELEC-1010,199,2
8c45a41c,ELEC-1013,130,1
1f11de46,ELEC-1060,198,0
53eda011,ELEC-1099,138,2
1ce9b5a6,ELEC-1062,338,0
66c2d3e2,ELEC-1065,155,1
daaa078c,ELEC-1005,213,0
f2daf193,ELEC-1015,331,0
19b89a13,ELEC-1062,268,0
d8e8e41b,ELEC-1077,24,1
0a957625,ELEC-1036,265,0
068100df,ELEC-1036,288,2
de22d7a8,ELEC-1035,185,0
f1ba2cb8,ELEC-1069,75,1
6a34a548,ELEC-1017,228,0
4f60bc27,ELEC-1000,124,0
defb9afb,ELEC-1001,155,0
c9acec5a,ELEC-1042,152,2
a52db255,ELEC-1063,323,0
cebd8b9f,ELEC-1047,396,1
295edc18,ELEC-1065,141,0
eca1cd7c,ELEC-1041,263,0
4bd83b3a,ELEC-1039,319,1
564a914f,ELEC-1030,74,0
701658b1,ELEC-1039,179,0
960e0f2b,ELEC-1094,304,0
9f69e1ae,ELEC-1099,109,0
62f315c5,ELEC-1060,41,0
0b67b644,ELEC-1023,40,1
89b28f0d,ELEC-1052,149,0
f453e3a9,ELEC-1096,378,0
65af9b18,ELEC-1011,103,2
038adb4d,ELEC-1098,128,0
68136aa1,ELEC-1018,81,0
e2a3be90,ELEC-1038,32,0
b424b827,ELEC-1088,202,0
f64fe4c8,ELEC-1090,341,0
616ec9fe,ELEC-1064,250,0
ca8c32be,ELEC-1090,290,2
345fa99f,ELEC-1019,386,0
3b1be5c8,ELEC-1082,280,0
cd9a7530,ELEC-1012,303,0
fa17a0fb,ELEC-1010,58,0
4b48f4ae,ELEC-1047,323,2
c24d8276,ELEC-1096,275,1
c2e12c08,ELEC-1039,44,0
cd41df5f,ELEC-1076,374,1
91f25529,ELEC-1059,118,1
2f34d42e,ELEC-1030,107,1
5e068fdd,ELEC-1072,44,1
8db9ad5a,ELEC-1045,174,0
d644208b,ELEC-1047,241,0
30719129,ELEC-1080,201,0
21b12c91,ELEC-1010,390,0
f6b925de,ELEC-1012,229,0
31dba571,ELEC-1044,35,0
c99963d5,ELEC-1013,251,0
ff64dc85,ELEC-1007,50,0
b19d3a9d,ELEC-1032,87,1
5b308114,ELEC-1048,172,0
677f8b1a,ELEC-1096,28,0
0948940c,ELEC-1083,99,0
66a68ead,ELEC-1028,53,0
3ff670c1,ELEC-1017,69,0
3cdcbdd0,ELEC-1040,333,0
9571d474,ELEC-1051,235,0
24d235da,ELEC-1052,236,0
3cc38c3d,ELEC-1005,307,0
2b28a7e9,ELEC-1062,347,0
0bf73457,ELEC-1021,115,0
3c959fd9,ELEC-1019,292,0
3a09f228,ELEC-1061,315,1
64d0a9ee,ELEC-1096,68,2
4348d08e,ELEC-1064,395,0
38862cf7,ELEC-1011,22,0
3d87d5e1,ELEC-1034,133,0
1a9b64f9,ELEC-1075,14,0
46139443,ELEC-1094,328,0
f6ade0fa,ELEC-1064,364,0
c55a076f,ELEC-1053,182,1
ac3581dc,ELEC-1063,349,0
21e98ef0,ELEC-1040,103,0
885c8559,ELEC-1062,185,0
ecc75a35,ELEC-1075,70,2
2173243c,ELEC-1013,265,0
b965474a,ELEC-1032,162,2
d106c85c,ELEC-1058,99,0
923cf13c,ELEC-1070,140,0
ecfcaa87,ELEC-1034,21,0
f7d1d5b2,ELEC-1091,230,0
3b3a41a4,ELEC-1077,342,0
ce7da372,ELEC-1056,24,1
d94a1b57,ELEC-1091,205,0
4e649413,ELEC-1017,332,0
1045b506,ELEC-1031,202,1
2bf45210,ELEC-1049,226,0
f630c438,ELEC-1058,369,0
0121d92f,ELEC-1052,165,0
8e2b1bb5,ELEC-1044,85,0
1c6ab92b,ELEC-1017,295,0
a7939061,ELEC-1065,89,2
678c6696,ELEC-1088,84,1
ec3d492a,ELEC-1022,248,0
cae22e42,ELEC-1017,354,0
f09609a0,ELEC-1069,176,1
c684e6af,ELEC-1005,188,0
ebf03798,ELEC-1083,259,0
0019bbc0,ELEC-1093,361,0
3e738d5f,ELEC-1061,158,2
cac940f0,ELEC-1014,145,0
bec7797d,ELEC-1096,328,0
de9f3d5b,ELEC-1041,252,0
5ae23a81,ELEC-1067,57,0
733a762c,ELEC-1030,304,0
f452f665,ELEC-1000,169,0
9f522157,ELEC-1073,232,0
2d0ccb5c,ELEC-1030,314,0
ab84d8dd,ELEC-1047,184,2
1b690644,ELEC-1043,109,0
9aae8f26,ELEC-1038,391,0
cb7023cb,ELEC-1099,329,1
0854e587,ELEC-1052,111,1
e8a8bb4a,ELEC-1046,370,0
ae14407a,ELEC-1003,98,0
bdd9063a,ELEC-1082,385,0
354746bc,ELEC-1069,249,0
623cf939,ELEC-1054,262,1
ad56a56e,ELEC-1042,67,0
c51d1b08,ELEC-1032,214,0
6fc42c8d,ELEC-1011,287,1
5aa91f72,ELEC-1043,191,0
62fb9613,ELEC-1069,171,2
05068b5c,ELEC-1079,230,0
e3339f1b,ELEC-1096,186,0
8637d485,ELEC-1092,226,0
6784815d,ELEC-1099,59,0
83537056,ELEC-1079,135,0
62069b1f,ELEC-1029,109,0
a026a390,ELEC-1004,313,1
4b4d664e,ELEC-1016,204,0
3ed42cf2,ELEC-1031,185,0
b9daa515,ELEC-1015,227,0
09ee83b5,ELEC-1071,302,0
cd83e868,ELEC-1049,359,1
796a5bd0,ELEC-1047,274,0
fc66e3e1,ELEC-1006,224,1
c5b450f8,ELEC-1001,248,0
9ee93fcc,ELEC-1020,367,0
dc062d81,ELEC-1076,260,0
695636e3,ELEC-1011,229,0
1d444d94,ELEC-1016,332,0
18d9c844,ELEC-1018,34,1
6d8c9dce,ELEC-1003,378,0
7e7e5faa,ELEC-1087,170,1
5f2de952,ELEC-1027,53,0
2f3900a5,ELEC-1025,294,0
b101a001,ELEC-1005,385,1
36bfc256,ELEC-1033,81,1
989161a2,ELEC-1016,308,0
58050112,ELEC-1091,259,1
4bee8367,ELEC-1068,181,0
d95fbb2f,ELEC-1002,359,1
3e2f8adb,ELEC-1022,148,2
700791ef,ELEC-1070,168,1
1f504648,ELEC-1005,98,0
b6c463e2,ELEC-1054,317,0
756d9b87,ELEC-1036,317,0
40a00fd5,ELEC-1022,106,0
e1a2446d,ELEC-1049,37,0
8b2fac3f,ELEC-1060,313,0
1ccbe332,ELEC-1019,271,0
1f29088c,ELEC-1042,362,0
1923d2d5,ELEC-1096,327,0
14484773,ELEC-1016,26,0
3797a7fe,ELEC-1017,394,0
cf9eecb7,ELEC-1034,373,0
16222478,ELEC-1090,65,1
dce160ce,ELEC-1001,331,0
935241f4,ELEC-1065,220,0
57f549bb,ELEC-1089,52,0
4c4591a1,ELEC-1017,359,0
44663002,ELEC-1060,118,0
efb02f94,ELEC-1018,268,0
18e8dba9,ELEC-1083,295,2
90df764d,ELEC-1054,354,0
cde96c09,ELEC-1082,200,0
55ed94fe,ELEC-1084,178,0
30d6f251,ELEC-1047,91,0
5c8321c6,ELEC-1094,388,0
07fe5c77,ELEC-1045,108,0
553d3364,ELEC-1080,133,0
f66902d5,ELEC-1064,291,0
966b4826,ELEC-1065,10,2
9d8aa69d,ELEC-1033,388,0
23f50079,ELEC-1018,33,0
e44bc14f,ELEC-1011,161,0
ea8f6a33,ELEC-1050,121,2
271c4073,ELEC-1051,97,2
2a6b6424,ELEC-1003,274,0
cda586d0,ELEC-1035,136,1
ca21e642,ELEC-1099,230,0
4539908a,ELEC-1087,30,0
b82a191b,ELEC-1080,318,0
2cece41f,ELEC-1052,42,0
499545d4,ELEC-1052,239,0
9e39bc3c,ELEC-1072,186,2
8ede6120,ELEC-1064,328,0
70be2442,ELEC-1007,264,2
5473aa0a,ELEC-1009,204,2
9778eda7,ELEC-1024,258,0
382e1921,ELEC-1018,132,2
43edbc83,ELEC-1062,90,0
474f0631,ELEC-1086,73,0
c40cf820,ELEC-1010,311,0
ab3eb81b,ELEC-1082,192,0
3da86b8a,ELEC-1055,87,0
33b898cf,ELEC-1010,65,2
c865f719,ELEC-1005,169,0
232b0a47,ELEC-1054,43,0
08afd2c1,ELEC-1049,398,0
49ff1f84,ELEC-1084,372,0
b2e6aa65,ELEC-1039,167,0
2ad2b2e7,ELEC-1036,126,0
847ba778,ELEC-1095,151,1
1c4eac5b,ELEC-1033,273,0
80ac83e8,ELEC-1099,170,0
c527687d,ELEC-1048,261,1
2e59b565,ELEC-1001,76,0
ecb97383,ELEC-1021,202,0
a662f81c,ELEC-1093,168,0
658d8138,ELEC-1059,114,0
0e0c3ae7,ELEC-1036,122,0
f5459ebd,ELEC-1094,130,0
38d72bb9,ELEC-1091,378,0
70ac2b9b,ELEC-1047,80,2
b0363767,ELEC-1013,336,0
64ec3a7c,ELEC-1001,168,0
9fb8aef8,ELEC-1055,269,0
6522c383,ELEC-1045,180,0
8be284cb,ELEC-1023,27,0
c60c032d,ELEC-1002,119,0
37c4f91b,ELEC-1022,203,2
6275e036,ELEC-1082,71,0
b99c970b,ELEC-1012,107,0
cabff443,ELEC-1066,398,0
0802c186,ELEC-1025,105,0
34b29608,ELEC-1054,372,0
cfac0830,ELEC-1060,137,0
908f1465,ELEC-1081,380,2
666fc97d,ELEC-1075,275,2
d4e474bc,ELEC-1008,334,0
083e0cec,ELEC-1049,73,0
7ddaa850,ELEC-1064,164,1
bde1f187,ELEC-1066,373,0
d9de3a57,ELEC-1079,314,0
0ef63741,ELEC-1089,345,2
ed5ea7ff,ELEC-1013,278,0
6415b3c1,ELEC-1073,398,0
72c6c6f7,ELEC-1037,271,1
6b83c063,ELEC-1017,353,0
24709eb4,ELEC-1091,47,0
e3489254,ELEC-1002,240,0
4c9725ec,ELEC-1024,237,0
ab96aecb,ELEC-1036,85,0
136e8c84,ELEC-1096,320,2
5ce04c7b,ELEC-1054,397,0
68c2af89,ELEC-1013,31,1
e5db112c,ELEC-1021,40,0
719c152c,ELEC-1040,199,1
173495c9,ELEC-1006,337,0
a39026c1,ELEC-1050,179,0
3ccfa41d,ELEC-1071,114,0
60b14194,ELEC-1004,266,0
c88e501a,ELEC-1035,340,0
479d751c,ELEC-1007,203,0
e7de6d43,ELEC-1049,253,0
0c2659b9,ELEC-1095,134,0
3df41303,ELEC-1028,113,2
81592dbe,ELEC-1090,391,0
9d645e0b,ELEC-1094,195,0
17776062,ELEC-1042,357,0
4e2d9d6a,ELEC-1073,36,0
6ca3e5e6,ELEC-1052,161,0
cf1d594c,ELEC-1082,287,0
b4b7c605,ELEC-1028,120,0
62c63cf6,ELEC-1092,213,0
2e5685df,ELEC-1064,169,2
904c6c87,ELEC-1057,370,0
a4ffcec3,ELEC-1030,332,0
fe44000b,ELEC-1056,256,2
b813cfae,ELEC-1049,66,0
adf98940,ELEC-1000,322,0
fc61d292,ELEC-1076,270,0
62c5d319,ELEC-1021,80,0
83c2f21c,ELEC-1021,244,1
b3f27048,ELEC-1097,391,0
4f491fbb,ELEC-1058,222,0
f4de2f5b,ELEC-1041,14,0
31797c73,ELEC-1087,263,0
aa84685c,ELEC-1030,11,2
be25c619,ELEC-1080,355,0
053f67bf,ELEC-1017,208,0
7c32dddf,ELEC-1027,58,1
4e6d9c22,ELEC-1073,89,0
7bc5ae25,ELEC-1095,264,0
73aceb9f,ELEC-1067,365,0
d34bf603,ELEC-1082,92,0
8deb6b7a,ELEC-1043,108,2
c35b97f5,ELEC-1008,360,0
64187c3c,ELEC-1008,58,0
4913e644,ELEC-1073,210,2
d9b3f63b,ELEC-1020,356,0
abcae667,ELEC-1070,272,0
0f54c082,ELEC-1086,107,0
3e738804,ELEC-1088,366,0
d69846ef,ELEC-1067,199,0
38df5ace,ELEC-1034,365,0
7d1c7fb0,ELEC-1082,117,0
f70a00e8,ELEC-1007,42,0
c01adb7f,ELEC-1096,194,0
4e493092,ELEC-1045,312,0
88c828ee,ELEC-1010,207,0
8ffccca8,ELEC-1066,222,0
09197f29,ELEC-1017,396,0
c4d7b7d7,ELEC-1005,50,0
7fe85054,ELEC-1024,325,0
2262d496,ELEC-1074,376,0
b89bf8ba,ELEC-1084,304,0
5bac04b0,ELEC-1040,249,0
11027897,ELEC-1083,361,0
f07ddd1d,ELEC-1036,107,0
7d1032b0,ELEC-1082,80,0
bdce6c24,ELEC-1025,123,0
142fc82e,ELEC-1021,285,0
48a04c0d,ELEC-1015,140,2
0fe15027,ELEC-1019,399,0
e8399e83,ELEC-1055,263,0
74f1079b,ELEC-1005,238,0
60411b1f,ELEC-1053,74,0
443bd2c5,ELEC-1094,53,0
5fd3fe09,ELEC-1098,341,2
d65b08df,ELEC-1004,139,0
cf7fb7f8,ELEC-1056,111,1
4694c525,ELEC-1067,212,0
c3e60b76,ELEC-1052,382,0
e93315bf,ELEC-1084,303,2
0e26f6c2,ELEC-1031,52,1
5f20b72a,ELEC-1084,362,0
375a448b,ELEC-1087,391,0
1c313db8,ELEC-1038,107,1
2c0fdf03,ELEC-1060,46,0
f30b1bbf,ELEC-1088,53,0
365bfdab,ELEC-1098,146,0
17492505,ELEC-1077,12,0
7e7b998c,ELEC-1073,240,0
bbdf6953,ELEC-1097,225,0
f6c06999,ELEC-1008,301,0
1e0b05e2,ELEC-1058,395,0
c0149bb2,ELEC-1070,276,2
7c7a9cd8,ELEC-1079,106,0
a8676c1f,ELEC-1072,335,0
be3bd430,ELEC-1071,43,2
d7cb018f,ELEC-1063,126,2
f363ebbc,ELEC-1058,43,0
c34476bc,ELEC-1041,132,0
80ab8a54,ELEC-1011,378,1
b24c066d,ELEC-1029,270,0
808d811a,ELEC-1094,370,0
56dc99eb,ELEC-1097,261,0
78d66fc2,ELEC-1033,247,0
9da4c682,ELEC-1009,294,0
1b991ae4,ELEC-1020,335,1
2be9f0eb,ELEC-1089,343,2
554550ec,ELEC-1080,66,0
671c9583,ELEC-1093,300,0
6e4ae7de,ELEC-1020,40,0
7e98d3bf,ELEC-1027,207,1
f8b850fa,ELEC-1018,103,0
690e7ad6,ELEC-1047,87,0
5a2681e3,ELEC-1066,289,1
437b28ea,ELEC-1049,164,0
6f1cc317,ELEC-1001,20,1
3ee238b5,ELEC-1086,311,0
58807be8,ELEC-1067,192,0
9eb8a624,ELEC-1093,171,0
a635b3f3,ELEC-1061,366,0
18548ef6,ELEC-1070,324,0
96a8d8b9,ELEC-1093,151,0
bbf371a0,ELEC-1054,152,1
26215292,ELEC-1000,170,0
d817e7c8,ELEC-1064,96,2
ccda1f38,ELEC-1030,74,0
49446e7b,ELEC-1057,227,2
716a4ebe,ELEC-1087,323,1
14233903,ELEC-1010,151,0
a0ce6d63,ELEC-1017,167,0
9f817077,ELEC-1087,71,0
d29ce031,ELEC-1032,313,0
f1c907a2,ELEC-1027,318,0
0ec99954,ELEC-1055,234,1
86fef508,ELEC-1019,212,0
cf065599,ELEC-1043,35,0
3e7f9904,ELEC-1083,114,2
24e1d1ba,ELEC-1045,41,0
f477dd45,ELEC-1040,350,0
206075c0,ELEC-1010,350,0
b333b497,ELEC-1080,149,2
adffde17,ELEC-1033,223,1
a59c139b,ELEC-1059,192,0
45f58660,ELEC-1036,33,0
b0ff7df6,ELEC-1060,305,0
b7d1dd43,ELEC-1099,346,0
6e3e98b0,ELEC-1067,297,0
30aea90e,ELEC-1072,297,0
b3d0f506,ELEC-1069,251,0
5377b8b2,ELEC-1039,159,1
ee9f4d21,ELEC-1063,213,0
a6b6d6e9,ELEC-1062,265,0
bea108b9,ELEC-1073,386,0
1cdfa7d5,ELEC-1097,387,0
326c759a,ELEC-1014,106,2
6083c353,ELEC-1014,40,0
07f65c62,ELEC-1017,39,0
d002b112,ELEC-1032,13,2
0984808d,ELEC-1088,17,0
5d6da5a4,ELEC-1089,310,0
9fc640ed,ELEC-1039,367,0
49140d45,ELEC-1071,174,0
2e1fad18,ELEC-1024,218,0
67319757,ELEC-1039,186,0
67ff8c95,ELEC-1058,331,0
030fbed2,ELEC-1097,49,0
8581ca0f,ELEC-1069,146,0
b3722723,ELEC-1095,65,0
dc44c6d0,ELEC-1074,209,2
be19b8e3,ELEC-1061,292,0
bae653db,ELEC-1052,168,0
673064d3,ELEC-1051,365,0
4dcdc8e9,ELEC-1080,269,0
dbadc19f,ELEC-1098,294,0
50be438c,ELEC-1027,174,0
e4aa6161,ELEC-1099,72,0
91b8678d,ELEC-1010,206,2
3c7ce301,ELEC-1067,122,0
5e51bf0c,ELEC-1093,282,0
a62ae73c,ELEC-1098,236,0
ca9b5ca2,ELEC-1000,367,0
486e7fe6,ELEC-1009,57,0
1f06c549,ELEC-1009,187,0
103bbf37,ELEC-1041,260,0
5d3c0552,ELEC-1044,151,0
2f18657c,ELEC-1010,363,2
cccc9609,ELEC-1093,44,2
7f6dbd6d,ELEC-1012,324,0
48b73713,ELEC-1013,341,0
7bdb8ccc,ELEC-1013,282,0
49b1c723,ELEC-1031,354,0
c8a5764c,ELEC-1086,367,0
0d4ae748,ELEC-1039,367,0
dea4bf15,ELEC-1013,17,0
38d07ca7,ELEC-1009,212,0
d6f5e71d,ELEC-1091,338,0
65641fe3,ELEC-1065,144,0
c7127053,ELEC-1007,106,0
0802a2bd,ELEC-1038,54,0
6d279426,ELEC-1052,123,0
679bc2b9,ELEC-1091,90,0
a31a6252,ELEC-1077,183,0
ed868acc,ELEC-1082,235,0
6f411f06,ELEC-1016,392,0
50492e3b,ELEC-1005,330,1
561fc423,ELEC-1073,23,0
a56eeadd,ELEC-1027,78,0
fa3a9b25,ELEC-1090,363,0
8503c252,ELEC-1035,123,2
c8d295fe,ELEC-1087,327,1
a1e67adc,ELEC-1098,212,0
c5599238,ELEC-1053,365,0
eccda1ba,ELEC-1099,148,0
89280ab0,ELEC-1078,354,0
a04d3ffa,ELEC-1061,284,0
88e3a1ab,ELEC-1065,379,1
9a455bf0,ELEC-1025,56,0
8db0a30f,ELEC-1031,99,0
6b8ea4b7,ELEC-1049,363,0
c4c23861,ELEC-1029,196,1
f549df67,ELEC-1078,79,0
5cf8f463,ELEC-1097,367,0
823a8e4a,ELEC-1058,305,0
d96ea669,ELEC-1073,207,0
398dfb59,ELEC-1070,88,2
cbe076c1,ELEC-1013,206,0
30cd1852,ELEC-1097,37,0
9a06a0c4,ELEC-1019,120,0
60d22c16,ELEC-1052,395,1
3d857741,ELEC-1016,183,0
f1cc801f,ELEC-1016,247,0
425a3aca,ELEC-1039,104,0
683e17cc,ELEC-1091,34,0
1e806ea1,ELEC-1094,253,0
1794b1f4,ELEC-1015,63,0
2f23bcb6,ELEC-1034,309,0
b63de96d,ELEC-1026,243,0
2537adea,ELEC-1057,358,0
fdf365b9,ELEC-1052,216,0
3cee4412,ELEC-1022,323,1
3e1fb3d5,ELEC-1051,229,0
d6f45d04,ELEC-1072,96,0
b7986769,ELEC-1067,248,0
1f144c69,ELEC-1086,236,0
60cc2032,ELEC-1012,72,0
171d6df5,ELEC-1047,335,2
a601d7a7,ELEC-1091,327,0
050f31f3,ELEC-1048,99,0
e05a2dcf,ELEC-1096,276,0
028dc4c3,ELEC-1091,112,0
5d2782de,ELEC-1054,216,0
f4bf5c34,ELEC-1001,54,0
e5c4288f,ELEC-1062,131,0
2ae2ceec,ELEC-1009,213,2
9383d0c6,ELEC-1000,209,0
70ed38bd,ELEC-1050,167,0
a0694d49,ELEC-1056,317,1
b26c548d,ELEC-1025,26,0
8744f52b,ELEC-1048,109,0
aac75648,ELEC-1084,236,0
4be9a44b,ELEC-1025,396,0
4f4c1ba9,ELEC-1040,365,0
0754cc79,ELEC-1050,83,0
466e7fa7,ELEC-1020,129,2
6c5f4d77,ELEC-1072,192,0
c0737f12,ELEC-1075,399,0
50d0dcd5,ELEC-1046,151,0
f05862d6,ELEC-1094,201,1
1a97d9e7,ELEC-1005,375,1
e3c4c944,ELEC-1001,223,0
71e41122,ELEC-1073,51,0
2633028e,ELEC-1033,97,0
5cc5e498,ELEC-1039,172,0
7dac56e6,ELEC-1028,46,2
b80f78a0,ELEC-1037,343,0
b9c1f98b,ELEC-1041,260,0
1bf5f9c4,ELEC-1079,85,0
9c6fedea,ELEC-1017,118,0
441a6acf,ELEC-1046,292,0
678f30af,ELEC-1047,23,1
53d40183,ELEC-1058,32,2
dbc28041,ELEC-1010,69,2
4e4f6c20,ELEC-1096,319,0
399f16fa,ELEC-1046,257,1
35684da2,ELEC-1027,72,0
e8a5c684,ELEC-1060,157,0
b25881d7,ELEC-1095,220,0
7b6086c2,ELEC-1052,314,0
957a0073,ELEC-1074,45,0
3583ba3f,ELEC-1039,397,0
979413c5,ELEC-1069,37,0
179c775e,ELEC-1011,354,0
3d884a35,ELEC-1095,173,0
0e5e976a,ELEC-1018,368,1
e4e7df8f,ELEC-1050,295,0
1cd01557,ELEC-1008,231,0
3458db13,ELEC-1009,395,0
b21f846f,ELEC-1036,365,0
2f66f1de,ELEC-1003,279,0
6a502c80,ELEC-1027,324,1
3bc21ffe,ELEC-1097,211,0
9da022d8,ELEC-1056,159,0
d503883b,ELEC-1076,204,0
93f07188,ELEC-1028,163,1
c0913bc3,ELEC-1007,79,0
91329086,ELEC-1079,28,0
5be5586f,ELEC-1065,274,0
1bf5e2ce,ELEC-1074,49,0
0fd4fa05,ELEC-1022,145,0
d1137a85,ELEC-1026,75,1
1471a3cb,ELEC-1017,387,0
ccce9c7d,ELEC-1077,76,0
6f4df50e,ELEC-1085,46,2
af288d77,ELEC-1028,348,0
89c922ca,ELEC-1096,234,0
78bb17f7,ELEC-1027,88,0
0ef3e792,ELEC-1013,146,0
44b4bb51,ELEC-1040,79,0
66889ce3,ELEC-1035,223,0
d86614cc,ELEC-1098,116,2
e4e69e0c,ELEC-1052,120,0
37087c7c,ELEC-1022,306,0
2d835bb9,ELEC-1083,384,2
f97720b4,ELEC-1098,196,0
3c7c5655,ELEC-1006,118,0
28ec9408,ELEC-1080,218,0
d12e9a46,ELEC-1072,203,0
1421a46a,ELEC-1011,241,0
4788c497,ELEC-1016,369,0
fb93b31c,ELEC-1015,140,0
21faddb2,ELEC-1044,202,0
c7cb6f95,ELEC-1020,198,1
7ceae008,ELEC-1066,150,0
e210d7a9,ELEC-1094,280,0
e5440768,ELEC-1012,364,0
33b9fc7b,ELEC-1009,292,1
79f1ed0f,ELEC-1010,165,0
e606b0f6,ELEC-1065,130,0
51f20361,ELEC-1010,188,1
30c317bd,ELEC-1078,185,1
444f942a,ELEC-1032,182,1
cc77c83a,ELEC-1006,117,0
a9a5801d,ELEC-1024,350,2
a7c0e4c9,ELEC-1016,397,0
e2a7e39d,ELEC-1018,334,0
8cce834d,ELEC-1092,146,1
b49e5531,ELEC-1023,141,0
128e652c,ELEC-1047,360,0
c37e3760,ELEC-1023,45,1
21e47392,ELEC-1088,13,0
cb7649e0,ELEC-1090,384,0
295668e2,ELEC-1059,17,0
7bca5ca3,ELEC-1066,55,0
e825818f,ELEC-1020,326,2
3ded071a,ELEC-1020,97,2
dcc3b72c,ELEC-1010,363,1
ec7603a5,ELEC-1094,359,2
6ad1355e,ELEC-1024,283,0
8b95e000,ELEC-1097,196,0
8198f1c3,ELEC-1059,347,0
609298bd,ELEC-1029,114,0
d86db9fc,ELEC-1054,325,0
a2cbc96c,ELEC-1001,112,0
c487102f,ELEC-1001,97,0
ec8e96ea,ELEC-1022,179,0
6a8764b6,ELEC-1074,27,1
7de47d61,ELEC-1048,81,0
08ce24f7,ELEC-1009,265,0
8a2c5b14,ELEC-1033,296,0
353a21da,ELEC-1030,209,0
6a9c47e6,ELEC-1046,209,0
e42421c1,ELEC-1093,323,0
998c9b1a,ELEC-1027,280,0
7b0c29c5,ELEC-1042,175,2
99a8c118,ELEC-1038,184,2
b72716ce,ELEC-1044,160,0
b236d392,ELEC-1051,358,0
c088891d,ELEC-1055,264,1
1d492742,ELEC-1086,154,2
93482306,ELEC-1031,38,0
2a61fb74,ELEC-1018,41,0
e7d10aa8,ELEC-1002,208,0
6697d49f,ELEC-1090,151,0
f16a7005,ELEC-1094,42,2
5a02e2a6,ELEC-1010,288,0
02c3e812,ELEC-1017,384,0
7c4322e4,ELEC-1001,11,1
ccabe248,ELEC-1015,28,0
be98bc98,ELEC-1015,280,0
f6094410,ELEC-1035,101,0
241bc193,ELEC-1008,204,0
68fbdea1,ELEC-1073,88,0
44a90b19,ELEC-1063,117,0
ff3cdf06,ELEC-1088,232,0
730afaff,ELEC-1042,98,0
e09fb7f7,ELEC-1078,76,2
3e8e01a6,ELEC-1040,397,0
163bca65,ELEC-1036,288,2
ef8d3508,ELEC-1015,165,0
429fe9bb,ELEC-1093,333,2
3e6d2bc3,ELEC-1053,307,0
3f12368b,ELEC-1019,115,0
e06a0a4e,ELEC-1043,361,0
c4ffb8cd,ELEC-1013,12,0
fb6f74e3,ELEC-1037,91,0
5411e3ec,ELEC-1068,236,0
7f29f9b8,ELEC-1074,272,0
c23db9b2,ELEC-1069,328,2
11092b6e,ELEC-1001,209,0
89296681,ELEC-1088,157,0
a5bdaf21,ELEC-1019,180,0
389658d5,ELEC-1067,64,0
dde857d7,ELEC-1089,131,0
bbe7c1e7,ELEC-1057,116,0
132168a5,ELEC-1030,80,0
d29b36d7,ELEC-1096,288,0
de507190,ELEC-1089,395,0
2a1d74cb,ELEC-1025,176,0
ad96fde0,ELEC-1015,240,0
8081a2e4,ELEC-1059,117,1
dc38105b,ELEC-1075,159,0
2eddc774,ELEC-1091,348,0
494fa971,ELEC-1015,336,1
5c06f532,ELEC-1054,206,0
4e8af305,ELEC-1022,305,0
db648b57,ELEC-1046,127,0
80bf390f,ELEC-1034,131,0
198d9596,ELEC-1046,351,2
52f08f46,ELEC-1006,77,0
b46d18c6,ELEC-1075,373,2
5081c8a7,ELEC-1051,383,0
faf2baa4,ELEC-1073,355,0
32a43150,ELEC-1005,228,0
9419f64f,ELEC-1018,184,0
3fca6e68,ELEC-1068,203,0
87495449,ELEC-1018,241,0
8334ed9d,ELEC-1092,93,0
7e031b61,ELEC-1059,84,0
8f27244a,ELEC-1014,290,0
1f56055c,ELEC-1045,224,0
f78979af,ELEC-1017,369,0
df607ea8,ELEC-1010,257,1
8e2a69fb,ELEC-1071,281,0
96e28a7b,ELEC-1027,227,0
d6bdad80,ELEC-1029,353,0
cb891d77,ELEC-1022,135,0
e851492e,ELEC-1057,380,2
a2a3c517,ELEC-1077,194,0
743c106d,ELEC-1048,49,0
d8e1617e,ELEC-1026,164,0
bfd2f620,ELEC-1033,100,0
66f41de3,ELEC-1055,26,0
1f92c48f,ELEC-1051,79,0
930ef1e6,ELEC-1044,264,0
cf39f03c,ELEC-1023,202,1
5b011b84,ELEC-1024,146,0
343ed58b,ELEC-1052,78,0
56df790a,ELEC-1006,383,0
fdb07094,ELEC-1091,123,1
6ced0abc,ELEC-1034,199,0
9d18ecfe,ELEC-1006,234,0
9f367342,ELEC-1055,319,0
812d85a2,ELEC-1012,220,0
c2bac86b,ELEC-1044,180,0
661b5fce,ELEC-1050,253,2
30fdae53,ELEC-1001,116,2
6462fa09,ELEC-1048,38,0
a05e4752,ELEC-1016,236,0
a6f70608,ELEC-1048,142,0
b5d306e0,ELEC-1095,65,0
d4b5942c,ELEC-1077,107,0
8229879b,ELEC-1092,161,0
e8c62d22,ELEC-1029,228,0
b332ef3c,ELEC-1048,261,1
b32fa3b5,ELEC-1029,324,0
e22bd677,ELEC-1045,279,0
c683351b,ELEC-1095,295,1
ad33179c,ELEC-1068,274,2
e2f38bf4,ELEC-1086,280,0
c1b03895,ELEC-1027,376,0
9ceb97ee,ELEC-1078,399,0
eaa0199e,ELEC-1031,85,0
71b1baea,ELEC-1061,349,0
3d6022f0,ELEC-1000,88,0
55bfadfb,ELEC-1006,47,0
67ad87c5,ELEC-1044,271,0
0a8bee41,ELEC-1044,69,0
22db70ef,ELEC-1046,15,0
abc20459,ELEC-1025,249,0
dc28cec6,ELEC-1087,277,0
3bf5a9a2,ELEC-1011,171,0
9637a05e,ELEC-1066,288,0
a07a6894,ELEC-1037,315,0
84e073fd,ELEC-1052,162,0
b5cf12da,ELEC-1074,195,0
020f43c4,ELEC-1063,295,0
adbc0cdd,ELEC-1003,365,2
7256a457,ELEC-1030,60,1
4c94d698,ELEC-1074,253,0
2749c748,ELEC-1086,143,2
e8b5dece,ELEC-1052,311,0
9e564f1e,ELEC-1065,291,0
a73385b9,ELEC-1040,241,0
f9447723,ELEC-1022,247,0
d68fab58,ELEC-1010,24,0
a3b2eb78,ELEC-1052,216,0
41814d36,ELEC-1087,32,1
98ad36ca,ELEC-1077,265,0
33186dff,ELEC-1012,174,0
163f92bd,ELEC-1092,271,0
2b7f7551,ELEC-1044,286,0
3ddec0be,ELEC-1068,285,0
5ca11c1c,ELEC-1003,170,0
40061f06,ELEC-1040,107,0
0be9d303,ELEC-1072,376,0
305f1223,ELEC-1077,226,2
510324c0,ELEC-1003,267,0
cf7babd4,ELEC-1064,178,0
c9b5d814,ELEC-1051,126,0
c83008cb,ELEC-1027,360,0
09f644ad,ELEC-1001,389,2
662f7769,ELEC-1024,365,2
ad1f1051,ELEC-1082,263,0
67402d7e,ELEC-1031,35,0
18e628e0,ELEC-1017,344,0
9d0db35f,ELEC-1099,250,2
39b20f69,ELEC-1050,391,0
b7e35dd8,ELEC-1046,200,2
a28ea1ba,ELEC-1051,136,2
343e8ff8,ELEC-1091,276,0
e4ff24f5,ELEC-1064,396,0
fbf9e6ed,ELEC-1037,186,0
467be799,ELEC-1056,209,2
61209207,ELEC-1000,90,0
f430ebe9,ELEC-1081,140,0
4290f0df,ELEC-1007,190,0
80d563ca,ELEC-1010,189,0
a4bfe0cb,ELEC-1066,31,0
2011aa6f,ELEC-1049,279,0
3d441df8,ELEC-1079,189,0
cad5d3b5,ELEC-1060,232,2
852742fd,ELEC-1008,50,0
6da391c1,ELEC-1028,45,0
6a7c1359,ELEC-1036,124,0
3ab9ba7d,ELEC-1028,57,0
85125e1e,ELEC-1054,97,2
e0b02be7,ELEC-1089,259,0
346e2862,ELEC-1076,32,0
7e5e9904,ELEC-1006,180,0
f75ea3df,ELEC-1094,389,2
5546649c,ELEC-1042,104,0
9b72ceee,ELEC-1063,394,2
32993ee8,ELEC-1062,27,1
ccdf7890,ELEC-1026,305,1
5b6c20a5,ELEC-1017,264,0
0b11f5b9,ELEC-1082,18,0
f7457baa,ELEC-1002,219,0
ea2a6a64,ELEC-1048,19,0
75783235,ELEC-1031,104,0
4e9f244a,ELEC-1075,320,0
2b0f6d35,ELEC-1047,390,0
2aac2606,ELEC-1021,247,0
89057b42,ELEC-1086,76,1
72690d5c,ELEC-1021,395,0
84dff082,ELEC-1099,322,0
9529d72d,ELEC-1022,388,0
27f4ee8c,ELEC-1093,230,2
eb5227b1,ELEC-1067,365,2
e0ef51a4,ELEC-1004,394,0
7c8b3516,ELEC-1059,303,0
c13e89af,ELEC-1014,137,0
ca3a31e7,ELEC-1086,31,0
0690dbd7,ELEC-1005,278,0
3b6d4426,ELEC-1064,10,1
74c4a9ec,ELEC-1085,179,0
bc2b227c,ELEC-1036,21,0
32923cc3,ELEC-1015,180,0
e1bb4989,ELEC-1043,84,0
709530f5,ELEC-1078,197,0
fad85055,ELEC-1052,333,0
19fd96e0,ELEC-1095,398,0
f79a244d,ELEC-1013,85,1
8681c364,ELEC-1076,53,2
93bf6a20,ELEC-1070,122,2
75e6f971,ELEC-1000,162,0
efded7d1,ELEC-1053,64,0
3a25b3c5,ELEC-1010,177,2
cfac6e4d,ELEC-1035,308,0
66c2c752,ELEC-1045,16,0
10f64760,ELEC-1088,119,0
f2beed62,ELEC-1062,296,2
464739b0,ELEC-1091,124,0
4a579369,ELEC-1096,44,2
561f4b35,ELEC-1016,137,0
f4527cf0,ELEC-1008,224,0
cbbc9349,ELEC-1070,116,0
16f06ce7,ELEC-1031,59,0
90754425,ELEC-1036,49,2
cf9463ef,ELEC-1047,395,0
fd076e04,ELEC-1095,61,0
2376a017,ELEC-1076,205,0
969462aa,ELEC-1030,384,2
56b2cce8,ELEC-1040,271,0
b7cef4d5,ELEC-1096,252,0
6d62e90c,ELEC-1069,165,0
37fc75ad,ELEC-1003,243,0
2a625356,ELEC-1017,254,0
4b0cb70f,ELEC-1068,179,1
1991eea9,ELEC-1011,169,0
3651358f,ELEC-1043,326,0
cd27cdc3,ELEC-1079,390,0
3f924209,ELEC-1064,161,0
a2e34785,ELEC-1043,23,0
57f2746a,ELEC-1091,10,2
aba46e99,ELEC-1079,246,0
29bc3cfc,ELEC-1032,369,0
9d1a108b,ELEC-1093,142,0
5919b90b,ELEC-1073,142,2
4330ac91,ELEC-1052,19,0
340a5e92,ELEC-1013,355,0
5558e6af,ELEC-1098,22,0
b8f7ca37,ELEC-1043,279,2
397854d2,ELEC-1071,154,2
c12a823b,ELEC-1007,217,0
a1cfe45a,ELEC-1041,379,0
573c9189,ELEC-1015,208,2
daf30307,ELEC-1025,158,0
baac33f1,ELEC-1077,97,2
9c224d9a,ELEC-1083,298,0
003b8f2d,ELEC-1050,385,0
183eef0c,ELEC-1042,15,0
4a2f46fb,ELEC-1053,213,0
2f0c9b0f,ELEC-1052,223,0
1cd076de,ELEC-1043,274,0
7e66f03f,ELEC-1082,342,0
4d785bdc,ELEC-1038,296,1
1b4b15c9,ELEC-1093,294,0
1e5a0f76,ELEC-1095,86,0
338a160a,ELEC-1020,127,0
c7d0d4c4,ELEC-1077,378,0
5146c1a5,ELEC-1086,98,0
6a836a88,ELEC-1063,291,0
2a490ac5,ELEC-1074,318,0
848e7e06,ELEC-1077,319,0
67749992,ELEC-1017,29,0
a927a0c0,ELEC-1014,213,0
d0d6fa9f,ELEC-1080,70,0
be39cf89,ELEC-1099,163,1
fb736c8f,ELEC-1043,107,0
7b197d49,ELEC-1098,59,0
3036c5d4,ELEC-1036,219,0
10cfcce8,ELEC-1095,70,0
f874ae23,ELEC-1078,241,0
ddad9689,ELEC-1074,169,0
2a785f95,ELEC-1050,241,2
317aa574,ELEC-1012,277,0
78aa41df,ELEC-1044,58,0
09653528,ELEC-1068,375,0
22bc347e,ELEC-1025,64,1
c26055c0,ELEC-1047,228,2
f7ea0e6e,ELEC-1058,188,0
740618cf,ELEC-1079,332,0
b5622592,ELEC-1009,42,0
237faa8a,ELEC-1064,91,0
d55e0b98,ELEC-1041,85,0
20768fe3,ELEC-1071,350,0
a68a01bf,ELEC-1006,292,0
108075d7,ELEC-1065,122,0
c7410c97,ELEC-1034,338,0
d964d927,ELEC-1095,189,0
a25eb775,ELEC-1080,220,0
6c2cc949,ELEC-1095,271,0
ce3799db,ELEC-1019,307,0
f9472edc,ELEC-1098,76,0
f8ecdfd8,ELEC-1096,293,1
d3faabab,ELEC-1013,16,0
93927ae7,ELEC-1071,68,0
97861335,ELEC-1014,361,1
408174de,ELEC-1026,82,0
c1cb15e3,ELEC-1089,309,2
ba18ad99,ELEC-1060,352,2
4b408ed4,ELEC-1004,315,0
28afd636,ELEC-1042,229,0
0b686b6c,ELEC-1010,108,0
122a9b33,ELEC-1048,223,1
251ec472,ELEC-1001,306,2
050717f1,ELEC-1023,44,0
4792953c,ELEC-1044,190,1
60bae061,ELEC-1022,272,0
dda5a595,ELEC-1022,287,0
6952604c,ELEC-1080,81,0
3c23cd06,ELEC-1036,24,0
11d142dc,ELEC-1090,110,1
88e49d78,ELEC-1067,154,0
dc27a00f,ELEC-1011,344,0
3f7039cd,ELEC-1001,121,0
c053d74d,ELEC-1047,83,0
048bf4c0,ELEC-1098,365,1
b6c96654,ELEC-1074,333,0
a4ce632c,ELEC-1059,113,0
ffc48bb5,ELEC-1008,96,0
8fd74041,ELEC-1012,159,0
15a6ebe3,ELEC-1019,134,0
c19e9109,ELEC-1061,207,0
2b5cc06f,ELEC-1012,339,0
e70eada7,ELEC-1064,301,0
56843d87,ELEC-1024,284,0
9395df8c,ELEC-1046,225,0
5dc28d2d,ELEC-1033,172,2
5bd77158,ELEC-1098,43,0
57636b75,ELEC-1078,46,0
02c5b22c,ELEC-1003,285,0
63cb0bee,ELEC-1073,35,0
f1fbe608,ELEC-1032,72,0
d7d78406,ELEC-1049,182,0
3d2366cf,ELEC-1069,264,2
dd4bb603,ELEC-1036,275,0
6f3ff8ff,ELEC-1038,142,0
bc052013,ELEC-1008,187,0
b1b36eac,ELEC-1057,138,0
6c05ea72,ELEC-1093,58,0
71233c48,ELEC-1077,324,0
f42c9c61,ELEC-1093,167,0
b2550301,ELEC-1074,350,2
041db009,ELEC-1098,82,2
a72ec239,ELEC-1080,22,0
a3c56962,ELEC-1043,336,0
304b95ba,ELEC-1080,87,0
4f744959,ELEC-1031,264,0
9a29e739,ELEC-1055,210,1
96c5a288,ELEC-1063,105,0
08098282,ELEC-1016,231,0
f1ce9456,ELEC-1095,307,0
06180522,ELEC-1083,156,0
ce1b2bfb,ELEC-1084,271,0
362e5106,ELEC-1008,72,0
cb71c96b,ELEC-1070,240,0
248c5f76,ELEC-1058,94,0
249328c6,ELEC-1043,317,0
82630e3f,ELEC-1035,390,2
f221d68e,ELEC-1036,276,0
10d46b3c,ELEC-1017,248,0
2c714a5e,ELEC-1049,332,0
5c61d52c,ELEC-1075,188,0
5b47f01c,ELEC-1003,369,0
1b851648,ELEC-1062,251,1
96a2c91a,ELEC-1084,235,0
693a8976,ELEC-1010,312,0
e6fc0ab5,ELEC-1006,161,2
847c735a,ELEC-1080,253,2
06954f9e,ELEC-1038,96,0
7d23ce37,ELEC-1035,213,0
b9968674,ELEC-1024,87,0
a593236e,ELEC-1030,351,0
8a9780ab,ELEC-1028,318,2
90c4fbd1,ELEC-1082,271,0
0c0f11d4,ELEC-1048,57,1
aef61a0e,ELEC-1078,355,2
41c656cd,ELEC-1058,316,0
2cca96d7,ELEC-1061,137,2
dce1ea12,ELEC-1048,327,0
42d6039d,ELEC-1045,30,0
a3908471,ELEC-1000,225,0
e338997b,ELEC-1002,90,0
bcc7f5cf,ELEC-1098,95,0
30fb9e9f,ELEC-1001,237,1
6dc926f5,ELEC-1068,311,1
4492a5bc,ELEC-1027,263,0
92504557,ELEC-1086,151,0
6e663123,ELEC-1048,10,0
f9a9435d,ELEC-1073,175,1
24459dc2,ELEC-1011,379,0
781a176a,ELEC-1016,112,0
5419ca24,ELEC-1070,204,2
e8af5387,ELEC-1008,30,0
0f6935fc,ELEC-1097,191,0
521c00bd,ELEC-1088,138,2
f8fe4147,ELEC-1051,174,0
06d2ff75,ELEC-1004,170,0
bcab49b8,ELEC-1071,254,0
e45a1f6f,ELEC-1038,99,0
a1ed1223,ELEC-1026,130,0
f42230a7,ELEC-1037,43,0
66e59b22,ELEC-1019,187,1
e5f73b28,ELEC-1080,317,1
9bf16385,ELEC-1038,146,0
410444b3,ELEC-1001,256,0
fd3e0841,ELEC-1016,302,0
df8d48c0,ELEC-1098,291,0
50d2f66f,ELEC-1012,253,1
b41be96e,ELEC-1084,26,0
162c76bd,ELEC-1040,25,0
e24679b6,ELEC-1032,69,0
a49b4b74,ELEC-1017,324,0
b698803f,ELEC-1029,75,0
4c0632bb,ELEC-1014,145,0
02094b51,ELEC-1081,128,0
2fa888f8,ELEC-1040,194,0
869a8525,ELEC-1043,396,0
0d8f39b6,ELEC-1058,34,0
e64e1e7d,ELEC-1020,103,0
ea3d6674,ELEC-1079,302,0
90fe9cff,ELEC-1008,157,0
a528e5f3,ELEC-1076,363,1
c50e82c8,ELEC-1045,208,0
749cdfea,ELEC-1061,272,0
38610370,ELEC-1002,259,2
257963b8,ELEC-1047,256,0
b5eae53f,ELEC-1020,60,0
4e419e06,ELEC-1061,122,0
b6f3bafe,ELEC-1045,200,0
f3dfb86b,ELEC-1072,60,1
6ea855f0,ELEC-1044,370,0
a049466d,ELEC-1039,365,0
b662c546,ELEC-1088,248,2
facc94a2,ELEC-1086,239,1
d7e90178,ELEC-1070,126,2
b6d25b52,ELEC-1033,315,0
1f04db49,ELEC-1032,96,0
8ca5bb08,ELEC-1072,62,1
dfe5ffdb,ELEC-1086,354,0
b2d2cf79,ELEC-1001,28,0
7d1a48f0,ELEC-1074,198,2
5b18f23a,ELEC-1057,71,0
4529fd03,ELEC-1025,349,2
5ba02a35,ELEC-1070,141,0
398b2688,ELEC-1057,145,0
248894f3,ELEC-1097,222,0
7c337cbc,ELEC-1038,342,0
30558771,ELEC-1016,237,0
7ad4b3ac,ELEC-1087,152,0
64f6ea9d,ELEC-1003,206,0
07bf9f88,ELEC-1088,378,1
56543c6d,ELEC-1097,114,0
17bf8981,ELEC-1039,152,0
d006990c,ELEC-1089,274,0
b945d9cd,ELEC-1003,33,0
93a063b0,ELEC-1038,44,0
a7961b6d,ELEC-1040,175,0
620c8e10,ELEC-1029,277,0
56e24e06,ELEC-1021,362,1
f9cc344b,ELEC-1095,368,0
33536059,ELEC-1053,160,0
1885e93c,ELEC-1066,62,1
099bf6ed,ELEC-1071,27,0
8b6c871b,ELEC-1005,16,0
e68c492b,ELEC-1008,95,0
5cc2cc8f,ELEC-1063,81,0
c663267d,ELEC-1075,388,0
3897eef8,ELEC-1083,152,0
1b554fb3,ELEC-1085,94,0
6c837349,ELEC-1039,259,0
ff6fb70c,ELEC-1015,177,0
31f7b3f8,ELEC-1084,227,0
ff80e085,ELEC-1008,323,0
9949cf9b,ELEC-1005,12,1
0b38ad91,ELEC-1038,259,2
0b6c72d7,ELEC-1020,301,1
20f8f010,ELEC-1028,74,1
19470c71,ELEC-1019,359,0
7dc21a48,ELEC-1066,272,0
d7f83c75,ELEC-1060,192,2
775511cc,ELEC-1007,91,0
9af72034,ELEC-1020,379,0
73e2f2fd,ELEC-1015,138,2
55e42790,ELEC-1071,37,0
7d1b8090,ELEC-1087,99,0
feeda2f6,ELEC-1080,120,0
bf7b1e60,ELEC-1011,354,0
6e9fc882,ELEC-1059,61,0
85a2826c,ELEC-1088,173,0
007a335a,ELEC-1025,396,0
5ef2f2e6,ELEC-1051,386,0
f9c26b14,ELEC-1093,256,0
0f00febe,ELEC-1084,296,0
783ef914,ELEC-1011,234,0
2067777a,ELEC-1002,107,0
1c6cf9e0,ELEC-1015,202,0
1bbd22ef,ELEC-1053,393,0
03e6978a,ELEC-1037,345,0
caaa5010,ELEC-1008,63,0
287573a2,ELEC-1097,306,0
074e5ad5,ELEC-1041,181,0
4b34b1cf,ELEC-1061,195,0
d32185ed,ELEC-1012,333,0
0f11c66c,ELEC-1091,199,0
ff084da3,ELEC-1016,127,0
6bc778b5,ELEC-1039,87,2
b84d4bb0,ELEC-1037,96,1
9d04a249,ELEC-1006,309,0
8f92d0ba,ELEC-1088,46,1
939905e8,ELEC-1040,225,0
425e5b62,ELEC-1053,356,1
470b48f2,ELEC-1015,183,0
b399a6c4,ELEC-1050,125,0
f43365eb,ELEC-1074,231,1
5c06667c,ELEC-1048,285,0
f6f2dfea,ELEC-1025,315,0
e77120c5,ELEC-1080,352,0
be38c0e8,ELEC-1087,327,0
5319ffb9,ELEC-1043,115,0
dbba3f30,ELEC-1039,291,0
6b8dd451,ELEC-1051,128,0
884a686b,ELEC-1090,301,2
f5eb6f26,ELEC-1088,105,2
fa1fa3c3,ELEC-1045,344,0
0c11e69b,ELEC-1096,335,1
a596e846,ELEC-1002,207,0
8bdedb39,ELEC-1067,155,0
b262ec05,ELEC-1082,136,0
b3af913a,ELEC-1046,233,0
f53956a9,ELEC-1077,27,0
aaf17395,ELEC-1053,51,0
9dd7cd30,ELEC-1023,192,0
96d6595d,ELEC-1058,69,0
92a84a65,ELEC-1023,154,2
1ed47c70,ELEC-1007,278,0
1b507b3b,ELEC-1041,133,2
e58af950,ELEC-1016,275,0
306b9a76,ELEC-1076,378,0
2aede034,ELEC-1018,379,0
ebf4937b,ELEC-1059,208,0
7c24dd65,ELEC-1043,208,0
06e080ca,ELEC-1041,324,0
4dc9470a,ELEC-1002,111,0
5652001d,ELEC-1081,80,0
5bbd552b,ELEC-1066,378,0
f1208798,ELEC-1022,175,0
28eb4a2d,ELEC-1050,20,0
b4b09295,ELEC-1021,355,0
1f090b82,ELEC-1098,115,2
1c4788b8,ELEC-1048,379,0
b2455af7,ELEC-1050,334,1
92b7458a,ELEC-1065,16,0
b85e5836,ELEC-1070,37,0
4fefeab1,ELEC-1008,92,0
eb74700b,ELEC-1070,201,0
2c4d9b97,ELEC-1060,80,0
9e80e4d6,ELEC-1037,279,0
deb82cb9,ELEC-1000,161,0
c5c1d714,ELEC-1078,222,1
37538f4c,ELEC-1057,65,1
d9dc1924,ELEC-1075,243,0
8a30c2a0,ELEC-1013,281,0
d66dec05,ELEC-1099,305,0
15104705,ELEC-1056,363,0
a4640ee0,ELEC-1052,136,0
a7c61915,ELEC-1047,267,0
89385506,ELEC-1054,164,0
5f0d416c,ELEC-1080,165,2
6ca01ece,ELEC-1061,121,0
edc37af2,ELEC-1020,71,0
9833dd5d,ELEC-1020,330,0
c62aaa40,ELEC-1045,282,2
1bfbd674,ELEC-1000,205,1
1771f474,ELEC-1025,350,0
22c8358f,ELEC-1045,161,2
a6a47fcf,ELEC-1087,349,0
e0eab1d7,ELEC-1089,245,0
8fc2e1c8,ELEC-1032,25,2
2e4f37c0,ELEC-1005,280,0
913a38df,ELEC-1002,148,0
f5de051b,ELEC-1042,265,0
87a9c2e2,ELEC-1075,399,0
e8db6983,ELEC-1058,309,1
c2ebbc1a,ELEC-1088,193,0
0d77e432,ELEC-1071,14,0
e7f7f7fc,ELEC-1010,237,0
22f5ad27,ELEC-1005,68,0
ca5377f0,ELEC-1005,172,0
3efe3b42,ELEC-1018,99,1
eda6ef09,ELEC-1088,270,0
4acbf5da,ELEC-1010,27,2
c4839f08,ELEC-1008,361,0
01346377,ELEC-1087,246,0
5f97ed39,ELEC-1009,48,0
51fb5c47,ELEC-1082,355,2
22e3ff0a,ELEC-1083,271,0
d625a267,ELEC-1035,99,0
db0a8695,ELEC-1006,259,0
0f99237a,ELEC-1048,233,0
b6e5ca99,ELEC-1070,158,0
c94efa4e,ELEC-1026,13,0
bf09e820,ELEC-1091,146,1
9ed9d88f,ELEC-1089,214,0
8b49713e,ELEC-1048,315,0
0506d7fd,ELEC-1070,169,0
53231cde,ELEC-1078,16,2
9aebe5c9,ELEC-1028,365,0
23538193,ELEC-1035,114,0
c976963d,ELEC-1020,318,0
1fbdc615,ELEC-1017,307,0
696f60cb,ELEC-1099,43,0
4d2a717d,ELEC-1048,386,0
7ce88191,ELEC-1088,154,0
94db88e2,ELEC-1067,188,2
968d320b,ELEC-1032,330,1
2c94a6da,ELEC-1052,193,0
a5362087,ELEC-1090,280,0
2ef28056,ELEC-1015,37,2
e36a3f75,ELEC-1053,253,0
1d21ab20,ELEC-1057,184,0
cb1f6d05,ELEC-1023,272,0
81cfb5de,ELEC-1069,184,0
8653af80,ELEC-1009,399,0
9de525e1,ELEC-1099,122,0
235497d4,ELEC-1068,225,0
c87a0391,ELEC-1064,61,0
7b8d6c91,ELEC-1017,397,0
2faa2e58,ELEC-1049,230,0
b5079ed3,ELEC-1027,101,0
dd24b107,ELEC-1077,167,0
ba348ae2,ELEC-1027,255,0
2b8010ed,ELEC-1073,195,0
8e635fb4,ELEC-1041,206,0
8bdebe19,ELEC-1064,306,0
37da59a2,ELEC-1069,320,0
69ee0801,ELEC-1094,191,0
57cd1757,ELEC-1043,104,1
3508d0d1,ELEC-1053,355,2
d0fe3850,ELEC-1091,288,0
ea455a49,ELEC-1069,90,0
0c43892e,ELEC-1031,372,0
11dd95b7,ELEC-1039,112,0
2da4fbed,ELEC-1040,168,0
7897417a,ELEC-1016,60,0
c6acbeb1,ELEC-1028,47,0
c067fe26,ELEC-1042,396,2
254ce822,ELEC-1007,46,0
36f9a388,ELEC-1055,57,1
f666e716,ELEC-1010,274,0
23692765,ELEC-1095,216,1
5a0d133d,ELEC-1078,141,0
cbdcab27,ELEC-1055,236,0
0be8412d,ELEC-1075,239,0
096970fa,ELEC-1024,110,0
3e8de889,ELEC-1003,338,0
fa4ec549,ELEC-1099,371,0
74360bcd,ELEC-1010,373,0
fdfa6b1a,ELEC-1043,311,0
717da3cb,ELEC-1042,305,1
6434a34e,ELEC-1089,98,1
0cd23403,ELEC-1031,346,2
b0f761be,ELEC-1059,31,0
205b7a35,ELEC-1016,110,2
0c0f7ae9,ELEC-1081,333,0
2c721406,ELEC-1032,164,1
b20ca24d,ELEC-1011,346,2
bec4ab46,ELEC-1076,231,0
ebda96ba,ELEC-1073,203,2
d5810e13,ELEC-1072,52,0
91e7fccf,ELEC-1049,358,2
19b91c68,ELEC-1063,104,1
f73178b8,ELEC-1014,318,0
cf2a0617,ELEC-1096,254,1
2d0eaf21,ELEC-1003,31,0
c9b3293e,ELEC-1085,108,2
7df217af,ELEC-1092,98,2
863a77d7,ELEC-1005,204,0
99c88db8,ELEC-1088,354,0
c5131b0c,ELEC-1029,37,0
0507892c,ELEC-1084,20,0
b0759784,ELEC-1010,75,2
2830026e,ELEC-1006,55,0
53767826,ELEC-1063,381,0
641753f6,ELEC-1086,310,0
03266c83,ELEC-1092,45,0
4c560eaa,ELEC-1078,12,0
006e9f95,ELEC-1098,157,0
3468c56e,ELEC-1077,239,0
d02bb28d,ELEC-1095,266,0
fdc2588d,ELEC-1088,343,0
806b45d6,ELEC-1084,49,2
6b77dac7,ELEC-1011,91,0
26f36e43,ELEC-1014,165,0
665c7f54,ELEC-1008,143,0
b15644b0,ELEC-1041,333,0
2c4e649c,ELEC-1033,133,2
e0ac6b1d,ELEC-1019,203,0
ab4763fd,ELEC-1020,168,0
cd6a435b,ELEC-1052,373,0
8ba2698f,ELEC-1023,398,0
3d100d38,ELEC-1000,196,0
5a6879c8,ELEC-1065,285,0
5e183047,ELEC-1024,186,0
d80e9e20,ELEC-1037,394,0
87cb64e6,ELEC-1061,282,0
dc8d2f8b,ELEC-1048,144,0
ba6120b4,ELEC-1002,154,0
e768c841,ELEC-1028,326,0
afdcc294,ELEC-1093,325,0
1884f241,ELEC-1079,380,0
9ec6b4a9,ELEC-1077,194,2
e84fc38a,ELEC-1028,311,0
9fed6b3e,ELEC-1062,244,0
81a7a7cb,ELEC-1053,326,0
2fcc8246,ELEC-1038,309,0
7810f2b2,ELEC-1099,126,0
1267faa6,ELEC-1023,98,2
580ee911,ELEC-1085,187,0
b9dc56d5,ELEC-1006,124,0
612f4e2b,ELEC-1010,370,0
d3e78dd0,ELEC-1083,58,0
a334700e,ELEC-1027,61,0
81539536,ELEC-1080,23,2
d7dad275,ELEC-1004,222,0
45bab3fb,ELEC-1073,151,2
ad156870,ELEC-1067,41,0
0efe8678,ELEC-1078,137,2
7e2136a1,ELEC-1095,54,0
f1faf295,ELEC-1058,193,0
2b36dda0,ELEC-1058,128,1
d8560041,ELEC-1079,274,0
5e4e3be6,ELEC-1046,109,0
b80bc928,ELEC-1013,145,0
92f25347,ELEC-1036,343,0
5efab66f,ELEC-1019,76,0
1cc0d2ea,ELEC-1042,333,0
faed031f,ELEC-1072,89,0
e9be8c2f,ELEC-1034,226,0
d53765e0,ELEC-1032,73,0
f623c704,ELEC-1012,169,0
6d15218d,ELEC-1017,278,0
9f76071a,ELEC-1058,149,0
cfc9c072,ELEC-1088,256,0
2857d591,ELEC-1050,314,2
51be52c9,ELEC-1027,29,0
464838f4,ELEC-1016,271,0
4a3e8862,ELEC-1018,339,1
559255d3,ELEC-1023,360,0
41642f7f,ELEC-1093,20,0
25a5ae87,ELEC-1073,252,0
1d9fe84b,ELEC-1086,390,0
832508f0,ELEC-1089,384,1
8fee0249,ELEC-1022,369,2
063d6393,ELEC-1007,327,0
fc52c772,ELEC-1044,162,0
3d96a3ae,ELEC-1055,213,0
70d826c8,ELEC-1068,313,2
d35a3f22,ELEC-1022,155,0
d143283d,ELEC-1079,394,0
671d03bb,ELEC-1000,107,0
55ae4d2d,ELEC-1099,63,2
d7491c6d,ELEC-1092,301,0
563f7542,ELEC-1085,215,0
7a9657c5,ELEC-1037,17,0
249f1d28,ELEC-1049,271,0
1c7c0baa,ELEC-1043,204,0
a6995885,ELEC-1039,75,0
75a0649c,ELEC-1044,164,0
e93d29f9,ELEC-1091,82,1
c2b3492e,ELEC-1008,157,0
965c3231,ELEC-1083,53,0
2fb7e105,ELEC-1090,224,0
3dfd1ac5,ELEC-1077,49,1
5ed9e844,ELEC-1017,240,0
124731ed,ELEC-1018,177,0
577d4213,ELEC-1038,166,0
00c7d875,ELEC-1087,94,0
c326fe34,ELEC-1082,366,2
9ba171b8,ELEC-1070,257,0
7feb8416,ELEC-1086,245,0
2a0cec3b,ELEC-1024,120,0
d7c6a698,ELEC-1002,289,0
b05f7015,ELEC-1091,32,0
afe0d4e6,ELEC-1010,279,0
00da5244,ELEC-1024,169,0
655c35f0,ELEC-1008,293,0
547a771e,ELEC-1004,253,0
2fe95d7d,ELEC-1095,119,1
fb7afceb,ELEC-1044,386,0
4921759a,ELEC-1031,272,1
d1bf8abd,ELEC-1091,387,2
0a45ee1c,ELEC-1077,369,0
5738b786,ELEC-1039,105,0
1b41b6a0,ELEC-1077,393,2
fea1f1d0,ELEC-1060,338,0
7f6c81dc,ELEC-1070,382,0
780f7916,ELEC-1082,194,0
a1c6f28e,ELEC-1052,396,0
ff0d2924,ELEC-1045,43,0
ff0373d4,ELEC-1040,134,0
3ea6aeef,ELEC-1053,391,2
9e4ae6e1,ELEC-1063,374,0
5ad2dc86,ELEC-1009,192,0
7d6a27f1,ELEC-1099,235,0
75cd0cd0,ELEC-1097,65,0
5aa2b2c3,ELEC-1072,312,0
a70d7cb0,ELEC-1019,234,0
98be8f82,ELEC-1003,344,2
a00f55bb,ELEC-1088,187,0
713ae6b9,ELEC-1034,352,0
4c3ef347,ELEC-1075,123,0
b1974a6b,ELEC-1034,168,0
c3f8bd1a,ELEC-1075,320,0
9586b371,ELEC-1014,281,0
22b9622e,ELEC-1058,103,0
459854f5,ELEC-1027,66,0
5934700e,ELEC-1024,32,0
de963d07,ELEC-1037,319,1
2b9dd804,ELEC-1010,355,0
6a0a176d,ELEC-1094,280,0
384d8d7d,ELEC-1096,237,0
7e160f42,ELEC-1039,268,0
e95d6305,ELEC-1036,213,0
b6f375e2,ELEC-1040,90,0
67fe7355,ELEC-1007,193,0
59dc7d03,ELEC-1036,36,0
fef008c1,ELEC-1023,128,1
51311d7a,ELEC-1061,12,0
88f0ad39,ELEC-1003,153,0
0f1a9a1a,ELEC-1016,75,0
16cc9a01,ELEC-1098,279,0
98a9785d,ELEC-1010,209,0
782a7c89,ELEC-1093,161,0
7cb53e2e,ELEC-1034,138,0
f9e3c180,ELEC-1008,375,0
00612cf4,ELEC-1090,331,0
c7f72c54,ELEC-1011,212,0
e9b0453b,ELEC-1085,173,0
7273bfe0,ELEC-1094,254,0
d3faf7d4,ELEC-1056,198,0
2f9dae9f,ELEC-1065,255,0
06688449,ELEC-1078,389,0
8c365074,ELEC-1023,86,0
6075f5a8,ELEC-1011,291,2
8fe63db3,ELEC-1023,360,0
69ce2ead,ELEC-1036,363,0
c24a6817,ELEC-1001,361,0
2c242309,ELEC-1017,172,0
94e6564a,ELEC-1080,164,0
0d3f779f,ELEC-1077,224,0
e55ab4d6,ELEC-1098,95,0
d75dd9eb,ELEC-1082,60,0
72f0e8c6,ELEC-1060,242,0
77c609e6,ELEC-1048,340,0
7bcf0d63,ELEC-1056,366,0
84ac11d9,ELEC-1025,106,0
a1998368,ELEC-1048,123,0
79a396d8,ELEC-1073,368,0
a7482974,ELEC-1045,117,2
aeafefb4,ELEC-1047,103,0
d170d32a,ELEC-1029,312,0
c1d06696,ELEC-1075,58,1
4863fe13,ELEC-1033,135,0
8ac66623,ELEC-1062,280,0
a66b881e,ELEC-1053,324,0
468c5f92,ELEC-1008,273,0
15da889c,ELEC-1091,353,1
587f0f25,ELEC-1010,184,0
309dec32,ELEC-1075,238,0
1250c500,ELEC-1037,239,0
644d1485,ELEC-1071,252,0
1f6e34ff,ELEC-1084,131,0
da4b728a,ELEC-1031,390,2
ad103f4a,ELEC-1079,100,0
2931f8c1,ELEC-1077,268,1
6c308bdc,ELEC-1091,12,0
4c18fb7e,ELEC-1035,59,2
848246f7,ELEC-1049,123,0
d3ae5bc6,ELEC-1053,391,0
3c0dd29b,ELEC-1038,351,0
e3a4a50d,ELEC-1094,303,0
b27bf4ed,ELEC-1007,87,0
c347ca4c,ELEC-1047,389,1
96d90275,ELEC-1020,161,0
4c6b6ba1,ELEC-1073,227,0
b7edd0bf,ELEC-1028,42,0
352fb0c8,ELEC-1029,249,1
4abafb8f,ELEC-1026,57,0
77fe1471,ELEC-1056,99,2
9618e918,ELEC-1001,364,2
87e39892,ELEC-1077,314,1
9046898f,ELEC-1057,185,0
a53fc399,ELEC-1008,247,0
2899e3f0,ELEC-1024,256,0
70395212,ELEC-1073,163,0
667d00e3,ELEC-1075,176,2
5a08f619,ELEC-1018,306,0
95a12947,ELEC-1075,363,2
05a793fc,ELEC-1013,282,0
b810f9b9,ELEC-1061,120,1
c4617731,ELEC-1041,182,2
2ea4bc94,ELEC-1039,332,0
5d0f4d1d,ELEC-1060,331,0
4f56fb86,ELEC-1053,383,0
936c3368,ELEC-1085,113,0
150c7e56,ELEC-1054,195,0
bd3e1283,ELEC-1014,312,0
90bf68d9,ELEC-1022,343,0
91f30da0,ELEC-1066,99,1
78af9d86,ELEC-1031,305,0
6e1bd37c,ELEC-1029,324,0
7a23296b,ELEC-1095,43,0
51a606aa,ELEC-1046,326,2
191db895,ELEC-1023,188,0
ada7395a,ELEC-1004,102,0
942bd5bb,ELEC-1077,354,0
8ef5537d,ELEC-1094,268,0
85fc4111,ELEC-1056,19,2
4424d36d,ELEC-1067,46,0
0f3b4ac0,ELEC-1042,346,2
51757efd,ELEC-1065,317,0
2bcb3957,ELEC-1093,195,2
5ac02459,ELEC-1048,103,0
e6f749ec,ELEC-1059,96,0
1ab537c0,ELEC-1009,215,0
237c7a51,ELEC-1093,137,0
07cc0080,ELEC-1049,231,1
9c6006cf,ELEC-1082,15,0
96d893d4,ELEC-1044,97,0
288fa7c6,ELEC-1061,192,1
94833d06,ELEC-1067,143,0
31fd028d,ELEC-1023,348,0
c3e4fd36,ELEC-1021,135,0
b1b5ae63,ELEC-1005,309,0
b3247671,ELEC-1059,354,0
c94db67a,ELEC-1084,126,1
5a9a3832,ELEC-1056,291,0
302a603c,ELEC-1019,153,0
bfce570c,ELEC-1046,218,0
653e74a8,ELEC-1080,284,0
e6b02398,ELEC-1003,363,0
26225d62,ELEC-1056,330,0
098deb03,ELEC-1060,76,2
9fb47cb6,ELEC-1099,145,0
f0e50134,ELEC-1095,78,0
aa8cdfb3,ELEC-1055,17,0
21b124ea,ELEC-1074,59,0
799791a5,ELEC-1011,73,2
7e8e1e3c,ELEC-1018,187,0
50abb047,ELEC-1044,337,0
971db304,ELEC-1073,146,2
c661438e,ELEC-1053,293,0
21eec478,ELEC-1070,262,0
42520ccb,ELEC-1073,339,2
80b77ebc,ELEC-1095,223,0
4f327112,ELEC-1049,51,1
79527732,ELEC-1043,301,2
805e17e4,ELEC-1003,375,0
c1162a9e,ELEC-1054,277,0
90602bf8,ELEC-1059,51,1
ff0a2f4b,ELEC-1031,191,0
d792fec0,ELEC-1098,29,0
03e92be8,ELEC-1050,166,0
4901c18a,ELEC-1026,384,0
7f0812c3,ELEC-1021,135,0
bc8ada5b,ELEC-1010,72,0
711534ed,ELEC-1048,248,0
ed166a7b,ELEC-1080,227,0
3a6787a9,ELEC-1055,146,0
d10e310f,ELEC-1075,140,0
26cf407a,ELEC-1098,254,0
4b40d8e9,ELEC-1056,109,0
6cbac12f,ELEC-1074,128,0
af7a89b5,ELEC-1010,101,0
9a42d07a,ELEC-1042,22,0
9b58b7bd,ELEC-1088,341,0
9bdd2c3d,ELEC-1080,394,0
c1bc58c9,ELEC-1010,237,0
2ea00a55,ELEC-1047,325,0
5a7abf45,ELEC-1001,270,0
02a1b16b,ELEC-1055,287,0
193df3d2,ELEC-1088,118,0
a9d34c4a,ELEC-1088,307,0
2354c47b,ELEC-1084,309,0
82bce452,ELEC-1056,35,0
c1088b35,ELEC-1082,66,0
74aa803a,ELEC-1074,282,0
0f2c9828,ELEC-1078,322,0
146a2eb5,ELEC-1000,354,0
868fb5ea,ELEC-1023,338,0
18c3bf8a,ELEC-1002,383,0
3e8ae1b4,ELEC-1045,133,0
aba1d4bf,ELEC-1065,253,1
7d88ffc8,ELEC-1000,59,0
b3aaff81,ELEC-1059,135,0
916dba98,ELEC-1078,294,0
a38acac5,ELEC-1090,295,0
91e368a4,ELEC-1078,216,0
30958a82,ELEC-1011,161,2
dbd6988a,ELEC-1026,373,1
ee7cb7ad,ELEC-1083,152,0
ef2f4193,ELEC-1018,348,0
77966cab,ELEC-1031,181,0
47a77860,ELEC-1049,184,0
b15dc335,ELEC-1071,329,0
49e0eeaa,ELEC-1064,34,0
5564a940,ELEC-1059,85,1
2295a4b9,ELEC-1014,270,0
aaa5782d,ELEC-1003,129,2
b9a6dc42,ELEC-1089,272,0
7f835409,ELEC-1005,308,1
e19be109,ELEC-1096,320,0
0c5f64cd,ELEC-1035,217,0
611165ec,ELEC-1070,116,0
c9eb40d7,ELEC-1096,266,2
bb0e94bf,ELEC-1085,133,0
70939ef2,ELEC-1013,313,0
6e3a6eaa,ELEC-1091,73,0
c2a35767,ELEC-1083,201,0
57b7b09f,ELEC-1092,169,0
2be3eb1d,ELEC-1019,183,0
df7da0f5,ELEC-1069,27,1
ab669d76,ELEC-1018,108,0
fe86fa00,ELEC-1009,146,0
dc3f0f72,ELEC-1073,159,0
8ee20919,ELEC-1001,53,2
6539e16e,ELEC-1038,363,0
ad18d1c1,ELEC-1030,128,2
9b245b2f,ELEC-1000,302,2
02b3c704,ELEC-1056,309,0
3022d96a,ELEC-1035,223,0
0652fe15,ELEC-1038,18,0
236c34fb,ELEC-1038,289,0
9b2fd440,ELEC-1031,386,0
f7e84bb9,ELEC-1001,199,0
e8bbd66a,ELEC-1077,310,2
e9522bdf,ELEC-1051,27,0
78aaaeb0,ELEC-1015,25,0
765ab8b5,ELEC-1011,386,0
f8a78280,ELEC-1035,271,0
8392f1d3,ELEC-1030,95,0
257a4c49,ELEC-1084,234,0
8be86385,ELEC-1087,234,0
4930544d,ELEC-1097,372,0
48190993,ELEC-1019,64,0
dfa1b1ca,ELEC-1010,247,2
9d49bc6f,ELEC-1045,27,0
2be613b1,ELEC-1013,110,1
e317ea95,ELEC-1027,59,0
9d32a7fa,ELEC-1028,186,0
6a2256c6,ELEC-1086,172,0
0891f7bf,ELEC-1022,88,2
d1bb46f9,ELEC-1036,232,0
548e5a00,ELEC-1038,392,0
a818037d,ELEC-1025,259,0
57d065fd,ELEC-1013,266,0
fa642038,ELEC-1032,140,0
cbbc7f6d,ELEC-1002,107,0
39f875d2,ELEC-1038,368,0
90608fb1,ELEC-1084,188,0
d850f426,ELEC-1098,250,0
5a4ed079,ELEC-1044,379,1
84c93a7f,ELEC-1055,195,0
dbd32bd7,ELEC-1011,225,2
2f0780f2,ELEC-1032,278,0
6f9f4d25,ELEC-1000,195,0
ad1c1430,ELEC-1035,370,0
b1473ae6,ELEC-1093,359,0
2ec5eebc,ELEC-1036,234,0
64c49491,ELEC-1013,295,1
f6aaf770,ELEC-1003,22,1
bb0d5540,ELEC-1002,267,2
cf18b08a,ELEC-1077,316,0
91a57b01,ELEC-1029,353,0
63a3d45a,ELEC-1020,352,2
9aa55bda,ELEC-1070,43,0
33ba2d1f,ELEC-1094,117,0
ade00bc6,ELEC-1057,202,0
30e2e772,ELEC-1095,117,0
f2b80ef9,ELEC-1032,193,1
5aea4c3f,ELEC-1030,233,0
e04650a5,ELEC-1041,329,0
80a687d0,ELEC-1092,70,0
9da07d02,ELEC-1096,210,0
a1266c59,ELEC-1041,54,2
c5da1da8,ELEC-1042,223,0
d4df1e9d,ELEC-1063,121,0
6e78dba8,ELEC-1076,253,0
c799185e,ELEC-1029,346,0
71a5c8ba,ELEC-1083,183,0
06c954b3,ELEC-1014,212,0
e429bbea,ELEC-1093,192,0
0acbbe08,ELEC-1091,310,0
87d7b5b3,ELEC-1018,288,0
34cd08be,ELEC-1028,171,0
a4c0d18b,ELEC-1064,227,0
157e00c0,ELEC-1063,29,0
1a415fc9,ELEC-1027,26,0
5be5948c,ELEC-1067,392,0
c561f2d3,ELEC-1007,235,0
50c0e898,ELEC-1040,346,0
a5fcff37,ELEC-1043,360,2
6e3e0be1,ELEC-1074,31,0
d19891da,ELEC-1027,290,0
478565a2,ELEC-1085,102,0
5ce97b47,ELEC-1077,49,0
1e16db34,ELEC-1026,77,0
427800d6,ELEC-1089,184,0
5e0b0c1a,ELEC-1064,192,2
51effba8,ELEC-1057,372,2
bd93f55c,ELEC-1019,29,0
f59085d5,ELEC-1082,257,0
da601006,ELEC-1058,200,0
ed1056b8,ELEC-1024,276,0
79b6bfd2,ELEC-1023,247,0
6bfb8960,ELEC-1060,148,0
2aa4235e,ELEC-1059,61,0
130a474e,ELEC-1066,145,1
651216b1,ELEC-1055,194,0
950c175b,ELEC-1003,92,0
3bf21a11,ELEC-1019,340,0
f2088f89,ELEC-1060,371,0
60966e0a,ELEC-1024,353,0
765376a4,ELEC-1001,75,2
c6ed48b8,ELEC-1063,17,0
9a2b1b12,ELEC-1061,188,2
33a936d1,ELEC-1047,219,2
b66cf204,ELEC-1021,156,0
4fce818e,ELEC-1008,67,0
5fc11bac,ELEC-1076,101,0
f89a884e,ELEC-1032,31,0
d129a134,ELEC-1074,360,0
2aff72ef,ELEC-1096,124,2
4eaf155c,ELEC-1055,176,0
bbc54f78,ELEC-1056,75,0
f55accd5,ELEC-1091,63,0
82451d53,ELEC-1051,81,0
bebee2b9,ELEC-1004,63,0
3392edda,ELEC-1060,340,0
811bf780,ELEC-1025,318,0
b576704f,ELEC-1085,293,0
c0c715b0,ELEC-1015,223,0
5fc4d74e,ELEC-1091,75,0
c8a75f93,ELEC-1088,162,0
6261eff8,ELEC-1070,326,0
bf98955b,ELEC-1082,280,0
1b8e3ea6,ELEC-1044,228,0
0efb123a,ELEC-1047,327,0
aec94246,ELEC-1035,155,2
030cea94,ELEC-1086,316,1
b10cc835,ELEC-1039,171,0
107c5f23,ELEC-1085,92,0
6efeb169,ELEC-1008,47,0
1faed923,ELEC-1086,40,2
2cfd0a86,ELEC-1078,174,2
f66d5ddb,ELEC-1007,331,0
14d1a350,ELEC-1006,165,0
6dabb588,ELEC-1087,85,0
5142ecce,ELEC-1007,244,0
91d590b8,ELEC-1097,267,0
e2ce70dc,ELEC-1094,313,0
f28536bd,ELEC-1074,244,0
7ca6c7cc,ELEC-1094,74,0
c50af94e,ELEC-1058,69,2
6470bf68,ELEC-1050,295,0
a34fea7e,ELEC-1012,216,0
a1c7d3f5,ELEC-1072,370,0
6620dc96,ELEC-1053,10,0
6abd8554,ELEC-1017,26,0
9ca50cda,ELEC-1031,91,0
e5e71bd8,ELEC-1091,204,2
f84acc4a,ELEC-1012,209,0
e751ca07,ELEC-1094,132,0
6b4e523d,ELEC-1089,117,0
cea90b33,ELEC-1066,203,0
e8e91d01,ELEC-1092,216,0
f4b7b576,ELEC-1090,377,2
ceae0ac6,ELEC-1029,18,0
c9b2417b,ELEC-1098,22,0
8d426834,ELEC-1055,165,0
46631225,ELEC-1029,215,0
ede19a0b,ELEC-1070,339,0
9bee5eaa,ELEC-1084,255,2
60742004,ELEC-1074,275,0
f2b104cd,ELEC-1085,289,0
861a70b4,ELEC-1095,61,1
a61ef8c9,ELEC-1081,31,0
7f787737,ELEC-1095,137,0
a86dfe19,ELEC-1010,263,0
ebfc01dc,ELEC-1012,165,0
87e5d24e,ELEC-1092,327,0
3ab3c440,ELEC-1036,170,0
0edc16e6,ELEC-1078,89,2
31abfcaf,ELEC-1000,325,0
28f6e9d8,ELEC-1016,142,0
c435f6bf,ELEC-1025,85,0
061a4125,ELEC-1058,152,0
5ae62b70,ELEC-1007,301,0
3f4adafa,ELEC-1065,212,0
2ef680fa,ELEC-1023,106,0
c676d93f,ELEC-1031,30,0
76bd3ef9,ELEC-1054,291,0
2a366aa7,ELEC-1097,81,0
a7534f00,ELEC-1093,395,0
4628b207,ELEC-1006,245,0
57907cbf,ELEC-1099,22,0
b49bec60,ELEC-1035,375,1
69125997,ELEC-1026,12,0
3a627afb,ELEC-1039,112,0
a908387e,ELEC-1029,316,2
0d9c4ea1,ELEC-1038,158,0
5799af47,ELEC-1095,98,0
0e89f10a,ELEC-1094,397,0
18acfe38,ELEC-1039,329,0
bdf0b7d2,ELEC-1099,64,2
9d525272,ELEC-1005,304,0
9748f634,ELEC-1069,35,0
1c131c0c,ELEC-1035,142,0
8295f417,ELEC-1090,153,0
08cf4e49,ELEC-1020,132,0
1a9c9336,ELEC-1053,289,0
581aa0de,ELEC-1000,136,0
c477b0b6,ELEC-1090,382,0
409dec54,ELEC-1061,396,0
79ee050a,ELEC-1019,278,0
e4ee171e,ELEC-1025,311,0
98335f15,ELEC-1027,338,0
8758814c,ELEC-1030,29,0
4443d1fa,ELEC-1042,86,0
bc213743,ELEC-1071,108,1
e46f8da6,ELEC-1002,241,0
ae640c8a,ELEC-1090,325,0
c08bab3c,ELEC-1012,138,0
3f8ae31b,ELEC-1059,46,0
a71b43de,ELEC-1015,247,0
186502a5,ELEC-1000,30,0
be92816c,ELEC-1026,232,0
61414524,ELEC-1003,116,0
e213d0ff,ELEC-1050,58,0
e81d5ab3,ELEC-1059,265,0
b4c95bd7,ELEC-1078,392,2
bd36fd75,ELEC-1075,277,0
1fa53636,ELEC-1004,217,0
1e1a389a,ELEC-1078,37,0
025d3e50,ELEC-1037,183,0
9f8b52d4,ELEC-1029,28,0
2abb24b6,ELEC-1016,175,0
7204b33a,ELEC-1020,173,0
206726fd,ELEC-1092,253,0
ccadbc19,ELEC-1046,109,0
da74d04e,ELEC-1097,289,0
5801f61a,ELEC-1017,130,0
fd03d2bd,ELEC-1075,153,0
cfd602ca,ELEC-1064,54,0
714e9235,ELEC-1051,218,0
f44f95e3,ELEC-1001,176,1
2200ec9c,ELEC-1002,10,0
88624140,ELEC-1078,95,0
df04cf01,ELEC-1046,92,0
ffa92a4f,ELEC-1060,61,1
437262b5,ELEC-1017,359,0
2baf214d,ELEC-1081,259,0
dd5aeb5a,ELEC-1066,16,0
f8f550ff,ELEC-1074,91,0
73f20108,ELEC-1071,78,0
e1d13c98,ELEC-1026,172,0
e6af59ec,ELEC-1076,156,0
4fba7989,ELEC-1005,214,1
7a9c318d,ELEC-1093,96,0
1eeadfc3,ELEC-1057,41,2
18b2e44e,ELEC-1096,49,0
c992a15b,ELEC-1067,161,0
3e18bd80,ELEC-1050,388,0
ac15ad0f,ELEC-1034,202,0
8db29bbb,ELEC-1026,93,0
8a68ca9e,ELEC-1096,103,0
80ce85c4,ELEC-1012,363,0
35238894,ELEC-1048,360,0
9696e426,ELEC-1072,361,1
091d314e,ELEC-1011,22,1
ee45d339,ELEC-1044,257,0
f1da7bc8,ELEC-1096,257,0
9ffe7d76,ELEC-1034,386,0
7939a926,ELEC-1072,206,0
1a9fc432,ELEC-1048,19,0
2ed1557e,ELEC-1093,186,2
99cff608,ELEC-1089,174,0
d71fec95,ELEC-1080,382,0
62c67d53,ELEC-1046,31,0
531b6e1e,ELEC-1091,80,0
fd9bc18a,ELEC-1071,30,2
75ffb37e,ELEC-1091,202,0
5e60f19e,ELEC-1056,70,0
c4b027a4,ELEC-1074,283,0
f3d37020,ELEC-1039,76,2
724efce3,ELEC-1041,128,0
daa9bbc4,ELEC-1088,140,0
4af270b0,ELEC-1083,253,0
5e81fda1,ELEC-1096,303,0
e8007528,ELEC-1075,370,0
6765bfa8,ELEC-1094,68,0
82dcb1eb,ELEC-1027,128,0
e5830e9a,ELEC-1015,170,0
ab10ba3d,ELEC-1083,15,0
fabf3e69,ELEC-1042,74,0
cc2100cc,ELEC-1035,196,0
984ff928,ELEC-1026,144,0
6c8f1c5f,ELEC-1063,309,1
05f6cf09,ELEC-1070,378,0
1262ed78,ELEC-1041,138,2
aac9f3c8,ELEC-1088,398,0
f4fa7115,ELEC-1018,149,2
babf8449,ELEC-1044,386,0
20bc090f,ELEC-1009,156,0
15adec5c,ELEC-1023,219,2
4b0d695a,ELEC-1015,257,2
b675d5f1,ELEC-1095,397,0
1e356920,ELEC-1078,225,0
2605efab,ELEC-1052,290,0
4390d6ea,ELEC-1048,29,0
ff2249ca,ELEC-1031,388,2
fbd569a3,ELEC-1045,118,0
959686ee,ELEC-1041,218,0
b8398798,ELEC-1042,54,2
db5d8803,ELEC-1068,220,0
367bf731,ELEC-1015,260,1
881455ec,ELEC-1093,217,0
d342b964,ELEC-1001,148,0
8b73e887,ELEC-1087,277,0
eff0b5f2,ELEC-1037,207,0
961e042c,ELEC-1045,96,0
4e70226c,ELEC-1005,255,0
7572753e,ELEC-1054,258,0
9166bd94,ELEC-1072,378,0
62da79cf,ELEC-1047,71,0
c172a692,ELEC-1023,114,2
1f248e10,ELEC-1061,14,0
b22abdff,ELEC-1086,183,0
b955e2c5,ELEC-1096,239,2
cddfe3f1,ELEC-1065,282,0
5cbccb74,ELEC-1032,272,0
b4577983,ELEC-1078,270,0
1b18cfb1,ELEC-1043,185,0
74c58bc2,ELEC-1017,177,1
3366c83b,ELEC-1032,266,0
91fa2f1c,ELEC-1056,203,0
8e0f5d40,ELEC-1038,356,0
c72b7091,ELEC-1073,228,0
4899bfe1,ELEC-1073,343,0
1d7ba490,ELEC-1087,215,1
13d2fd8a,ELEC-1045,62,1
f5d2cadb,ELEC-1010,268,0
a5d350db,ELEC-1037,141,0
d8b818cf,ELEC-1035,152,0
1e754114,ELEC-1030,349,0
f5ce2f31,ELEC-1082,197,0
6ab3756e,ELEC-1042,273,0
446e08b3,ELEC-1072,384,0
2010b994,ELEC-1020,91,0
9d9845ae,ELEC-1065,26,1
6f15b222,ELEC-1072,261,0
d017c181,ELEC-1003,242,0
5acbb3a6,ELEC-1032,333,0
5da5ac14,ELEC-1040,342,1
704c4a98,ELEC-1021,113,0
1b415342,ELEC-1071,132,0
5bde6d5b,ELEC-1019,327,0
e3cd337e,ELEC-1027,44,0
a307b0f4,ELEC-1075,210,0
590eabb9,ELEC-1053,186,0
01241a2d,ELEC-1098,240,1
c9e7c3cf,ELEC-1097,391,1
951ed62f,ELEC-1011,156,0
edf65029,ELEC-1001,58,0
0d0e9a50,ELEC-1026,383,0
6f002034,ELEC-1075,188,2
4d485309,ELEC-1020,239,0
6a8afb05,ELEC-1008,27,0
315cf6b8,ELEC-1046,308,0
8de857f5,ELEC-1094,355,0
d059f8f0,ELEC-1038,123,2
2aa626e9,ELEC-1079,366,0
843bb134,ELEC-1020,334,0
da9e16f1,ELEC-1046,241,0
d8108d8e,ELEC-1014,220,0
b6e25ff3,ELEC-1087,154,1
9676e812,ELEC-1049,160,0
dc39a6d3,ELEC-1026,60,1
dd2a9325,ELEC-1092,194,0
2534f62d,ELEC-1008,207,0
2e8781f1,ELEC-1074,103,0
e5ed97fb,ELEC-1051,186,0
dafe4276,ELEC-1044,25,0
bf1ea4ff,ELEC-1044,311,0
6b1ceb99,ELEC-1018,223,0
dd7b6641,ELEC-1015,294,0
0acafb33,ELEC-1016,170,2
28496f84,ELEC-1083,162,0
bf5a4727,ELEC-1048,202,0
cd125065,ELEC-1090,356,0
7e732eef,ELEC-1010,206,0
78480f69,ELEC-1093,298,0
c15d6a77,ELEC-1041,274,2
32ba8984,ELEC-1076,185,0
c55dddbf,ELEC-1086,33,0
87896e19,ELEC-1060,333,0
f2bd63b2,ELEC-1062,274,0
47ff3cae,ELEC-1043,222,0
3233ca98,ELEC-1064,99,0
ba303988,ELEC-1006,271,0
48ba9669,ELEC-1015,356,0
3f20978f,ELEC-1020,200,0
386240d6,ELEC-1066,165,1
55f144a0,ELEC-1099,83,0
09a71114,ELEC-1010,394,0
fbf69a45,ELEC-1089,110,0
987eb076,ELEC-1076,73,0
6c7ce1af,ELEC-1076,382,1
5b8b3c30,ELEC-1049,358,0
78279ce9,ELEC-1014,267,0
8d9122ae,ELEC-1060,110,0
49265d06,ELEC-1098,128,0
3590bb44,ELEC-1083,107,0
7b6e68e4,ELEC-1080,62,0
f9b9b831,ELEC-1014,283,0
72528058,ELEC-1031,214,0
df6fbde6,ELEC-1008,169,0
440ec195,ELEC-1051,357,0
e30681b1,ELEC-1012,341,0
4d8bb165,ELEC-1004,174,0
0abef9c2,ELEC-1060,266,0
b12da6a7,ELEC-1096,361,0
091e5e4a,ELEC-1008,297,0
3db85ee9,ELEC-1080,274,1
8f0c3d1e,ELEC-1046,32,0
aecef373,ELEC-1092,325,1
3b363171,ELEC-1050,230,1
3c9c09c0,ELEC-1000,398,2
11ffbaac,ELEC-1051,41,0
ebde657b,ELEC-1074,196,0
63a26395,ELEC-1092,18,0
3c10fdf0,ELEC-1026,137,0
fa23a386,ELEC-1048,229,0
b8376803,ELEC-1013,375,0
91c0c109,ELEC-1032,174,0
174d59f5,ELEC-1004,385,0
b78fb8b4,ELEC-1065,228,2
58c974d0,ELEC-1074,132,0
d2950d88,ELEC-1089,222,0
5ae1ab68,ELEC-1014,177,0
30ec8d1a,ELEC-1089,274,0
b862631d,ELEC-1016,18,0
d5ba44ce,ELEC-1060,53,0
98e632d8,ELEC-1025,330,0
b4b984ae,ELEC-1088,280,2
610dd871,ELEC-1030,61,0
5351d30a,ELEC-1089,314,0
ef1fcfad,ELEC-1055,179,1
969f5d30,ELEC-1077,73,2
da472022,ELEC-1016,46,0
891429eb,ELEC-1088,347,0
717ad264,ELEC-1066,321,0
178b6f48,ELEC-1084,298,2
64036290,ELEC-1020,42,0
3d09f097,ELEC-1032,116,2
3b454a83,ELEC-1021,38,0
b488e352,ELEC-1004,348,0
1403d771,ELEC-1069,281,0
f69d2f63,ELEC-1065,185,0
1d20fa0a,ELEC-1023,10,0
d5dd3573,ELEC-1081,46,0
92fcf6d3,ELEC-1055,304,0
ac3682a6,ELEC-1010,151,0
e2c079f9,ELEC-1003,327,0
1df2d9e5,ELEC-1048,332,0
979e4db7,ELEC-1014,142,0
86e186a5,ELEC-1079,177,0
2f9bfd2a,ELEC-1086,62,0
8324193c,ELEC-1046,177,0
99754845,ELEC-1027,232,0
af6e4d60,ELEC-1027,347,0
9af3c400,ELEC-1034,262,1
d7044b59,ELEC-1003,21,0
98d3f15d,ELEC-1048,356,0
b0289fa1,ELEC-1080,69,0
e5bc274e,ELEC-1003,158,0
ab1a9405,ELEC-1020,252,1
2dfb0cd6,ELEC-1017,204,0
53616cc2,ELEC-1021,322,0
9113071f,ELEC-1075,359,0
bdff51f0,ELEC-1021,118,1
5d111f8b,ELEC-1087,75,0
0dd20028,ELEC-1061,75,2
7f360e45,ELEC-1096,371,1
8d1c0917,ELEC-1066,96,0
838b00c0,ELEC-1088,27,0
09ac2b5b,ELEC-1031,24,1
31733198,ELEC-1013,247,1
5d146dee,ELEC-1000,393,0
6ceb3baf,ELEC-1045,45,0
4810e6a6,ELEC-1039,299,1
a04e075d,ELEC-1059,201,0
07bf37c5,ELEC-1031,229,0
b9b22347,ELEC-1053,329,2
3b95fac1,ELEC-1023,112,1
d5a9fb2f,ELEC-1034,98,0
fba50663,ELEC-1016,290,0
c5459a8b,ELEC-1091,178,0
a5fee1c0,ELEC-1006,96,0
d85daa90,ELEC-1000,255,2
24bd474c,ELEC-1082,139,2
f8dc45de,ELEC-1016,340,0
f143580c,ELEC-1037,327,0
4d99d006,ELEC-1093,215,2
97381f04,ELEC-1034,239,0
b5ae4b38,ELEC-1062,98,0
0802fb6d,ELEC-1018,246,0
5335851f,ELEC-1009,295,0
62f04d13,ELEC-1022,349,0
1205a708,ELEC-1011,118,2
24e64af7,ELEC-1031,349,0
cb15e07e,ELEC-1008,185,0
da26ffaf,ELEC-1091,288,0
ea0fea7e,ELEC-1012,116,0
3042e968,ELEC-1084,333,0
434a7def,ELEC-1011,326,2
102cff22,ELEC-1030,178,0
86c0bdfe,ELEC-1056,285,2
d0da81ee,ELEC-1044,337,1
9689b883,ELEC-1057,76,0
b8c239b0,ELEC-1099,254,0
6d390d9a,ELEC-1065,261,0
f2a23491,ELEC-1002,197,0
455767ff,ELEC-1024,125,2
0f36efca,ELEC-1003,317,0
7417d735,ELEC-1065,373,0
e319079e,ELEC-1057,125,0
b8722555,ELEC-1009,313,0
67383309,ELEC-1012,282,0
e69358b4,ELEC-1011,277,0
3b3899cd,ELEC-1027,101,1
53538853,ELEC-1057,147,0
95a554eb,ELEC-1058,221,0
afff6724,ELEC-1070,339,1
cddab6c1,ELEC-1086,174,1
4c1aa6ee,ELEC-1053,106,0
5d4915a2,ELEC-1012,322,0
f903a20e,ELEC-1038,379,0
be5b1760,ELEC-1052,223,0
e4e95d81,ELEC-1058,391,0
e8ee7349,ELEC-1013,275,1
911235a0,ELEC-1039,337,1
cf4fb527,ELEC-1051,260,2
e1616817,ELEC-1058,102,0
02f818a4,ELEC-1037,55,0
69388d86,ELEC-1052,140,0
15ad58a8,ELEC-1049,321,2
fd651342,ELEC-1081,366,1
173abcf2,ELEC-1049,316,0
aebb9afd,ELEC-1057,182,0
8cb531a7,ELEC-1010,269,0
941540ab,ELEC-1062,238,0
77bbdd87,ELEC-1018,285,0
fc057984,ELEC-1036,41,0
300076da,ELEC-1027,17,0
f415d2e3,ELEC-1073,67,2
8d18a10a,ELEC-1092,70,0
c9161890,ELEC-1087,38,0
abdd10a2,ELEC-1044,321,0
17b9c008,ELEC-1090,17,2
fc084a67,ELEC-1048,94,0
ebf1bf40,ELEC-1053,39,0
c5453a66,ELEC-1056,95,2
2a02e4de,ELEC-1077,224,0
e5e42055,ELEC-1068,116,2
8b79460d,ELEC-1081,89,0
51d9fd03,ELEC-1007,49,0
1d7c23bc,ELEC-1060,220,0
34aa9f5b,ELEC-1055,58,0
a03be3a2,ELEC-1057,30,2
74e67953,ELEC-1031,170,0
eda5db81,ELEC-1023,378,0
345ea0f0,ELEC-1091,343,0
be37f112,ELEC-1017,318,0
e8027468,ELEC-1037,229,0
d5924c92,ELEC-1001,217,2
0c331bf9,ELEC-1080,160,0
21dd0eb9,ELEC-1085,341,0
29533000,ELEC-1001,52,0
d2db8089,ELEC-1098,51,0
dfa4d4d1,ELEC-1066,129,0
8e94cfd2,ELEC-1000,107,0
994af180,ELEC-1076,71,0
060c17f1,ELEC-1000,155,2
51f3c63f,ELEC-1022,181,0
f917ebb1,ELEC-1070,169,0
afcaf671,ELEC-1015,283,2
dbe37a12,ELEC-1059,209,0
fe12416e,ELEC-1057,164,0
6e790152,ELEC-1019,332,1
2c233384,ELEC-1091,270,0
6dbdc446,ELEC-1099,84,1
adf24879,ELEC-1036,270,0
f95ffcec,ELEC-1050,362,2
d6d54476,ELEC-1092,162,0
5b97b814,ELEC-1003,52,0
51598ab8,ELEC-1066,257,0
965e7320,ELEC-1090,281,0
4fb57640,ELEC-1094,43,0
f241cd9f,ELEC-1080,123,0
74b79cf2,ELEC-1002,224,0
3ead116e,ELEC-1060,341,0
c01efa54,ELEC-1065,108,0
f2c36c62,ELEC-1039,284,2
8de51490,ELEC-1007,230,0
db2c43dd,ELEC-1090,219,0
e3ff17e1,ELEC-1050,316,0
c00013ff,ELEC-1091,171,0
25a2ed08,ELEC-1033,97,0
347b5605,ELEC-1009,121,0
5a979296,ELEC-1032,180,0
16a3325f,ELEC-1025,113,2
e6f69dd8,ELEC-1041,189,0
1d831c5a,ELEC-1034,98,0
b4fd07fa,ELEC-1026,390,0
686a90e2,ELEC-1049,312,2
7509f54d,ELEC-1093,220,0
13c796aa,ELEC-1063,351,1
81114478,ELEC-1064,106,0
0082e9a8,ELEC-1064,196,0
1260d072,ELEC-1055,143,0
a48fd2cc,ELEC-1081,61,0
130c6c11,ELEC-1033,215,0
a3344008,ELEC-1024,223,2
ba84ae05,ELEC-1079,144,0
282dcd3b,ELEC-1078,195,0
21579044,ELEC-1071,352,0
d6912f5e,ELEC-1055,267,0
efeeb4d7,ELEC-1089,213,0
15e3e6ab,ELEC-1051,351,0
cc20a80f,ELEC-1080,146,0
26543c2e,ELEC-1017,30,0
ff5937cd,ELEC-1044,66,0
d2a0a9bd,ELEC-1059,131,1
6be65e8f,ELEC-1041,232,0
b560be29,ELEC-1080,194,0
169fa9af,ELEC-1042,188,0
4297a6e7,ELEC-1049,148,0
4b3b7d1f,ELEC-1017,33,0
2675049b,ELEC-1070,42,0
d8b8fbda,ELEC-1069,12,0
b07c1403,ELEC-1037,209,0
c90faae7,ELEC-1046,262,0
b133d0f8,ELEC-1089,162,0
d2df2723,ELEC-1086,392,0
d033eba3,ELEC-1026,285,0
1a35e395,ELEC-1047,191,2
312fdc1b,ELEC-1074,79,0
a8ccf0cc,ELEC-1010,250,1
6e74f07e,ELEC-1036,334,0
d2085019,ELEC-1097,160,0
31fd300d,ELEC-1011,251,0
58d14844,ELEC-1055,90,0
b8cca766,ELEC-1009,198,0
69fafa63,ELEC-1034,178,0
0ebf82df,ELEC-1028,284,0
324f6b79,ELEC-1036,386,0
081584eb,ELEC-1060,53,2
a7049f72,ELEC-1033,357,0
c48c7092,ELEC-1093,244,1
e7018942,ELEC-1071,196,0
305aa435,ELEC-1007,216,0
86018df2,ELEC-1053,386,2
5874afb1,ELEC-1033,235,0
40f3dd0b,ELEC-1057,78,0
abff8df1,ELEC-1049,350,1
9e962d6e,ELEC-1047,260,0
cdc5c579,ELEC-1091,205,2
b9fd818d,ELEC-1092,365,0
ccb9fe2a,ELEC-1076,241,0
03568d21,ELEC-1077,26,0
efc7cd9a,ELEC-1027,144,0
55522c2a,ELEC-1066,251,0
8d0abd09,ELEC-1097,299,0
d5fe6c88,ELEC-1054,26,0
9b02941b,ELEC-1055,342,0
45654032,ELEC-1037,64,0
721f36b6,ELEC-1006,267,0
ca638e22,ELEC-1011,18,0
2af737a0,ELEC-1068,24,0
66ee35df,ELEC-1038,173,0
0aebaf4f,ELEC-1012,338,2
9fd165f7,ELEC-1093,228,0
d290750e,ELEC-1059,382,0
64b073ca,ELEC-1073,48,0
cbe9d6ac,ELEC-1047,52,0
372d16ef,ELEC-1068,332,2
dca5f8e6,ELEC-1067,186,0
bcf5f67b,ELEC-1057,290,0
86604363,ELEC-1057,336,0
763760e9,ELEC-1071,259,2
45b9228e,ELEC-1035,15,0
7fbf4ad5,ELEC-1037,38,0
6e9599f4,ELEC-1086,295,0
90892b31,ELEC-1099,108,2
896157e9,ELEC-1098,41,0
289098c4,ELEC-1017,92,0
b9a7c550,ELEC-1035,224,0
b5dd0b98,ELEC-1039,249,2
3ae1fc46,ELEC-1035,396,0
04667d95,ELEC-1035,152,0
35d1c9a1,ELEC-1007,384,0
aa11f6b2,ELEC-1096,76,0
52767e02,ELEC-1022,35,0
45c6e194,ELEC-1079,394,0
a029b199,ELEC-1026,299,1
ed2d63ff,ELEC-1063,11,0
62b996e5,ELEC-1027,359,0
4bdf446d,ELEC-1024,374,0
d49798c6,ELEC-1096,52,0
9c484178,ELEC-1021,329,0
fac76281,ELEC-1057,336,0
3c905d0c,ELEC-1014,118,0
a06793cd,ELEC-1089,144,0
0d230892,ELEC-1096,123,0
3d72d69d,ELEC-1015,348,0
c6aad217,ELEC-1045,202,1
948c4826,ELEC-1006,231,0
d5508c0f,ELEC-1099,44,0
76a4788c,ELEC-1052,127,0
0d17da31,ELEC-1086,337,0
79bc7518,ELEC-1014,164,0
2ea270fd,ELEC-1091,351,0
ad0b44bd,ELEC-1071,283,0
e886f617,ELEC-1084,368,0
686c8b7b,ELEC-1073,65,2
0a347e77,ELEC-1065,379,0
2e36fdc5,ELEC-1072,397,1
dad418d9,ELEC-1026,245,0
e8a71c0e,ELEC-1031,97,0
02ece639,ELEC-1063,11,0
75d75c2f,ELEC-1030,395,0
452b0d18,ELEC-1068,46,0
65c46d1d,ELEC-1080,303,0
bf5329be,ELEC-1084,131,2
52fa2413,ELEC-1034,366,2
a4e6edcd,ELEC-1052,122,0
91a2c07d,ELEC-1098,175,2
8f404ac1,ELEC-1013,322,0
dc4f4cd2,ELEC-1008,61,0
a7b579b7,ELEC-1002,284,1
dc50714f,ELEC-1007,304,1
08740fdb,ELEC-1051,149,0
a74e999e,ELEC-1084,357,2
3cafdddc,ELEC-1034,155,0
d91c1869,ELEC-1071,113,0
4a955bf1,ELEC-1039,357,0
5fc9952a,ELEC-1052,89,0
5412da17,ELEC-1044,187,0
6851a620,ELEC-1078,219,2
364b653c,ELEC-1052,282,0
b225ba4d,ELEC-1008,91,0
6d1a623b,ELEC-1057,178,0
40fde9d2,ELEC-1047,61,0
04e257d8,ELEC-1034,70,0
6be116ce,ELEC-1054,104,0
41a10add,ELEC-1052,249,0
6eeb7250,ELEC-1025,144,0
e565cb0f,ELEC-1019,71,1
30043a47,ELEC-1077,248,1
7de97b5f,ELEC-1001,76,0
e0f73c31,ELEC-1086,14,0
98c588ad,ELEC-1011,358,0
60c50430,ELEC-1075,378,0
ad324970,ELEC-1009,259,0
55cb3aa4,ELEC-1084,289,0
37bef9b5,ELEC-1070,317,0
5029c6ed,ELEC-1068,320,0
6d86eedf,ELEC-1073,42,0
0c800172,ELEC-1092,85,0
0600c24b,ELEC-1080,227,0
acdd227e,ELEC-1098,315,1
df3177e8,ELEC-1036,332,2
a2ed2d0e,ELEC-1037,248,0
9eab0b7b,ELEC-1054,178,2
20d74480,ELEC-1014,108,0
09b8c294,ELEC-1029,392,0
29e09a9c,ELEC-1057,336,0
b0e5c331,ELEC-1086,336,0
7cb91253,ELEC-1096,260,0
f5f93e61,ELEC-1004,377,0
43b5ca83,ELEC-1052,114,0
08d3f929,ELEC-1003,187,0
f8e793df,ELEC-1061,117,0
2a3065bd,ELEC-1057,64,0
a10e6182,ELEC-1070,398,0
6cd5b9ae,ELEC-1060,297,0
37b96591,ELEC-1086,92,0
6c78a9d5,ELEC-1062,135,0
ac9fe7d7,ELEC-1001,315,1
6414e8ce,ELEC-1071,147,0
ee9c529f,ELEC-1053,358,0
ba63eeba,ELEC-1051,160,0
fb237dd0,ELEC-1014,252,0
d0f4a1e0,ELEC-1051,109,0
e668c942,ELEC-1051,290,0
9b097bd8,ELEC-1054,27,0
a6323acc,ELEC-1095,285,0
42e6a7b8,ELEC-1092,181,0
d155b3d4,ELEC-1020,197,1
417bec96,ELEC-1072,191,1
92065524,ELEC-1084,296,0
96ecdd20,ELEC-1092,47,0
d8c437cb,ELEC-1071,179,0
a2404511,ELEC-1083,211,0
9ed5147e,ELEC-1080,269,0
3ac5c200,ELEC-1035,309,0
169fa9f2,ELEC-1027,180,0
7da38441,ELEC-1057,119,0
1417cfea,ELEC-1029,169,0
369ca338,ELEC-1048,126,0
7d838d0a,ELEC-1038,242,1
6dcec59c,ELEC-1095,202,0
a80c30a2,ELEC-1005,369,0
8a37da8a,ELEC-1042,38,0
b0c2df39,ELEC-1048,27,0
9ee7212b,ELEC-1088,297,2
88b01acb,ELEC-1042,238,0
f120b52b,ELEC-1057,355,0
91419b79,ELEC-1086,338,0
8bc32ac6,ELEC-1053,249,0
0a63d8fc,ELEC-1086,156,0
c07b09a6,ELEC-1058,316,0
0ecda7f2,ELEC-1064,303,0
05c8aa5e,ELEC-1014,84,1
9c8edd66,ELEC-1065,356,0
75e85edc,ELEC-1092,97,0
ceb74649,ELEC-1042,104,2
8cfcb6de,ELEC-1092,88,1
1ac8d601,ELEC-1051,161,0
cad221ff,ELEC-1095,317,0
39c137b0,ELEC-1038,308,0
55911e31,ELEC-1046,291,0
f7f87f79,ELEC-1039,363,0
bd0676d2,ELEC-1018,373,2
56e9e4d5,ELEC-1019,94,1
b6dfd42d,ELEC-1079,72,0
d4ae6a0c,ELEC-1002,166,0
153e95ef,ELEC-1021,95,0
cdf896bc,ELEC-1004,100,0
013c5a0e,ELEC-1012,77,0
c8a39d86,ELEC-1015,133,0
f2967030,ELEC-1077,314,0
e5996958,ELEC-1079,273,0
76748c00,ELEC-1004,241,0
12f82ad7,ELEC-1043,396,0
04670436,ELEC-1087,70,0
6fb9d3a0,ELEC-1026,143,0
7ee22271,ELEC-1047,312,0
05b06a87,ELEC-1078,392,2
aea29577,ELEC-1014,24,1
51c24738,ELEC-1042,57,0
b25ba125,ELEC-1036,295,0
c1683ef7,ELEC-1022,390,0
b1f002e1,ELEC-1094,304,0
9f7e8e13,ELEC-1088,30,0
4619682e,ELEC-1032,186,0
7f2b6650,ELEC-1031,167,2
ba6c1084,ELEC-1004,230,1
655b86ee,ELEC-1074,81,0
a4b74308,ELEC-1014,319,0
d196c2ee,ELEC-1008,393,0
bce4aa68,ELEC-1073,194,0
c0238765,ELEC-1067,67,0
6fecae03,ELEC-1074,67,0
b0372742,ELEC-1096,22,1
db3d1f2f,ELEC-1035,121,0
a6291f6d,ELEC-1085,74,0
e2123626,ELEC-1077,353,0
2dc11811,ELEC-1065,95,0
b2a40213,ELEC-1070,156,0
d1bdb8d4,ELEC-1058,300,0
b4f8397f,ELEC-1016,73,0
ba3fd91f,ELEC-1080,306,0
8a90944d,ELEC-1036,384,2
88604bb6,ELEC-1046,80,0
56f14805,ELEC-1040,275,0
f389dc1b,ELEC-1076,379,0
0bea6ebc,ELEC-1059,205,0
d6d8d51c,ELEC-1014,245,0
0f712156,ELEC-1047,20,0
619e649c,ELEC-1097,40,1
8715fb68,ELEC-1016,149,0
07a30723,ELEC-1042,244,2
0a04ed96,ELEC-1092,394,0
35118e25,ELEC-1017,396,0
b643d611,ELEC-1060,193,0
f1be70d3,ELEC-1006,239,0
f0b4ee18,ELEC-1075,109,0
f3273ba7,ELEC-1080,170,0
4c384277,ELEC-1036,176,0
53b10044,ELEC-1029,371,0
0d37ebb3,ELEC-1060,232,0
7c43a29a,ELEC-1016,92,0
210f7b40,ELEC-1065,347,1
929239a5,ELEC-1069,373,0
8f943178,ELEC-1013,15,0
c7a3183e,ELEC-1097,340,0
a3d488dc,ELEC-1011,315,0
76da8d69,ELEC-1027,36,0
3dfbd802,ELEC-1076,261,0
02b1b1d1,ELEC-1088,206,0
7821435d,ELEC-1061,146,0
ea952cbb,ELEC-1068,375,0
f56a2a2d,ELEC-1092,220,0
58e2ae8c,ELEC-1073,36,2
a356e535,ELEC-1032,197,0
426a0abc,ELEC-1043,181,0
f39d8ea5,ELEC-1077,86,0
3fe38025,ELEC-1030,201,0
1ca73524,ELEC-1028,11,0
633d9a36,ELEC-1053,27,0
7501fa33,ELEC-1027,56,0
c37eacca,ELEC-1033,111,0
9041171e,ELEC-1013,200,0
ccad5bef,ELEC-1004,333,0
afd1e243,ELEC-1058,311,0
44f6dd98,ELEC-1002,365,0
13bef98c,ELEC-1091,380,0
181371fc,ELEC-1041,135,1
d879ffae,ELEC-1012,263,0
157247f4,ELEC-1024,46,0
b3e6ee08,ELEC-1098,214,1
bb6489ee,ELEC-1000,382,1
77f7ea08,ELEC-1085,49,0
379642ac,ELEC-1060,367,0
9d07840c,ELEC-1074,19,0
26dbb29b,ELEC-1004,99,2
5351484f,ELEC-1029,61,0
06a11a61,ELEC-1040,80,0
45983437,ELEC-1055,18,0
72773661,ELEC-1049,124,1
ac4aab9f,ELEC-1039,53,0
512356b6,ELEC-1063,195,0
308ba7b3,ELEC-1026,114,0
12990985,ELEC-1026,294,0
c1924d68,ELEC-1068,142,0
524708c8,ELEC-1016,213,0
1fb8572a,ELEC-1060,213,0
4377676d,ELEC-1006,161,0
f9929fcb,ELEC-1058,262,0
e1826d83,ELEC-1045,369,0
5429037a,ELEC-1096,279,0
eef55f24,ELEC-1038,98,0
eeea4642,ELEC-1000,15,1
c3dc1955,ELEC-1081,330,2
450035af,ELEC-1070,366,1
ad988da4,ELEC-1012,128,0
e1d59800,ELEC-1078,398,0
78df4aba,ELEC-1096,205,0
5f31f93a,ELEC-1097,26,0
7190ba11,ELEC-1073,346,0
2098c31f,ELEC-1021,168,0
21c923aa,ELEC-1017,60,0
9717dc05,ELEC-1078,79,0
d11e2f5d,ELEC-1034,340,0
a7826cbd,ELEC-1028,89,0
436f0607,ELEC-1069,308,0
5da36da7,ELEC-1026,327,1
2cf432fb,ELEC-1074,310,0
2cf10902,ELEC-1080,371,0
94cfd210,ELEC-1049,136,0
87689d98,ELEC-1047,314,0
171b6652,ELEC-1024,231,0
30700a9c,ELEC-1051,319,0
e9de7206,ELEC-1082,77,0
800cf1c6,ELEC-1020,205,0
ea8ca7c5,ELEC-1052,270,0
94b7dd97,ELEC-1068,206,1
2456bb6c,ELEC-1034,98,0
e84e2719,ELEC-1076,67,1
4ddaff7f,ELEC-1014,180,1
e8a4d05d,ELEC-1026,320,0
edb38041,ELEC-1050,11,0
12c3552c,ELEC-1091,73,0
1ac12ee4,ELEC-1058,85,0
b9f69056,ELEC-1007,96,0
2f402f97,ELEC-1027,318,0
7243ec35,ELEC-1048,392,0
c057d238,ELEC-1056,226,0
9a654086,ELEC-1004,58,0
3400931a,ELEC-1025,322,0
2e20204d,ELEC-1019,380,0
733b112c,ELEC-1099,15,0
8fafd5eb,ELEC-1099,280,0
81d445a3,ELEC-1007,236,0
e08958d9,ELEC-1098,348,0
a9f4cd14,ELEC-1086,102,0
efc1a5f1,ELEC-1081,238,0
6b2040e3,ELEC-1003,340,0
b8f073ba,ELEC-1039,135,0
5929d797,ELEC-1041,140,0
2460d0de,ELEC-1060,89,0
693852db,ELEC-1082,33,0
b236e96a,ELEC-1036,167,0
8d06e0b4,ELEC-1030,320,0
0b9a659a,ELEC-1030,116,1
13e6789b,ELEC-1081,252,0
a1b1fc23,ELEC-1012,96,0
3690e9ac,ELEC-1090,349,0
81460fd8,ELEC-1090,252,0
40dd6fa9,ELEC-1017,23,0
19ec6d54,ELEC-1090,341,2
447a1db7,ELEC-1094,247,0
6eee8498,ELEC-1053,33,0
17b300c1,ELEC-1086,67,2
e5276dfa,ELEC-1045,204,2
91684f0b,ELEC-1031,240,0
a9ff17af,ELEC-1041,281,0
a080a625,ELEC-1089,10,0
c194cef1,ELEC-1081,66,0
d3ce2314,ELEC-1055,62,0
2124ca14,ELEC-1038,85,0
24521b7e,ELEC-1034,67,2
91c4088e,ELEC-1054,169,0
af4e6d30,ELEC-1087,394,0
ff45c149,ELEC-1045,177,0
03cd4d08,ELEC-1023,255,0
501ef62c,ELEC-1045,84,0
b33f1c8a,ELEC-1078,172,0
d651bb77,ELEC-1017,299,0
e85820e9,ELEC-1038,49,0
abd127ed,ELEC-1036,127,0
10876c73,ELEC-1073,274,0
35217e0a,ELEC-1029,193,0
c0dce288,ELEC-1098,214,0
c19143f6,ELEC-1065,378,0
3a195662,ELEC-1033,244,0
1fb86fa0,ELEC-1029,323,0
d1634180,ELEC-1042,64,0
dbb5ef0e,ELEC-1024,43,0
df813e22,ELEC-1056,116,0
7a809798,ELEC-1073,334,2
76961dd1,ELEC-1030,232,0
32e2d77f,ELEC-1060,245,0
b46a80cc,ELEC-1097,384,1
d6d008a8,ELEC-1070,180,0
d2a4ba01,ELEC-1041,373,0
0bd001b7,ELEC-1040,354,0
71111c5e,ELEC-1078,72,0
c2900041,ELEC-1001,148,0
2ee00e2b,ELEC-1069,51,0
145991a9,ELEC-1014,148,0
30facd47,ELEC-1093,251,0
4305701b,ELEC-1057,19,0
08ae142e,ELEC-1026,75,0
001aa79e,ELEC-1080,324,0
9b8bdd28,ELEC-1003,293,0
053cbb29,ELEC-1032,380,0
df67d874,ELEC-1051,279,2
ef720ba6,ELEC-1010,74,2
fff4046e,ELEC-1090,285,0
8800b5fd,ELEC-1026,99,0
85d6b9a7,ELEC-1057,289,0
9a2d6b52,ELEC-1042,166,0
9cfa6fa9,ELEC-1040,48,0
43a19942,ELEC-1017,52,0
8e6cddca,ELEC-1029,162,0
7dd5ce0f,ELEC-1008,105,0
f5e5a75a,ELEC-1081,166,0
e6f0abb1,ELEC-1076,337,0
d23e5184,ELEC-1054,213,2
0f730da2,ELEC-1027,197,0
02cfa9c5,ELEC-1008,79,1
858b7748,ELEC-1026,97,0
c117cb8c,ELEC-1067,27,0
74b1c51d,ELEC-1012,172,0
d1b6711d,ELEC-1030,103,0
e6505b00,ELEC-1021,345,0
b44d3532,ELEC-1028,170,0
2e68d2f1,ELEC-1021,170,0
d781f6f2,ELEC-1043,177,0
1b979112,ELEC-1033,266,2
c5dfad0b,ELEC-1081,303,0
cba1270f,ELEC-1037,291,0
99c0a85b,ELEC-1053,302,0
545b3f8b,ELEC-1010,60,0
584bf212,ELEC-1091,217,0
ac6e9bd5,ELEC-1081,374,0
a1a5d2cb,ELEC-1015,116,0
dda92453,ELEC-1051,301,2
20264c3d,ELEC-1037,360,0
8e3af413,ELEC-1084,384,0
f880a155,ELEC-1011,330,2
60da5d4d,ELEC-1005,43,0
19739312,ELEC-1072,129,0
9ee5c334,ELEC-1060,174,0
8ed0e72d,ELEC-1032,184,0
d2964114,ELEC-1016,212,0
f65120b0,ELEC-1095,314,0
3983c3df,ELEC-1022,224,0
af7cddf5,ELEC-1032,388,2
630c2819,ELEC-1083,230,1
856de2b7,ELEC-1063,315,0
f35894e4,ELEC-1098,238,0
77e119d7,ELEC-1058,287,2
75a87744,ELEC-1085,137,1
e224f187,ELEC-1020,228,0
39ac87b4,ELEC-1058,329,1
065cd1fa,ELEC-1005,30,0
208e6a10,ELEC-1089,185,0
e6f6cf6f,ELEC-1005,127,0
2acebbdb,ELEC-1093,331,0
b2af1884,ELEC-1018,30,2
37531fc4,ELEC-1096,247,0
9df520fb,ELEC-1022,352,0
51abcb2c,ELEC-1079,308,0
4b1e411f,ELEC-1078,362,0
fcb66f1f,ELEC-1010,55,0
2ddd2154,ELEC-1051,264,0
d95629c9,ELEC-1057,103,0
870f83ab,ELEC-1075,107,1
f44eaaa4,ELEC-1075,289,2
f5e680e3,ELEC-1065,281,0
043abe6e,ELEC-1062,270,0
e4c00159,ELEC-1002,389,0
6e104afb,ELEC-1004,131,0
0d3a3125,ELEC-1008,94,0
7242fde4,ELEC-1024,206,0
91975cb3,ELEC-1048,48,0
60cc2f4f,ELEC-1049,103,0
ab2ee27e,ELEC-1015,59,2
e3e0b71a,ELEC-1009,70,0
7bc173cf,ELEC-1050,384,0
e6f9b407,ELEC-1098,73,0
b86ddade,ELEC-1014,273,0
ece6e049,ELEC-1081,146,0
dbf73ea9,ELEC-1038,154,1
251d2549,ELEC-1024,354,0
699026be,ELEC-1062,238,1
24e1bb60,ELEC-1058,359,0
34b83a74,ELEC-1013,271,0
278cbb8e,ELEC-1063,136,0
6be12e54,ELEC-1096,310,0
4b0533ee,ELEC-1034,194,0
8545d577,ELEC-1050,104,2
cbab746b,ELEC-1061,204,2
6d8251de,ELEC-1007,10,0
53e61e2e,ELEC-1073,191,0
d193ff06,ELEC-1016,392,0
dc6a9245,ELEC-1045,143,0
2f28cd1c,ELEC-1021,345,0
73677ee0,ELEC-1074,346,0
1a94f65d,ELEC-1039,126,0
2a622a8f,ELEC-1075,34,0
d3e72ef3,ELEC-1079,275,1
28d03571,ELEC-1054,295,0
a500a7a3,ELEC-1076,339,0
aa5abcc2,ELEC-1045,101,0
02f0df90,ELEC-1068,329,0
2cbb9123,ELEC-1016,23,2
a837dbfb,ELEC-1022,140,0
3231f913,ELEC-1077,135,0
0fb4c160,ELEC-1098,235,0
85efb077,ELEC-1081,321,0
7c525268,ELEC-1011,323,0
13cc99e4,ELEC-1058,49,0
e0fdc63d,ELEC-1036,125,0
7b0cc2ef,ELEC-1009,54,2
0a82c798,ELEC-1010,196,1
7ea28779,ELEC-1056,251,0
79d498e8,ELEC-1010,33,0
7bc8ae28,ELEC-1007,179,0
0c4e61c7,ELEC-1061,161,0
a2b06338,ELEC-1056,294,0
f01b6a7e,ELEC-1046,352,2
8dd1c881,ELEC-1088,330,2
2efe6712,ELEC-1060,198,0
eff5bf9d,ELEC-1099,198,0
2bcdb0d9,ELEC-1029,155,0
9db3c4af,ELEC-1081,68,0
0a3304ae,ELEC-1022,273,0
2da590ab,ELEC-1000,183,1
315e995b,ELEC-1066,264,0
2779c8a9,ELEC-1050,238,0
5cd8cf4c,ELEC-1060,165,0
d2955b6f,ELEC-1098,63,0
20c7ec4e,ELEC-1080,83,0
e031305c,ELEC-1061,32,1
f296bcbf,ELEC-1039,294,0
c8a3d3a4,ELEC-1016,14,2
8121ef08,ELEC-1053,396,0
76fc1e44,ELEC-1085,67,0
9684c222,ELEC-1020,222,0
0b27cd13,ELEC-1077,213,0
36b2734e,ELEC-1058,103,1
82ac83ab,ELEC-1068,80,0
1a2409f7,ELEC-1049,62,1
5fab9305,ELEC-1054,235,0
c7eacc4f,ELEC-1022,11,2
11448b98,ELEC-1090,156,0
332828f9,ELEC-1045,204,0
6d0d4782,ELEC-1067,373,0
b8af5163,ELEC-1040,119,1
91e92ea0,ELEC-1068,268,0
06edb9f0,ELEC-1036,284,0
358a671d,ELEC-1056,377,0
decce9a0,ELEC-1079,185,0
c5b41a5d,ELEC-1065,129,0
35e93a30,ELEC-1093,172,0
3a196393,ELEC-1062,109,2
c2331ece,ELEC-1083,283,0
1d651115,ELEC-1047,33,2
81afbe95,ELEC-1045,395,0
2afe3326,ELEC-1006,31,0
f752e579,ELEC-1032,370,0
3f5ae498,ELEC-1047,311,0
156bca42,ELEC-1087,181,0
87beccf3,ELEC-1003,150,2
fc6916b7,ELEC-1043,64,0
977b3dbd,ELEC-1013,129,1
d2f07e3d,ELEC-1005,152,0
fdd8eec7,ELEC-1018,211,0
dba9273b,ELEC-1059,61,0
1f7218c5,ELEC-1052,76,0
9b504d60,ELEC-1081,155,0
94539678,ELEC-1040,269,0
06df472d,ELEC-1020,343,0
cd6d7aa2,ELEC-1048,381,1
26154f6d,ELEC-1054,233,1
58811617,ELEC-1025,56,1
055f9d9e,ELEC-1030,199,0
bc5786f0,ELEC-1088,396,0
1c184f6d,ELEC-1092,190,0
5df83b30,ELEC-1024,133,0
2313de4b,ELEC-1005,289,0
3fe68828,ELEC-1063,34,0
de765586,ELEC-1099,283,0
fde245f1,ELEC-1089,255,0
407cee41,ELEC-1093,218,0
bd7e612a,ELEC-1084,187,0
7f0a45d2,ELEC-1090,304,0
dabd8b2a,ELEC-1048,172,1
7b609a3b,ELEC-1038,239,0
121f59e1,ELEC-1020,157,0
1f32352e,ELEC-1001,191,0
221d8fb9,ELEC-1072,383,0
d631fbab,ELEC-1021,359,0
dfe08687,ELEC-1014,54,0
59b9a1c4,ELEC-1074,364,0
1ff27ad5,ELEC-1062,18,2
e755f736,ELEC-1048,178,0
5cce2509,ELEC-1084,80,2
706a5117,ELEC-1076,256,1
0dda5a30,ELEC-1083,129,0
9582e6b7,ELEC-1063,366,0
235d80bd,ELEC-1048,338,0
b9797856,ELEC-1042,30,0
647fbaef,ELEC-1013,175,0
ed7fd159,ELEC-1036,166,0
9fd58760,ELEC-1036,27,0
f8fb5074,ELEC-1067,69,0
1397f40c,ELEC-1004,119,0
db588243,ELEC-1035,65,0
931e1675,ELEC-1078,378,0
bd9ef651,ELEC-1067,125,2
1b57c129,ELEC-1043,43,0
22e5bc05,ELEC-1033,329,0
be5316b9,ELEC-1048,97,0
8020b83e,ELEC-1002,38,2
97531d3d,ELEC-1096,60,0
082f9ba7,ELEC-1021,191,0
c515c47a,ELEC-1031,397,0
df1785d8,ELEC-1005,130,0
191d3156,ELEC-1006,73,1
5a9bea6c,ELEC-1009,88,2
aa96d3be,ELEC-1022,149,0
a5253087,ELEC-1009,114,0
5b0a5530,ELEC-1043,152,0
506c8c08,ELEC-1017,106,0
11649fda,ELEC-1005,127,0
49dfe8c0,ELEC-1031,338,0
47c1bb2f,ELEC-1020,206,0
cdf00f7e,ELEC-1062,59,0
d0d7a5cd,ELEC-1065,59,0
de1e271c,ELEC-1042,399,0
f9a55389,ELEC-1052,338,1
8c1ee350,ELEC-1021,189,0
e85f40a3,ELEC-1001,295,0
e9232581,ELEC-1047,340,1
ef98d131,ELEC-1084,94,1
bdc686f6,ELEC-1096,19,0
e0cc66ab,ELEC-1039,186,2
ae4e078b,ELEC-1004,78,0
e2257332,ELEC-1024,53,0
9810147b,ELEC-1027,23,0
d37c4377,ELEC-1075,114,0
9612b363,ELEC-1090,329,0
3ebf0c3b,ELEC-1072,127,0
87ccbe6b,ELEC-1073,296,0
c051d636,ELEC-1077,182,0
2a9abb78,ELEC-1052,254,0
ed12d8e7,ELEC-1071,98,0
ed389fdd,ELEC-1066,206,0
cd1a2d2a,ELEC-1089,220,0
454346c6,ELEC-1008,333,0
4ee6dab2,ELEC-1073,91,0
661a23d3,ELEC-1006,184,2
bba66fca,ELEC-1048,222,0
5bad7f7d,ELEC-1093,365,1
3e252b15,ELEC-1095,295,0
b2d4695f,ELEC-1052,173,0
fda27b09,ELEC-1050,198,0
7ed8cd03,ELEC-1010,65,0
9791dbbe,ELEC-1011,370,0
c7f57ca4,ELEC-1094,96,0
e22941c4,ELEC-1014,164,0
695a0a87,ELEC-1090,105,0
7c5f1b32,ELEC-1010,50,0
763642b8,ELEC-1059,336,0
d8537b31,ELEC-1038,103,0
017803d8,ELEC-1013,392,0
5dbaadbd,ELEC-1025,357,0
50fd8392,ELEC-1076,96,0
aef6ee52,ELEC-1018,370,0
475378d1,ELEC-1002,242,0
8ccfe66a,ELEC-1049,243,2
abb4c31c,ELEC-1066,333,1
11f708a0,ELEC-1068,236,0
8bb18392,ELEC-1096,42,2
1b93a6c9,ELEC-1095,180,0
370c3e0b,ELEC-1069,156,2
a08f4b98,ELEC-1040,149,0
2b8f1b2f,ELEC-1012,180,0
8e8f6ea6,ELEC-1058,255,2
616881dc,ELEC-1049,282,0
5f1b8f09,ELEC-1027,227,0
d5451eaa,ELEC-1076,260,0
5fe655e7,ELEC-1012,66,0
281a83b0,ELEC-1033,319,2
ad16e74c,ELEC-1025,14,0
7a36ce77,ELEC-1080,134,2
780d7c43,ELEC-1052,71,0
a968fb32,ELEC-1015,365,0
50907e37,ELEC-1034,28,2
f93285fc,ELEC-1079,304,0
3cf8dc1f,ELEC-1053,266,1
6105fe55,ELEC-1061,34,0
4c80ca22,ELEC-1000,368,0
f8fd6c4b,ELEC-1027,145,0
d7014e3a,ELEC-1033,108,0
7bd9ea71,ELEC-1054,84,0
51dd8f7a,ELEC-1053,24,0
922684df,ELEC-1072,391,0
1666ea06,ELEC-1077,151,2
e3644f42,ELEC-1080,298,0
f0367d7a,ELEC-1057,363,0
f347aa00,ELEC-1000,56,0
b4b6c228,ELEC-1027,260,0
3ea18166,ELEC-1069,110,0
2c237e11,ELEC-1053,200,0
7ef20c2e,ELEC-1074,229,0
c93ed7aa,ELEC-1001,180,0
4135244f,ELEC-1013,353,0
776a4949,ELEC-1065,280,0
a44c9d7e,ELEC-1065,168,0
a2387012,ELEC-1061,112,0
426487fe,ELEC-1054,29,2
388aa8d8,ELEC-1002,228,1
7a890b80,ELEC-1040,294,0
4f81c8ba,ELEC-1087,111,0
5cfb7cab,ELEC-1008,284,0
e3e925d4,ELEC-1032,169,2
8752b95e,ELEC-1015,358,0
f3f5a178,ELEC-1031,265,2
f379d557,ELEC-1087,374,0
469195c5,ELEC-1033,321,0
a7ec94dc,ELEC-1063,77,0
cb3f4acb,ELEC-1048,229,1
38dfa545,ELEC-1017,374,0
da3a9b6c,ELEC-1044,293,0
3452b30a,ELEC-1066,364,0
54fca318,ELEC-1047,49,0
89745b31,ELEC-1006,216,1
efad1f57,ELEC-1065,231,0
a2c20798,ELEC-1035,381,2
16871ed6,ELEC-1057,312,0
c261937b,ELEC-1019,324,0
30983c78,ELEC-1054,342,0
6d6362ff,ELEC-1004,380,0
b87df9ee,ELEC-1044,382,0
753d412a,ELEC-1085,284,0
47b6d1df,ELEC-1036,134,1
8efec8e5,ELEC-1040,254,0
cd9dd1b5,ELEC-1080,308,0
f3248a0f,ELEC-1006,345,2
11fd1a8a,ELEC-1017,11,0
75a356f1,ELEC-1097,67,0
9f9dc938,ELEC-1098,338,0
d911b6e7,ELEC-1014,164,1
80901787,ELEC-1091,342,0
6dbc2274,ELEC-1041,298,0
397826de,ELEC-1095,367,0
8f7f782e,ELEC-1058,40,0
6480bacc,ELEC-1030,339,0
05aad205,ELEC-1079,204,0
10c6821a,ELEC-1022,16,0
5896942a,ELEC-1093,387,0
f639f525,ELEC-1020,300,0
a6f05ba2,ELEC-1017,224,0
e63030dd,ELEC-1077,55,2
38e3bf87,ELEC-1005,188,0
e7db8215,ELEC-1064,328,0
541f3fc8,ELEC-1046,152,0
98f43cb3,ELEC-1026,153,0
8f43f0cf,ELEC-1083,183,0
a474385b,ELEC-1060,222,0
e76f0429,ELEC-1033,166,0
761da823,ELEC-1071,334,0
308c55de,ELEC-1028,299,0
716723dc,ELEC-1090,63,0
4a64148a,ELEC-1047,19,0
077ef07a,ELEC-1053,128,0
2bf59ebb,ELEC-1057,366,2
93f983b2,ELEC-1053,322,0
bff3f9f8,ELEC-1039,156,0
5a425787,ELEC-1067,109,1
f2e5487f,ELEC-1008,181,0
65899873,ELEC-1096,293,2
6798248c,ELEC-1098,121,0
fe89df9a,ELEC-1060,82,1
d7707bb4,ELEC-1002,244,0
69c13564,ELEC-1087,371,0
a1538220,ELEC-1064,218,2
a332be83,ELEC-1082,105,0
7aa34c46,ELEC-1055,208,0
bc6049ee,ELEC-1021,134,0
26a80c23,ELEC-1035,184,0
58f52fa8,ELEC-1027,39,0
d5f9f60a,ELEC-1053,55,0
b4b79cf4,ELEC-1015,277,0
6ec2c02b,ELEC-1089,265,0
90270409,ELEC-1039,128,2
2f17b56e,ELEC-1024,190,0
fb722c82,ELEC-1012,67,0
2c8338e8,ELEC-1077,35,0
42fec642,ELEC-1009,181,0
b9b24799,ELEC-1041,303,0
36311cdc,ELEC-1052,77,0
e047205f,ELEC-1078,148,0
8a8806f9,ELEC-1088,36,0
80140da6,ELEC-1038,308,0
3ae1ac9c,ELEC-1004,334,0
7324c480,ELEC-1095,183,0
2b2703e3,ELEC-1095,185,0
3a3d3054,ELEC-1062,158,0
891374c7,ELEC-1020,224,0
620bb5a4,ELEC-1052,334,1
98f56e4b,ELEC-1095,242,0
595fe8db,ELEC-1079,44,1
a409e723,ELEC-1097,389,0
779e469e,ELEC-1054,110,2
7ff20673,ELEC-1071,379,2
b87f4a1e,ELEC-1061,336,0
09ec6eab,ELEC-1047,190,0
e971e18a,ELEC-1007,26,1
53a1207f,ELEC-1014,314,0
a3dc38fb,ELEC-1050,380,0
ae241cf7,ELEC-1091,314,2
924a3b07,ELEC-1081,388,0
37f37e3c,ELEC-1077,115,0
cbacd257,ELEC-1098,287,0
9d657507,ELEC-1090,332,0
3680912b,ELEC-1000,112,0
ea1dde19,ELEC-1018,73,0
35d4ef8e,ELEC-1071,50,0
a82331f9,ELEC-1099,365,0
bbe028c0,ELEC-1007,286,2
be95bcf0,ELEC-1024,357,0
f0d032e9,ELEC-1012,33,0
d2b94c13,ELEC-1027,113,0
32a32e94,ELEC-1066,381,0
26f988cb,ELEC-1012,142,0
c084ceff,ELEC-1011,191,0
d9b84c72,ELEC-1012,296,0
c7f54e9b,ELEC-1059,118,0
af414264,ELEC-1050,197,0
45641239,ELEC-1051,240,0
0261c238,ELEC-1045,211,0
e57b4d23,ELEC-1097,97,0
89bd0dd4,ELEC-1017,101,0
e480b697,ELEC-1066,220,0
c0bddce1,ELEC-1024,245,0
6e858629,ELEC-1028,360,0
5da8b193,ELEC-1043,241,0
3dcd3b39,ELEC-1063,214,0
e2e1d080,ELEC-1053,24,0
a8783665,ELEC-1061,331,0
c979838b,ELEC-1001,284,0
68d557ee,ELEC-1037,191,2
5a852ff0,ELEC-1097,85,0
5c8212c8,ELEC-1001,102,1
700cf089,ELEC-1041,157,2
1c77b68b,ELEC-1013,198,0
f56d6a2f,ELEC-1027,47,0
b2eb3b9a,ELEC-1018,71,2
63227736,ELEC-1070,20,2
81f6ece9,ELEC-1037,214,1
09e01cdf,ELEC-1052,385,1
c048da75,ELEC-1039,347,0
eb3ea892,ELEC-1012,86,0
e29d2599,ELEC-1086,153,0
4c79feef,ELEC-1010,284,0
9652dec1,ELEC-1005,300,0
7f48b3ef,ELEC-1044,13,0
fc1bd7de,ELEC-1091,304,0
5d706d37,ELEC-1020,354,0
9123373d,ELEC-1044,46,2
061d761f,ELEC-1025,136,0
b3b9e89b,ELEC-1061,129,0
64c67b16,ELEC-1008,80,0
64ef1474,ELEC-1063,30,0
6b74534b,ELEC-1042,250,0
69aa8f02,ELEC-1094,109,0
a6ed5ec1,ELEC-1059,286,0
ad044a27,ELEC-1025,306,0
220f9629,ELEC-1052,233,0
a5557a42,ELEC-1093,368,0
7604f0ee,ELEC-1049,83,2
d9e9b892,ELEC-1072,325,0
d3964506,ELEC-1035,232,2
7beef843,ELEC-1089,98,0
df538c1d,ELEC-1049,335,0
312711ff,ELEC-1073,237,1
e29918d8,ELEC-1004,132,0
1d12de4b,ELEC-1044,63,0
4e07ab9f,ELEC-1090,48,0
4d786bf0,ELEC-1023,342,0
2441d779,ELEC-1094,388,0
1268528e,ELEC-1070,250,2
eb776c42,ELEC-1074,185,1
42ffb352,ELEC-1029,100,0
63541fb1,ELEC-1040,338,0
7acd2734,ELEC-1074,175,0
3fcf65b2,ELEC-1007,87,1
8d15f1b3,ELEC-1003,368,0
509420e6,ELEC-1040,230,0
026b6e75,ELEC-1000,316,0
18b0b2bb,ELEC-1015,345,0
843619c4,ELEC-1082,216,0
42c74901,ELEC-1042,391,0
5b98b01a,ELEC-1049,79,0
b7001757,ELEC-1076,30,0
55af3bb2,ELEC-1081,152,0
4193f150,ELEC-1023,137,0
e3aa577c,ELEC-1056,356,0
17eae611,ELEC-1077,248,0
cdf5a3a7,ELEC-1059,328,1
e42ca364,ELEC-1034,173,0
e2e7385b,ELEC-1021,326,0
167657cd,ELEC-1052,221,0
00915eac,ELEC-1070,385,0
3971dd99,ELEC-1010,21,0
e2250dc2,ELEC-1089,297,2
a3185a46,ELEC-1008,97,0
402f68dc,ELEC-1054,172,0
4378935a,ELEC-1020,25,2
8330af78,ELEC-1076,48,0
d3a8923b,ELEC-1046,389,0
91c3e0fb,ELEC-1002,359,0
931fcf07,ELEC-1010,288,0
f1d3f4d4,ELEC-1034,361,0
57e77b36,ELEC-1000,60,1
bb88cf74,ELEC-1037,79,0
0356106d,ELEC-1032,65,0
7be826b5,ELEC-1091,62,0
cffc8ae0,ELEC-1061,293,0
b39899a1,ELEC-1084,186,1
a84c9248,ELEC-1042,219,0
24f51e74,ELEC-1099,165,0
b4bd1cf7,ELEC-1058,76,0
3c78037f,ELEC-1073,72,0
9e65239d,ELEC-1015,115,2
79e3312f,ELEC-1097,272,0
ee8926cf,ELEC-1081,284,0
bd951152,ELEC-1071,96,2
3c5154bd,ELEC-1095,142,0
890a4175,ELEC-1035,24,0
86044a97,ELEC-1084,246,0
1981bdd3,ELEC-1084,46,0
2ff35051,ELEC-1042,118,0
1e05f8e4,ELEC-1008,296,0
91dbdd67,ELEC-1017,102,0
8783d865,ELEC-1020,30,0
51f374df,ELEC-1093,112,0
6190ef30,ELEC-1039,173,0
0968b8aa,ELEC-1052,94,0
b81110d5,ELEC-1008,388,0
7ff7dfba,ELEC-1056,328,0
61120718,ELEC-1000,75,0
efde0ced,ELEC-1061,377,0
2200c902,ELEC-1051,115,1
7b1d76e3,ELEC-1049,116,0
c58bab05,ELEC-1096,221,0
70664631,ELEC-1021,92,0
f8891a04,ELEC-1080,47,0
96831b5f,ELEC-1031,322,0
5adfe943,ELEC-1027,243,0
22509558,ELEC-1001,198,0
4049f095,ELEC-1030,126,0
312ddd41,ELEC-1085,214,1
0838de5d,ELEC-1079,112,0
9d1cd546,ELEC-1004,144,0
d123ad10,ELEC-1003,357,0
7258a39f,ELEC-1063,199,2
1dcb0e5a,ELEC-1093,155,0
3ba8425f,ELEC-1063,27,0
1c548fa8,ELEC-1001,355,2
1c39a6cb,ELEC-1054,293,0
a8b69d60,ELEC-1059,201,0
66b411dc,ELEC-1086,385,0
d743a53c,ELEC-1006,230,0
a5929862,ELEC-1000,337,0
1908028c,ELEC-1009,323,0
c411c736,ELEC-1020,85,0
67d7e6ed,ELEC-1072,50,1
e3dbf77a,ELEC-1054,123,0
d3904fd8,ELEC-1086,295,2
29006ee2,ELEC-1044,233,0
7b0f19a6,ELEC-1009,372,0
2d6b763e,ELEC-1026,184,0
c5d9a3f4,ELEC-1020,278,1
49e3dc29,ELEC-1007,244,0
13db87b0,ELEC-1033,364,0
500f63db,ELEC-1053,24,0
787b6130,ELEC-1072,86,0
44cb073f,ELEC-1047,285,0
d4af13b9,ELEC-1098,137,0
dc9af39e,ELEC-1074,179,0
68558aeb,ELEC-1011,49,2
e5fadd62,ELEC-1090,333,0
ef3b97cb,ELEC-1030,96,0
3a6b4ba6,ELEC-1098,366,2
35a79be7,ELEC-1012,118,0
02b16847,ELEC-1072,398,1
21114dc5,ELEC-1053,129,1
a39f0c77,ELEC-1035,191,0
f16bf000,ELEC-1012,393,2
ae2fb531,ELEC-1052,102,0
3bf0685f,ELEC-1016,236,2
5bb20abf,ELEC-1035,31,2
f69080c9,ELEC-1001,258,0
81b5349e,ELEC-1056,178,0
59c8a188,ELEC-1027,398,1
93e75d99,ELEC-1068,200,1
fed28720,ELEC-1031,148,0
5e9e1ba5,ELEC-1033,100,0
80dc8a2e,ELEC-1043,70,0
183dc728,ELEC-1023,365,0
2bbe39e3,ELEC-1036,268,0
5c481911,ELEC-1025,398,0
68afd57f,ELEC-1009,313,0
17de141e,ELEC-1048,156,0
2945ccfd,ELEC-1035,45,0
b3538c77,ELEC-1005,208,0
66984ade,ELEC-1063,281,0
628fc556,ELEC-1093,308,0
188cd95d,ELEC-1057,67,0
4dee03c9,ELEC-1079,307,0
b98c09fb,ELEC-1008,298,0
8acb670d,ELEC-1017,249,0
62132545,ELEC-1044,199,0
3b07c734,ELEC-1077,162,0
ddf62d6f,ELEC-1081,114,0
bae1ec92,ELEC-1035,54,1
b3d0eb5c,ELEC-1033,313,0
729b7662,ELEC-1034,200,2
e4ed8aeb,ELEC-1054,107,2
0eb26385,ELEC-1088,96,0
0c8a561a,ELEC-1009,21,0
c43f2e53,ELEC-1053,220,2
b9b7a465,ELEC-1042,147,0
e0aa7111,ELEC-1028,218,0
48fb5b90,ELEC-1099,76,1
0272e9ad,ELEC-1011,127,2
fa3c73a5,ELEC-1076,268,0
6cf5f987,ELEC-1000,159,1
cadd63ee,ELEC-1025,356,0
3d02ae07,ELEC-1098,341,0
06965227,ELEC-1044,15,0
77d16dc3,ELEC-1060,117,0
c6b69d3e,ELEC-1032,254,0
396c426d,ELEC-1018,230,2
3f96c33b,ELEC-1041,107,0
7baec686,ELEC-1040,23,0
b5e2f891,ELEC-1028,152,0
85e42256,ELEC-1096,82,0
15da28aa,ELEC-1072,336,0
c4e05d50,ELEC-1096,320,0
8e91c973,ELEC-1032,360,0
e98f98db,ELEC-1057,283,0
bfea32bc,ELEC-1001,347,0
38ec6a63,ELEC-1030,25,2
a3c22119,ELEC-1086,49,0
f0403b55,ELEC-1054,16,0
b080fd31,ELEC-1036,201,0
f44ef427,ELEC-1082,380,0
ed7597ff,ELEC-1084,84,0
d6d755a1,ELEC-1037,221,0
8d59fdf5,ELEC-1032,398,2
a797ea38,ELEC-1013,260,0
565fb98c,ELEC-1005,149,0
ad631b5f,ELEC-1025,221,0
94afc831,ELEC-1046,363,0
489bffd7,ELEC-1027,346,1
a19cef67,ELEC-1030,138,0
c8f62ac4,ELEC-1045,107,0
cb73c30a,ELEC-1044,136,0
26a99971,ELEC-1030,396,0
8078cd8d,ELEC-1029,96,0
ec54a15a,ELEC-1053,313,2
54da1ff8,ELEC-1009,248,0
8a72d102,ELEC-1015,255,2
48f60794,ELEC-1017,277,0
08f37e38,ELEC-1090,192,0
3d186b62,ELEC-1077,249,0
78b0bd79,ELEC-1044,390,0
6deb534f,ELEC-1072,379,0
839f2868,ELEC-1061,134,0
f6de1cb0,ELEC-1006,157,1
4420ef52,ELEC-1099,306,0
fbb4c70a,ELEC-1063,56,0
4b265b19,ELEC-1002,49,0
e4db5c32,ELEC-1015,303,0
ef2731a3,ELEC-1038,47,0
d371be90,ELEC-1099,217,0
03be3788,ELEC-1003,184,0
2b9082dc,ELEC-1084,254,0
f44d3c82,ELEC-1054,253,1
c886538c,ELEC-1044,91,0
c6e12a2e,ELEC-1006,245,0
b9451a41,ELEC-1096,86,2
5f782cff,ELEC-1072,365,0
8b35380a,ELEC-1074,334,0
4de7cf4d,ELEC-1029,200,1
87d6d092,ELEC-1007,243,0
4cc2703f,ELEC-1010,257,0
62271b34,ELEC-1080,26,0
d72d4100,ELEC-1076,309,0
0d3f26e2,ELEC-1053,127,0
ecb8198d,ELEC-1064,236,0
5c1bbc80,ELEC-1001,26,0
fe343a22,ELEC-1053,319,1
56a69b7d,ELEC-1056,174,0
41a333fb,ELEC-1051,70,2
51488a38,ELEC-1020,239,0
d665c7df,ELEC-1018,54,0
2e8b533d,ELEC-1043,113,0
34ee445b,ELEC-1095,85,0
bced58b9,ELEC-1046,121,0
6585673c,ELEC-1009,117,0
25adcc74,ELEC-1043,104,0
2fbefeff,ELEC-1096,379,0
e85a9467,ELEC-1078,314,2
fe8cb5e0,ELEC-1070,212,0
49552198,ELEC-1051,104,0
e5b44932,ELEC-1087,239,0
e71b01e4,ELEC-1049,210,0
fff1ca61,ELEC-1086,50,1
e9ffdba7,ELEC-1076,54,0
45d88d00,ELEC-1090,221,0
f584f028,ELEC-1024,198,2
0607cb99,ELEC-1001,268,0
6a885397,ELEC-1043,235,0
89fcb1b5,ELEC-1081,353,0
100a26f8,ELEC-1052,308,0
dc5e4b54,ELEC-1069,390,2
03566d5a,ELEC-1029,361,0
04e5e2e5,ELEC-1073,66,0
1b7e21e4,ELEC-1047,298,0
c7d4d476,ELEC-1075,80,2
7d7c9fdd,ELEC-1037,277,0
d0097c30,ELEC-1019,18,0
b0d5ce63,ELEC-1031,111,0
9124dd12,ELEC-1032,238,0
07dd10c7,ELEC-1038,81,2
054bf5ed,ELEC-1095,42,0
cc6c1c77,ELEC-1039,187,0
01137c94,ELEC-1005,199,0
a8457c6e,ELEC-1043,341,0
5447ed0a,ELEC-1038,348,0
c2aefdac,ELEC-1059,91,0
57c12d61,ELEC-1077,220,0
a4a0aa50,ELEC-1072,155,0
87e7faa2,ELEC-1056,52,1
9ee1c23e,ELEC-1052,148,0
05c1a87a,ELEC-1042,140,0
797aae91,ELEC-1064,386,0
e877dec6,ELEC-1083,199,0
c486bdce,ELEC-1031,130,2
2e19c154,ELEC-1023,129,0
8bddc2e4,ELEC-1017,34,0
011ac7b8,ELEC-1024,334,1
25acc011,ELEC-1046,47,0
40b9c473,ELEC-1097,14,0
cd13a1cb,ELEC-1069,391,0
fa4e41cd,ELEC-1096,222,2
ea8d5b55,ELEC-1047,305,0
d1785678,ELEC-1099,259,1
30b06c79,ELEC-1001,286,2
39b65c85,ELEC-1036,65,0
07f2251e,ELEC-1020,168,0
3ae08480,ELEC-1011,173,2
5fc9fb4e,ELEC-1006,91,0
ce2d8682,ELEC-1069,104,0
fa2f0b1a,ELEC-1052,282,0
c4890c92,ELEC-1077,321,0
9d72e454,ELEC-1098,70,0
4821ca78,ELEC-1094,84,0
9dddc295,ELEC-1033,386,0
6754d601,ELEC-1042,320,2
6bf9c030,ELEC-1037,119,0
77de58f4,ELEC-1000,54,0
9969e7d0,ELEC-1090,336,0
44a5fc46,ELEC-1023,227,0
6bf473e7,ELEC-1012,103,0
72c2ec48,ELEC-1076,354,0
13adf20a,ELEC-1068,340,0
6b3280e5,ELEC-1067,275,0
90e22162,ELEC-1069,269,0
5c03271c,ELEC-1034,50,0
778f9938,ELEC-1053,368,0
37f2a3fc,ELEC-1042,290,2
9c19a6b9,ELEC-1045,128,1
d5640f7c,ELEC-1019,112,0
dbc7ca76,ELEC-1011,301,0
aaac4158,ELEC-1024,337,0
87a75fcf,ELEC-1094,22,0
87388f32,ELEC-1085,243,0
261fdbf4,ELEC-1001,388,0
01aae8cb,ELEC-1022,184,1
5e987b5d,ELEC-1041,280,0
5e9391be,ELEC-1097,325,0
95a3ebc1,ELEC-1088,253,2
91fbbc68,ELEC-1050,36,0
2e1e064c,ELEC-1057,390,1
026074ee,ELEC-1039,131,0
87292a94,ELEC-1015,152,0
e327a9b5,ELEC-1053,83,0
ede9e4c5,ELEC-1012,64,0
1ab53b05,ELEC-1016,243,1
3ef086cb,ELEC-1041,304,0
1394c8a3,ELEC-1046,179,1
be381649,ELEC-1048,196,0
c7f5021a,ELEC-1091,57,0
8e4eb7ab,ELEC-1079,218,1
c57e61ba,ELEC-1013,324,0
39960f1b,ELEC-1078,398,2
c640f32a,ELEC-1046,108,0
ead26750,ELEC-1012,218,0
a70a2735,ELEC-1059,66,0
a86b338e,ELEC-1022,342,1
af5c79e9,ELEC-1045,139,0
e6de19c8,ELEC-1072,160,0
b3edcdd6,ELEC-1039,193,0
55a9f9f5,ELEC-1062,39,0
b8c75d36,ELEC-1049,346,2
e63094c6,ELEC-1079,205,0
4f2af0cf,ELEC-1018,394,0
c16796ff,ELEC-1095,86,0
598c21ba,ELEC-1040,330,0
fe244e5a,ELEC-1086,175,0
0dd0423c,ELEC-1092,99,0
58373ef3,ELEC-1055,251,1
8745f90a,ELEC-1045,152,0
5a7ed8e1,ELEC-1094,182,1
c63f81bc,ELEC-1032,330,0
a297de57,ELEC-1003,319,0
63ba8077,ELEC-1024,323,0
db58d9b0,ELEC-1025,347,0
4cc7cf1c,ELEC-1033,234,0
8fc1328f,ELEC-1026,144,0
c0450d0f,ELEC-1036,192,1
ee5ec089,ELEC-1051,124,0
8b7024d7,ELEC-1011,236,0
e942ee93,ELEC-1064,71,0
18e33ccb,ELEC-1054,96,0
4dd50376,ELEC-1009,293,2
792e74d0,ELEC-1080,115,0
a45e677a,ELEC-1099,192,0
3de8f14f,ELEC-1007,385,0
5f477b5d,ELEC-1051,166,0
dad984e6,ELEC-1015,144,0
ecb81f92,ELEC-1077,373,0
d84fd856,ELEC-1071,338,2
c7d699fd,ELEC-1023,82,1
4c466358,ELEC-1024,70,0
8a2f2f38,ELEC-1043,333,2
6f24bc27,ELEC-1062,20,0
19e5acae,ELEC-1052,92,0
d7603347,ELEC-1009,96,1
08063843,ELEC-1087,204,0
2c7ab831,ELEC-1079,21,0
1444598e,ELEC-1048,384,0
b9901a05,ELEC-1019,186,0
1fa901eb,ELEC-1076,26,0
aabdbdae,ELEC-1051,203,0
7dfe2d50,ELEC-1051,76,0
5032b884,ELEC-1011,382,2
6f2b9f46,ELEC-1088,371,0
4e5e274a,ELEC-1004,41,0
213a94c2,ELEC-1051,153,0
635b3b61,ELEC-1065,297,0
b5bf11ff,ELEC-1025,185,0
b88af726,ELEC-1082,213,0
72e40747,ELEC-1033,397,0
01fa7c3e,ELEC-1080,350,1
dbc3045a,ELEC-1009,27,0
9130818d,ELEC-1024,312,2
e189f858,ELEC-1037,242,0
ea6067b4,ELEC-1014,399,0
37ebb757,ELEC-1002,124,2
911bba2e,ELEC-1084,224,0
a0555b89,ELEC-1078,97,0
cd4c249c,ELEC-1019,45,1
82050aaa,ELEC-1094,98,1
042a6154,ELEC-1016,268,1
693c91d4,ELEC-1068,260,0
731b7809,ELEC-1034,97,1
735b940e,ELEC-1053,59,2
45bfd939,ELEC-1082,147,0
f0fa5d3f,ELEC-1005,141,1
c8d768ad,ELEC-1024,201,0
3d224cfb,ELEC-1033,22,0
6b575d58,ELEC-1080,18,1
8232a272,ELEC-1064,281,0
44d50c67,ELEC-1047,321,2
1af1d9f3,ELEC-1012,14,0
4d3221be,ELEC-1094,380,0
e5ff365f,ELEC-1020,93,0
0e69b21a,ELEC-1031,119,0
ebf12e1d,ELEC-1063,218,0
8641c10f,ELEC-1001,163,0
b67a30d5,ELEC-1006,93,0
dbb7dbb6,ELEC-1055,202,1
de5d8dbb,ELEC-1088,189,0
3cfaf38c,ELEC-1064,147,0
616b5955,ELEC-1050,280,0
876f07ee,ELEC-1011,139,0
41243d2c,ELEC-1017,349,1
1545ef1e,ELEC-1093,202,2
d9bba97b,ELEC-1066,122,0
160966c3,ELEC-1065,141,0
abadcc4c,ELEC-1036,232,2
e2496f5c,ELEC-1040,41,0
3a29ee1c,ELEC-1068,242,1
906da630,ELEC-1021,343,0
f64e551a,ELEC-1031,274,2
c8f332ec,ELEC-1062,39,0
38a0417d,ELEC-1075,70,2
45201572,ELEC-1062,294,0
0e173242,ELEC-1047,297,0
3e1e346a,ELEC-1021,50,1
c9e188e2,ELEC-1073,328,0
0ff79b2b,ELEC-1047,122,0
daebad42,ELEC-1081,398,0
d6589711,ELEC-1008,243,0
7c4e4651,ELEC-1081,223,0
b1a3e023,ELEC-1070,223,0
0b53a734,ELEC-1090,256,0
3326cda3,ELEC-1015,229,0
f37976db,ELEC-1023,59,2
ac4af5af,ELEC-1030,29,0
fbf82d57,ELEC-1032,391,0
d4210199,ELEC-1036,315,2
d5864e8a,ELEC-1082,14,0
32b0614c,ELEC-1086,387,0
c4ab66ab,ELEC-1075,111,0
b899d439,ELEC-1094,154,2
df633542,ELEC-1097,166,0
932caf15,ELEC-1003,358,0
9716d256,ELEC-1097,193,0
6433399a,ELEC-1016,328,0
ce9ed2ff,ELEC-1060,13,0
e178daab,ELEC-1094,153,0
47763734,ELEC-1068,344,0
19a024d7,ELEC-1006,124,0
4a3fa606,ELEC-1036,222,0
fb22bf92,ELEC-1020,174,0
fd6a06a7,ELEC-1091,256,0
c8e75706,ELEC-1045,164,0
18f387e5,ELEC-1008,50,0
166a5db6,ELEC-1031,248,0
c144ac1b,ELEC-1008,286,0
af1305a8,ELEC-1078,52,0
c34822a1,ELEC-1013,377,0
23546c05,ELEC-1090,265,0
4f7880b8,ELEC-1076,54,0
8ade8ac1,ELEC-1029,249,0
48280b86,ELEC-1075,348,0
694939e0,ELEC-1046,379,0
5604875e,ELEC-1001,120,0
d014949c,ELEC-1087,223,0
6711b4ae,ELEC-1026,317,0
c1c84896,ELEC-1026,368,0
a89c85d9,ELEC-1065,83,1
3dcb5dd7,ELEC-1016,154,2
56dcc99d,ELEC-1061,363,2
469fe385,ELEC-1021,336,0
09e80bbe,ELEC-1022,170,0
5f7bc734,ELEC-1055,177,0
be04350c,ELEC-1018,117,0
34b163d2,ELEC-1037,162,0
8fcd3c81,ELEC-1032,199,0
b9d4a225,ELEC-1045,334,0
8af2e22f,ELEC-1041,85,0
3fb0282e,ELEC-1009,297,0
c4c445d8,ELEC-1083,221,1
3494f1e8,ELEC-1019,19,0
a2a9a429,ELEC-1033,350,0
83c6a815,ELEC-1056,20,0
df9a1adc,ELEC-1003,123,0
99259856,ELEC-1075,250,0
8041d5e7,ELEC-1000,151,0
23e63835,ELEC-1069,204,0
5ad95f85,ELEC-1076,259,0
ee084749,ELEC-1030,154,0
9eaec745,ELEC-1016,255,0
1e3a4730,ELEC-1032,90,0
a18cf07c,ELEC-1084,262,0
43f2d901,ELEC-1055,226,0
a4ca18c2,ELEC-1035,167,1
bbaa0b8a,ELEC-1031,100,0
b977765a,ELEC-1083,21,0
46bc4663,ELEC-1013,86,0
bed115be,ELEC-1030,126,0
ffdd81d0,ELEC-1070,107,0
09c7fece,ELEC-1015,198,0
c2ea34eb,ELEC-1026,146,0
bfadda98,ELEC-1053,129,0
759f15ca,ELEC-1044,63,0
36f64b1a,ELEC-1096,108,0
d0a28d42,ELEC-1031,330,0
90974e7c,ELEC-1000,251,0
0820ffcd,ELEC-1064,55,0
520202bd,ELEC-1076,100,0
0841f395,ELEC-1053,13,0
0d554b07,ELEC-1001,322,0
ebd6af02,ELEC-1038,174,0
07335606,ELEC-1038,375,0
ad9c6a1f,ELEC-1000,55,0
1110c93f,ELEC-1014,149,0
3d085418,ELEC-1063,44,0
ae13cfc4,ELEC-1066,232,0
d2825efc,ELEC-1087,253,0
99f6c58f,ELEC-1041,376,0
727b908b,ELEC-1020,124,2
17464b32,ELEC-1074,133,0
2a261355,ELEC-1026,151,0
d70234d0,ELEC-1031,250,0
f34bf2e1,ELEC-1038,218,0
5e98b947,ELEC-1097,31,0
c9f7b575,ELEC-1040,37,0
434383c6,ELEC-1000,300,2
ed5a6842,ELEC-1061,247,0
61b47dec,ELEC-1048,42,0
59ed9916,ELEC-1051,254,2
279622a5,ELEC-1070,162,0
5fee989b,ELEC-1029,302,0
cece1a6a,ELEC-1023,58,0
73827191,ELEC-1089,296,0
630b847c,ELEC-1065,102,0
b192a063,ELEC-1039,238,0
b8634427,ELEC-1084,115,0
15023608,ELEC-1074,251,0
3fd4b71d,ELEC-1057,182,0
a14fd67e,ELEC-1045,196,0
5c29d5b6,ELEC-1011,291,0
baec2902,ELEC-1017,228,0
47d6b3ad,ELEC-1020,45,0
92d6ae77,ELEC-1048,214,0
f8715dda,ELEC-1025,47,0
271b198d,ELEC-1040,53,0
dc17850c,ELEC-1059,258,0
d8fe8d40,ELEC-1007,190,0
6bbffbee,ELEC-1020,387,2
645e3fbf,ELEC-1061,239,0
1281bbcd,ELEC-1066,89,0
7819507e,ELEC-1077,134,0
7790e1e0,ELEC-1040,200,0
c58224e1,ELEC-1018,250,0
6183a275,ELEC-1032,79,0
b59d613c,ELEC-1061,220,0
d6114077,ELEC-1043,289,1
5f085aeb,ELEC-1078,316,0
21bc8e29,ELEC-1022,83,0
d5493988,ELEC-1014,75,0
69134d7a,ELEC-1031,276,0
5282377b,ELEC-1028,189,0
bee56582,ELEC-1026,158,0
d6bfc586,ELEC-1002,304,0
34b648ad,ELEC-1083,21,1
47d31868,ELEC-1043,218,2
a7153fc1,ELEC-1079,164,0
de21ca04,ELEC-1041,338,0
d3740810,ELEC-1080,91,0
b378574d,ELEC-1022,134,0
d59c25f5,ELEC-1029,179,0
f814794d,ELEC-1056,372,1
176a75a9,ELEC-1081,318,0
ce171a8d,ELEC-1001,70,0
34594644,ELEC-1090,330,2
1b5bf1bd,ELEC-1072,303,0
46d22454,ELEC-1073,330,0
77690f51,ELEC-1050,157,2
313ac984,ELEC-1001,156,0
f746c200,ELEC-1049,163,2
6a493ccd,ELEC-1008,75,0
6f5b9613,ELEC-1067,78,0
9f31ea3e,ELEC-1070,346,0
d2f11574,ELEC-1024,289,0
2cd73dd0,ELEC-1088,237,0
d25fc45e,ELEC-1003,305,0
5e1d3eed,ELEC-1039,363,0
f52a3a8a,ELEC-1046,258,2
bff54305,ELEC-1031,268,1
9d3efc3d,ELEC-1081,387,0
de5a98af,ELEC-1004,380,0
0544ae81,ELEC-1093,148,0
f60eaee5,ELEC-1099,159,0
7f66c98d,ELEC-1073,373,0
994c7a59,ELEC-1018,48,0
ec771a88,ELEC-1016,118,0
d923de85,ELEC-1090,135,2
0894a042,ELEC-1079,102,1
f82b77ae,ELEC-1034,355,2
58953794,ELEC-1032,389,0
e9b35fec,ELEC-1085,51,1
395f90fe,ELEC-1047,282,0
dae288c7,ELEC-1055,152,0
2ef61df5,ELEC-1062,199,0
c662663e,ELEC-1090,106,0
546dc0e9,ELEC-1076,138,0
84c415f5,ELEC-1022,42,0
a6645f7f,ELEC-1050,146,0
993d18f2,ELEC-1088,163,0
a655f77e,ELEC-1066,132,1
21001f40,ELEC-1089,183,2
35c94123,ELEC-1058,38,1
b9cabe89,ELEC-1014,165,1
bf6fe892,ELEC-1061,155,0
11b3aef1,ELEC-1073,367,0
0c99cbb9,ELEC-1010,259,0
f0cba83c,ELEC-1038,330,0
ea1c7f58,ELEC-1061,126,0
cfdbad0d,ELEC-1019,254,0
d2e759f8,ELEC-1080,181,2
ae8d256b,ELEC-1064,317,2
56801101,ELEC-1093,341,0
3211d068,ELEC-1049,321,2
bfecd33c,ELEC-1038,312,0
9309f05c,ELEC-1053,127,2
14076ca4,ELEC-1062,304,2
29ab6c8b,ELEC-1021,61,0
5114abb4,ELEC-1008,71,0
f6eae7de,ELEC-1027,399,0
f0308b76,ELEC-1012,132,0
77af5289,ELEC-1054,391,2
2c9350b9,ELEC-1017,181,0
6c79c292,ELEC-1013,317,1
86931c42,ELEC-1098,68,0
45051641,ELEC-1036,10,0
6909eb9a,ELEC-1022,105,2
6ed351bf,ELEC-1075,145,0
53d48a08,ELEC-1088,69,1
e5c89116,ELEC-1027,159,0
b1f7f85d,ELEC-1080,123,0
7732d22e,ELEC-1085,61,0
be726bd5,ELEC-1016,16,2
0c5b607b,ELEC-1017,396,0
e5956fe1,ELEC-1057,261,0
b33297bb,ELEC-1027,227,0
9c5053e3,ELEC-1029,255,2
5124dc12,ELEC-1005,63,0
3e327953,ELEC-1052,281,0
2143379b,ELEC-1023,49,0
27cae65b,ELEC-1024,382,1
3b361f93,ELEC-1006,239,0
0fffef4f,ELEC-1025,385,2
feead037,ELEC-1062,275,2
7ddee303,ELEC-1048,288,0
14eec83b,ELEC-1000,243,0
58e5c37a,ELEC-1080,345,0
7e4ab47e,ELEC-1081,60,0
8a1d2751,ELEC-1075,337,2
b3a2029b,ELEC-1000,23,2
0228ce02,ELEC-1083,202,0
13eb5631,ELEC-1037,240,1
3110c739,ELEC-1027,232,1
17a6ff43,ELEC-1025,268,1
0f67e2f1,ELEC-1053,218,0
58ac77f6,ELEC-1087,260,0
30614ecc,ELEC-1063,360,2
bb143828,ELEC-1048,37,0
1abc6421,ELEC-1070,368,0
0007da61,ELEC-1090,192,1
14eacff9,ELEC-1019,208,0
b9c08e30,ELEC-1012,387,0
d7c32e9d,ELEC-1022,392,0
7973a5d9,ELEC-1056,170,0
1f891b01,ELEC-1074,377,0
8888eb3c,ELEC-1015,331,0
8787aa30,ELEC-1003,45,2
16cc1a73,ELEC-1014,266,0
498b4e60,ELEC-1090,104,0
edcf0816,ELEC-1043,185,0
83fa4542,ELEC-1045,205,2
fbf5fa1f,ELEC-1016,364,0
d99fab79,ELEC-1006,312,0
0585502a,ELEC-1003,33,0
70b3e4b3,ELEC-1067,150,0
bb424983,ELEC-1063,300,0
6805f39a,ELEC-1009,188,0
179ed16e,ELEC-1023,289,2
f4ada70a,ELEC-1012,139,0
b9641364,ELEC-1003,385,0
f3db29f5,ELEC-1010,109,0
e08de613,ELEC-1074,16,0
40eae64f,ELEC-1015,351,0
8a0a6f9d,ELEC-1065,104,0
97d58f1c,ELEC-1007,216,0
fd0653df,ELEC-1078,212,0
9b30e5e6,ELEC-1052,155,0
7bb88e54,ELEC-1040,367,0
f16ae1de,ELEC-1031,108,0
c46254c6,ELEC-1013,58,0
55df70b4,ELEC-1064,305,1
65122bb6,ELEC-1082,42,0
f4353618,ELEC-1089,148,0
a2e0b8ba,ELEC-1097,385,0
00031e16,ELEC-1083,79,0
ed6d3832,ELEC-1042,62,0
d0e22992,ELEC-1061,15,0
b2f55e5d,ELEC-1074,181,2
50339167,ELEC-1092,353,0
29c3502c,ELEC-1071,18,0
d88a2d19,ELEC-1018,295,0
792fcf4e,ELEC-1061,360,0
0d8ca763,ELEC-1074,384,0
b0e39f12,ELEC-1042,11,2
b6994cf4,ELEC-1095,92,0
296ada08,ELEC-1052,15,1
8bfb5d03,ELEC-1079,195,0
a02474dc,ELEC-1076,157,0
525b096e,ELEC-1059,225,0
20d901a6,ELEC-1088,16,0
492e7e60,ELEC-1012,127,2
a446c3fd,ELEC-1094,246,0
396c7695,ELEC-1069,144,0
d9257398,ELEC-1020,136,0
267c2ee8,ELEC-1076,138,0
c688426e,ELEC-1064,356,0
e54c460c,ELEC-1070,45,1
2708807a,ELEC-1036,353,0
32ad5faa,ELEC-1071,395,0
26d6a99b,ELEC-1017,284,0
57c9cbce,ELEC-1008,367,0
e0381300,ELEC-1014,299,0
0895855e,ELEC-1030,296,0
c44e4502,ELEC-1000,296,0
62c919e2,ELEC-1039,377,2
de63416a,ELEC-1056,135,0
5761b140,ELEC-1000,279,0
46f380ce,ELEC-1014,189,0
5d470034,ELEC-1094,259,0
91e8ea1d,ELEC-1078,187,0
ebdef603,ELEC-1099,58,0
28175c39,ELEC-1094,333,0
2ff5c58e,ELEC-1010,181,1
9081205a,ELEC-1097,318,0
f7bbb7cf,ELEC-1030,337,0
7910eb80,ELEC-1032,89,0
d73dfd9b,ELEC-1075,304,0
1e04fedb,ELEC-1091,340,0
fd13306b,ELEC-1064,111,0
26f74b84,ELEC-1022,197,0
f7192d80,ELEC-1044,315,0
63cdac20,ELEC-1097,171,0
42d1c023,ELEC-1064,47,1
e31804f1,ELEC-1014,138,0
1063bc2e,ELEC-1069,324,2
9617aa2b,ELEC-1082,163,0
eabd2733,ELEC-1074,107,0
f98bab66,ELEC-1081,57,0
ab245424,ELEC-1097,12,0
d86264fd,ELEC-1088,116,0
a02dd2d1,ELEC-1098,328,0
8081f26d,ELEC-1010,94,1
44985e37,ELEC-1074,146,0
0b5c240f,ELEC-1028,100,0
1a85614d,ELEC-1045,49,2
0ec71b1f,ELEC-1087,377,0
d42c736b,ELEC-1026,50,0
83b03a68,ELEC-1052,258,0
6baedadc,ELEC-1004,77,0
5445fbe9,ELEC-1080,295,0
99aa09e9,ELEC-1041,11,0
0817a431,ELEC-1017,209,0
f2b0b4c3,ELEC-1017,255,0
286aadc7,ELEC-1032,82,0
affc6fa6,ELEC-1081,22,0
178ac930,ELEC-1029,319,0
7cadb33b,ELEC-1069,237,0
b25508c3,ELEC-1008,118,0
7d5acb6e,ELEC-1045,330,0
0c3e77b2,ELEC-1039,171,1
391bac1e,ELEC-1039,279,0
22bd8d3d,ELEC-1002,373,0
732a4959,ELEC-1010,244,0
ec514c8e,ELEC-1004,175,0
60eca1e3,ELEC-1084,284,0
50ea72bc,ELEC-1087,320,0
d701d88d,ELEC-1018,365,0
0d3e2f79,ELEC-1089,13,0
c47bb472,ELEC-1037,312,0
1a5c2575,ELEC-1018,189,1
591d6387,ELEC-1020,341,0
6589907b,ELEC-1093,136,0
e8dd5c96,ELEC-1046,298,0
b058bf6a,ELEC-1041,292,0
8f56c8b3,ELEC-1040,153,0
1809d49b,ELEC-1018,120,2
51092898,ELEC-1066,192,0
b2edd627,ELEC-1071,57,1
2f15ad6c,ELEC-1056,13,0
18222633,ELEC-1025,394,1
68a9fa69,ELEC-1021,11,0
3340e95a,ELEC-1042,40,0
b00da5da,ELEC-1061,350,0
e845f4b0,ELEC-1039,395,2
860997d4,ELEC-1036,381,2
5fc413b4,ELEC-1091,116,0
6b538464,ELEC-1093,209,0
ea78903c,ELEC-1014,228,0
d57dbcf9,ELEC-1065,170,1
1926a442,ELEC-1042,62,0
7ca226e6,ELEC-1055,191,0
765bdb3b,ELEC-1065,73,0
b702a373,ELEC-1064,88,0
9c0907af,ELEC-1010,351,0
8e0c82ef,ELEC-1001,294,0
413eb5c0,ELEC-1035,359,0
79ae4f34,ELEC-1017,92,0
ec18a533,ELEC-1092,247,0
d685eb77,ELEC-1072,173,0
72ca1d5c,ELEC-1024,355,0
91d8003b,ELEC-1090,244,0
6839b6bd,ELEC-1036,289,0
64094ecf,ELEC-1016,246,0
4ee7a8d9,ELEC-1004,90,0
0fc67adc,ELEC-1013,93,0
bb2785e2,ELEC-1029,132,0
7ade5e4b,ELEC-1096,302,0
7e0f754c,ELEC-1016,152,0
8f364d9d,ELEC-1006,137,0
492e06fe,ELEC-1079,59,0
a4f0160f,ELEC-1066,188,1
b2351aff,ELEC-1028,51,1
51b2c8a7,ELEC-1060,179,0
a212f4d5,ELEC-1003,337,0
809ecf46,ELEC-1024,233,0
f3b6c2e1,ELEC-1004,181,0
2acb16f1,ELEC-1077,48,0
96671951,ELEC-1053,367,0
23fa76d9,ELEC-1030,205,0
fdcbd0c7,ELEC-1060,133,0
7075dd42,ELEC-1016,317,0
ff56adfd,ELEC-1021,399,0
a165c321,ELEC-1060,293,1
816b8a73,ELEC-1096,385,2
64055a1c,ELEC-1032,71,0
e141c2d6,ELEC-1094,344,0
78fef907,ELEC-1060,126,0
96b1e15f,ELEC-1018,351,0
9bdffa90,ELEC-1013,63,0
5db71c05,ELEC-1071,185,0
306d82d9,ELEC-1026,365,0
53f8cd23,ELEC-1054,40,2
36de349a,ELEC-1034,206,2
7ce4f98d,ELEC-1099,393,0
8ca23eb0,ELEC-1046,217,0
29f520ec,ELEC-1081,232,0
9c43ffd9,ELEC-1056,87,0
25f206c8,ELEC-1056,331,0
925402ac,ELEC-1082,343,0
9e5af459,ELEC-1016,117,0
30f4d8c8,ELEC-1006,318,0
c32a3365,ELEC-1018,376,0
8c5cf763,ELEC-1092,104,0
ef10ee59,ELEC-1059,241,0
720e24fe,ELEC-1035,357,0
790ba3f1,ELEC-1020,195,0
fda1f72f,ELEC-1032,255,1
0105609e,ELEC-1010,34,0
0337f621,ELEC-1040,64,0
0d411f62,ELEC-1090,251,0
c026af77,ELEC-1028,34,0
3c70b99e,ELEC-1078,266,0
20139c7f,ELEC-1067,192,0
f710f759,ELEC-1098,64,0
c5afea59,ELEC-1012,94,0
def2ff9b,ELEC-1022,331,0
b120f34c,ELEC-1042,274,0
0012272c,ELEC-1070,77,1
e100efe7,ELEC-1092,167,1
4a56e7f0,ELEC-1053,97,2
fd91d90e,ELEC-1014,107,0
77838fa4,ELEC-1092,318,0
f8ae6d51,ELEC-1087,391,0
188ce660,ELEC-1087,323,0
228706e0,ELEC-1061,250,1
bbb0b537,ELEC-1045,11,1
fa8cc4ba,ELEC-1094,354,0
14f90b3d,ELEC-1011,37,0
8f8dcbee,ELEC-1028,148,0
51f35643,ELEC-1015,382,2
81587b5f,ELEC-1027,183,0
dce251ed,ELEC-1098,35,0
09013bf9,ELEC-1048,107,0
2b20dbf9,ELEC-1078,318,2
0cea74d6,ELEC-1011,337,0
aaf1871d,ELEC-1074,290,0
9e8fedc0,ELEC-1096,248,0
5377003f,ELEC-1063,398,0
3faeceed,ELEC-1090,276,0
81abb348,ELEC-1076,262,0
150f8883,ELEC-1021,394,0
0d64bc87,ELEC-1045,44,0
2834651f,ELEC-1020,262,1
d126111a,ELEC-1017,73,0
c089b534,ELEC-1048,262,0
c5757336,ELEC-1054,113,2
16470d55,ELEC-1087,23,0
38598c90,ELEC-1021,396,0
6ec6d580,ELEC-1085,219,2
813b7f6e,ELEC-1020,185,0
267f068c,ELEC-1006,397,1
0aab2a1d,ELEC-1006,285,0
bac86493,ELEC-1041,37,0
459ddfe0,ELEC-1081,331,0
1ec163fb,ELEC-1004,375,0
deae844e,ELEC-1023,381,0
ae21ba09,ELEC-1078,262,0
79a18d42,ELEC-1063,114,0
ad91c363,ELEC-1011,77,0
382bf7a3,ELEC-1056,105,0
fec387f9,ELEC-1056,98,0
1e2b159d,ELEC-1091,160,0
7aff80b0,ELEC-1041,83,2
bf6813d1,ELEC-1050,241,0
21d0049b,ELEC-1098,354,0
15d5410f,ELEC-1022,211,0
9ac9c784,ELEC-1042,66,0
244f6ec6,ELEC-1002,267,1
0e01f405,ELEC-1056,37,0
05b5ec10,ELEC-1093,323,1
e1420e1a,ELEC-1077,280,0
88cc5c06,ELEC-1035,365,0
87716a15,ELEC-1024,360,0
c2c94260,ELEC-1081,64,2
53f8ffea,ELEC-1006,349,2
c1975e8a,ELEC-1045,99,0
c3859587,ELEC-1049,341,1
77c925b0,ELEC-1075,256,0
5d648806,ELEC-1056,335,0
7f4941aa,ELEC-1019,232,0
d48cc935,ELEC-1052,22,1
dbf33174,ELEC-1082,128,0
ed2b5bb7,ELEC-1047,278,2
651104b0,ELEC-1006,158,0
7e46e8d9,ELEC-1053,224,0
efa70b44,ELEC-1020,207,0
93989b8c,ELEC-1038,54,2
74f51641,ELEC-1070,235,0
300b1561,ELEC-1068,371,0
5c71fcb6,ELEC-1068,93,0
e11aa127,ELEC-1040,250,0
41e50a8e,ELEC-1009,35,0
7b56a048,ELEC-1024,371,1
f53ecf41,ELEC-1070,325,0
2d7d0bc9,ELEC-1045,291,0
eab9c96d,ELEC-1007,93,0
54c4271f,ELEC-1050,307,0
f7b00ca8,ELEC-1070,96,0
7cbdd8f2,ELEC-1042,268,0
1448fb81,ELEC-1088,248,0
551b32a4,ELEC-1064,176,2
a2a8699a,ELEC-1058,252,0
b9a65a4d,ELEC-1017,72,0
79a17fda,ELEC-1046,171,0
21106ccb,ELEC-1098,328,0
5ca966d4,ELEC-1061,382,0
0a28a31c,ELEC-1076,315,0
2fef4d88,ELEC-1050,287,0
21c27424,ELEC-1063,46,0
9b8627e2,ELEC-1069,66,1
b305234a,ELEC-1095,26,0
42b23d88,ELEC-1046,249,0
5109c6a8,ELEC-1052,286,0
780414c1,ELEC-1090,15,1
35d1a1e8,ELEC-1047,128,0
aded57ce,ELEC-1045,172,2
1e669b64,ELEC-1081,155,0
6a1ca583,ELEC-1036,157,0
f93c29cd,ELEC-1001,124,0
9fc4614e,ELEC-1076,129,0
43320d97,ELEC-1035,120,0
10cec3a2,ELEC-1023,206,1
2133d30f,ELEC-1053,394,0
f193f4c2,ELEC-1049,358,0
6ce88c67,ELEC-1001,171,1
c3b34dfd,ELEC-1052,245,0
4d9494ac,ELEC-1081,157,0
05ab6535,ELEC-1010,11,0
240699eb,ELEC-1028,28,2
4dd93bc5,ELEC-1078,364,0
9e5f0b63,ELEC-1007,46,0
5a62e5e1,ELEC-1027,160,0
0f333560,ELEC-1007,200,0
9136bdc1,ELEC-1080,204,0
0ffd2943,ELEC-1027,257,0
06b9dc31,ELEC-1098,42,0
a57c80b2,ELEC-1064,300,0
7d04e777,ELEC-1009,147,0
a4efa092,ELEC-1032,340,0
fe6606a5,ELEC-1097,336,1
46260222,ELEC-1089,84,0
b8693d59,ELEC-1026,225,0
0193b92d,ELEC-1023,319,0
a4f67914,ELEC-1046,81,0
c9bb608e,ELEC-1038,337,0
d1461fcd,ELEC-1005,42,0
b613f935,ELEC-1080,195,0
a15e3703,ELEC-1015,72,0
0692cbcf,ELEC-1057,12,0
4351a06d,ELEC-1090,236,0
143dcd11,ELEC-1086,382,0
81768776,ELEC-1002,216,0
96d051a3,ELEC-1016,280,0
b5c34b26,ELEC-1001,243,0
b45781fb,ELEC-1063,175,0
d4e0300a,ELEC-1086,189,1
634256b4,ELEC-1045,135,0
a4fe8357,ELEC-1094,394,0
5d4996af,ELEC-1085,157,0
9d3d6a79,ELEC-1089,265,2
baffc4ec,ELEC-1031,398,2
c38bc323,ELEC-1010,321,1
88b8f63e,ELEC-1002,106,0
1066c4d6,ELEC-1039,13,2
638ca1ed,ELEC-1022,201,0
449d464e,ELEC-1000,63,0
7f48a351,ELEC-1065,347,0
fc042f7b,ELEC-1025,362,1
6de173e4,ELEC-1078,235,0
6d8663dd,ELEC-1009,352,1
760906a3,ELEC-1029,256,2
1444cd1d,ELEC-1094,326,0
8f2f0924,ELEC-1029,50,0
675e17ee,ELEC-1002,387,0
1b823c2a,ELEC-1000,388,0
3dcede69,ELEC-1083,16,0
c5e93365,ELEC-1067,380,0
185f14d3,ELEC-1020,257,1
56d0203d,ELEC-1041,394,0
f9ddfae9,ELEC-1086,253,0
2bd439be,ELEC-1017,83,0
41acc304,ELEC-1099,299,0
1b7b9915,ELEC-1071,62,0
2ed62e61,ELEC-1034,325,0
5385bc53,ELEC-1016,122,0
24ea5ebc,ELEC-1010,389,0
78ee9464,ELEC-1083,301,0
35ce36c9,ELEC-1005,254,0
24794f1c,ELEC-1063,150,0
fea2256c,ELEC-1075,229,0
bbd13f10,ELEC-1027,88,0
e420df86,ELEC-1095,129,0
58406955,ELEC-1044,135,0
22147134,ELEC-1053,60,0
1e2c2b42,ELEC-1083,279,2
23a6c6b2,ELEC-1086,391,0
27fe1378,ELEC-1098,89,0
782e3c53,ELEC-1039,23,0
f5e22900,ELEC-1048,350,0
55c234b8,ELEC-1002,319,0
cde14b02,ELEC-1039,396,1
1e2e362b,ELEC-1024,397,1
b6a8fa6c,ELEC-1005,91,0
c886313e,ELEC-1095,34,0
75b68bc3,ELEC-1074,270,0
99a10034,ELEC-1096,130,0
a1918acd,ELEC-1048,254,0
68a548e5,ELEC-1035,33,0
d55e4ac5,ELEC-1023,246,2
7a7202fa,ELEC-1073,45,0
6465745e,ELEC-1082,345,0
24d413ac,ELEC-1075,309,0
06bc87d8,ELEC-1016,52,2
e01e8973,ELEC-1025,279,2
ed3991f3,ELEC-1065,345,0
c6579d7f,ELEC-1016,129,0
c19b8baa,ELEC-1012,30,0
b88c666c,ELEC-1000,55,0
d292b149,ELEC-1087,359,0
aabbf815,ELEC-1020,345,0
a16160fd,ELEC-1098,118,1
6e7bba05,ELEC-1050,174,2
d48901e9,ELEC-1079,98,0
1317fff0,ELEC-1043,369,0
c81cb677,ELEC-1054,376,0
39b96730,ELEC-1027,363,0
5e18ddc7,ELEC-1055,240,0
4d60b8e8,ELEC-1099,386,1
1617597e,ELEC-1068,96,1
2f80f67e,ELEC-1051,336,0
74ea34f8,ELEC-1048,208,0
fd847776,ELEC-1031,380,0
73ecd6b7,ELEC-1074,354,0
104c1670,ELEC-1058,57,0
8e212505,ELEC-1004,389,0
7c4ba31b,ELEC-1011,270,2
c919edac,ELEC-1065,30,0
0e99f40e,ELEC-1080,57,0
40466fd3,ELEC-1041,311,0
cef3a566,ELEC-1087,357,0
4b90a824,ELEC-1087,119,0
2c133a84,ELEC-1045,114,1
6b9b074c,ELEC-1048,28,0
f5591b0b,ELEC-1076,160,0
e790dcd6,ELEC-1065,107,1
cb6f002d,ELEC-1093,298,0
41d78eb9,ELEC-1087,189,0
1ca86faa,ELEC-1014,86,0
71c4c245,ELEC-1079,191,0
d8b16dcf,ELEC-1074,240,0
5cfe212b,ELEC-1060,26,0
05777980,ELEC-1088,67,0
a92d93d1,ELEC-1011,352,2
86e42274,ELEC-1008,356,0
48fcb0d8,ELEC-1003,259,0
10355491,ELEC-1059,288,0
f2d3555d,ELEC-1059,338,0
2bdbff1d,ELEC-1090,120,0
352d64a8,ELEC-1010,61,0
ce321176,ELEC-1030,22,0
427a8a3a,ELEC-1087,69,1
7504a01f,ELEC-1033,11,2
ed0ce01e,ELEC-1086,80,0
efbf39d7,ELEC-1033,87,1
c66377c2,ELEC-1015,325,0
0780f22d,ELEC-1068,263,0
a49b832a,ELEC-1036,218,0
4f5a1e39,ELEC-1022,33,1
d90a3913,ELEC-1030,173,0
ffc273ff,ELEC-1081,317,2
53c42b11,ELEC-1088,295,0
e35d2e3c,ELEC-1022,119,0
3a95c492,ELEC-1062,71,0
e405eae4,ELEC-1057,290,0
79c175e9,ELEC-1086,399,0
ade66e1a,ELEC-1025,344,2
7be64a9e,ELEC-1080,181,0
80615cb4,ELEC-1097,172,0
dbdc7479,ELEC-1000,143,0
fdca8fae,ELEC-1002,399,2
afce1d87,ELEC-1097,263,0
83ad9d45,ELEC-1084,40,0
e1d88717,ELEC-1048,397,0
c85e2cd0,ELEC-1048,273,0
601c1a42,ELEC-1024,116,0
719e1b67,ELEC-1087,352,1
fd8cc53c,ELEC-1089,103,2
b5dd11c8,ELEC-1052,315,0
1fe482f9,ELEC-1063,168,1
4288c486,ELEC-1017,184,0
4149a8c4,ELEC-1041,49,0
04434e89,ELEC-1082,361,0
634c1433,ELEC-1047,113,0
3e65b0d8,ELEC-1048,309,0
a3a735df,ELEC-1092,346,0
5583d304,ELEC-1018,59,2
e8d18b43,ELEC-1080,198,1
cd7b827e,ELEC-1004,383,0
536e5b58,ELEC-1066,369,1
a353bced,ELEC-1082,223,0
09c02de6,ELEC-1095,265,0
0b4f0d47,ELEC-1018,138,0
5cb2ce79,ELEC-1046,29,0
c4c57316,ELEC-1035,234,2
ff3c1f32,ELEC-1090,396,0
fc594a92,ELEC-1034,279,0
bdee0874,ELEC-1068,343,0
b11c95f8,ELEC-1066,29,0
bac84d96,ELEC-1099,165,0
6fa5a6e2,ELEC-1020,363,0
b874643f,ELEC-1056,228,0
86cefcd7,ELEC-1036,353,0
5f0f0664,ELEC-1031,289,0
6bee98b9,ELEC-1029,396,0
c3535d6d,ELEC-1013,94,0
224c979c,ELEC-1019,260,0
0475ab2b,ELEC-1098,79,2
0e8bcbf0,ELEC-1066,177,1
4ad6151c,ELEC-1034,46,2
b8e99f6c,ELEC-1077,192,0
d963ae52,ELEC-1044,35,0
d9eeccc4,ELEC-1047,96,0
40b54b3c,ELEC-1073,310,0
e5533427,ELEC-1035,294,0
c1bbb5cb,ELEC-1006,235,0
96f63b25,ELEC-1074,89,0
4dc85499,ELEC-1083,157,0
9e938978,ELEC-1032,105,0
ca2661f2,ELEC-1049,203,2
34eae127,ELEC-1034,229,1
f2d34009,ELEC-1081,364,0
bae5df6c,ELEC-1082,348,1
90f63aed,ELEC-1062,203,2
76d1f982,ELEC-1082,68,0
4d202276,ELEC-1075,333,0
74608a66,ELEC-1060,280,0
87cf2a73,ELEC-1098,266,0
a8166a31,ELEC-1064,352,0
b4527d91,ELEC-1079,382,0
963a04c9,ELEC-1087,93,0
84daddb9,ELEC-1066,253,0
87d3d8ef,ELEC-1018,384,0
e48be9bb,ELEC-1020,59,0
a04efee1,ELEC-1043,197,0
397077fe,ELEC-1012,77,0
47650fb2,ELEC-1037,115,0
72af9cc2,ELEC-1051,374,0
18c07ead,ELEC-1068,90,2
a4186f15,ELEC-1025,119,2
1a16686e,ELEC-1002,56,2
5de865f4,ELEC-1030,58,0
bd241947,ELEC-1036,339,0
1a818584,ELEC-1039,313,0
dad66bef,ELEC-1096,60,0
5c19dfe8,ELEC-1093,49,0
e7b9b056,ELEC-1078,324,0
58891ba7,ELEC-1046,227,2
def812ee,ELEC-1013,323,0
e0cd7089,ELEC-1031,138,1
68a2d8e3,ELEC-1087,264,1
975baa6f,ELEC-1079,251,1
47b6c466,ELEC-1026,152,0
b366edb8,ELEC-1030,206,0
1cd97bb0,ELEC-1017,388,0
01400f35,ELEC-1042,123,2
6a72538f,ELEC-1065,276,2
c9ec58a8,ELEC-1083,332,0
a29269a8,ELEC-1008,36,0
dc663c7e,ELEC-1038,182,0
a0569905,ELEC-1087,246,0
ba929733,ELEC-1052,365,0
1ee75087,ELEC-1030,22,0
30ba030d,ELEC-1087,73,0
20fe7d9e,ELEC-1025,209,2
491fb7ae,ELEC-1031,31,0
9fe43d9e,ELEC-1031,379,0
ef501920,ELEC-1083,184,0
9191859e,ELEC-1010,269,1
4ff3cd7e,ELEC-1044,88,0
23c24715,ELEC-1062,182,0
cc8533e2,ELEC-1014,234,1
2898a32b,ELEC-1038,273,0
2766a597,ELEC-1050,82,1
fb390833,ELEC-1040,223,0
e15bb3be,ELEC-1063,89,0
765998a6,ELEC-1053,307,1
11cd4b2c,ELEC-1080,365,1
ae75c443,ELEC-1016,392,0
53f42d5d,ELEC-1016,169,0
82b6c8a5,ELEC-1009,30,0
9f042e36,ELEC-1091,15,0
a786d480,ELEC-1004,85,0
aacf6a83,ELEC-1013,344,1
d315c377,ELEC-1075,295,0
8a8b2442,ELEC-1087,78,0
1dfbf75a,ELEC-1083,210,0
c16bc743,ELEC-1013,327,0
7ee5980f,ELEC-1003,154,0
345cd763,ELEC-1021,147,0
6ad7bd69,ELEC-1021,162,0
17931c18,ELEC-1024,42,0
7e7e6f55,ELEC-1080,302,1
4effc3c1,ELEC-1032,114,0
edd6b3f9,ELEC-1058,269,0
272abd2f,ELEC-1027,192,1
f79a67f3,ELEC-1004,345,0
3de0d750,ELEC-1005,266,0
92aeb87b,ELEC-1051,62,0
23d514a7,ELEC-1043,397,0
28ac3eea,ELEC-1071,260,2
6aa44573,ELEC-1071,129,0
b2f9cbdb,ELEC-1090,293,0
d1916e5a,ELEC-1050,106,0
af3f040f,ELEC-1054,251,1
f81f975d,ELEC-1002,213,0
867dacfc,ELEC-1043,349,0
9928ed39,ELEC-1054,67,0
2c7f4abf,ELEC-1090,199,2
73c3ed4c,ELEC-1081,249,0
0d5b5adc,ELEC-1055,235,0
c4389855,ELEC-1083,25,0
5508e440,ELEC-1015,311,0
8e620bdc,ELEC-1085,395,2
3746adb7,ELEC-1004,377,0
87e1b4ff,ELEC-1080,138,2
d266355c,ELEC-1054,303,0
96b417f0,ELEC-1078,60,0
1018fe0e,ELEC-1039,88,0
721d5ebf,ELEC-1046,148,2
a634a6f4,ELEC-1036,341,0
7dfcfcfb,ELEC-1017,205,0
08ed7d9f,ELEC-1047,39,0
4362e496,ELEC-1005,99,0
b8c0de1e,ELEC-1016,244,0
0743894b,ELEC-1091,82,2
487bd499,ELEC-1057,294,2
518f1564,ELEC-1084,124,2
2e6cb4a9,ELEC-1015,330,0
f20f9f26,ELEC-1049,188,0
9fe09c87,ELEC-1014,68,0
b58b41e7,ELEC-1063,390,1
6cf20882,ELEC-1079,181,0
f6642397,ELEC-1065,66,0
48c26cdd,ELEC-1056,226,0
86f3fc0e,ELEC-1013,356,0
f1e455e2,ELEC-1015,118,0
369aec4c,ELEC-1023,60,2
1acf418e,ELEC-1016,330,2
bec551ee,ELEC-1050,66,0
23f0c264,ELEC-1006,321,0
9b25c557,ELEC-1048,195,0
f3c74b6f,ELEC-1021,378,0
dd6ce985,ELEC-1098,208,2
4da0cfe0,ELEC-1043,251,0
8044d069,ELEC-1002,128,2
2ca6fa1b,ELEC-1075,315,2
c852ab20,ELEC-1046,19,0
86b0c35c,ELEC-1042,35,0
95d464ef,ELEC-1005,150,0
65c2facc,ELEC-1042,343,0
ed5aa3cd,ELEC-1091,180,1
17e408c0,ELEC-1018,10,1
c5c20903,ELEC-1036,337,0
f0db854b,ELEC-1070,189,0
c1c5732b,ELEC-1099,385,0
c711ef9c,ELEC-1001,203,0
2efa5838,ELEC-1057,198,0
8c4e2a78,ELEC-1055,153,0
7cafaacd,ELEC-1047,357,0
a35f2975,ELEC-1035,385,0
4a566ff5,ELEC-1007,163,2
8d43596b,ELEC-1014,134,0
14c0405f,ELEC-1095,391,0
40bba32f,ELEC-1099,280,2
f62c5100,ELEC-1079,67,0
a151459d,ELEC-1080,217,0
fc875f56,ELEC-1051,288,0
6fde060b,ELEC-1068,320,1
d034ef8f,ELEC-1063,318,0
2343f990,ELEC-1061,330,0
7336115f,ELEC-1051,207,0
17092c57,ELEC-1077,156,2
bd267322,ELEC-1088,356,0
2c639e67,ELEC-1017,178,0
51b7d1a4,ELEC-1006,185,0
4bf219e8,ELEC-1024,116,0
1f5f80f7,ELEC-1097,150,1
a55dee23,ELEC-1006,256,0
2b465b46,ELEC-1037,294,0
3e71df96,ELEC-1095,158,0
0aad6538,ELEC-1099,263,0
62875489,ELEC-1019,236,0
b54accee,ELEC-1020,104,0
13a01eb5,ELEC-1086,345,0
5e0b8c50,ELEC-1043,11,0
522bff10,ELEC-1009,264,0
b60ce683,ELEC-1087,398,0
12a46460,ELEC-1047,292,0
f3221c57,ELEC-1002,210,0
730e2ea1,ELEC-1001,31,2
2d696ea5,ELEC-1001,216,0
b0b9f1cd,ELEC-1050,254,0
0940a703,ELEC-1024,379,0
16175ae4,ELEC-1086,210,0
d7c6359b,ELEC-1027,184,0
902babce,ELEC-1020,88,0
016ec9bd,ELEC-1030,94,0
d8898009,ELEC-1031,197,2
be107c42,ELEC-1061,272,1
a349b677,ELEC-1021,236,0
28627053,ELEC-1097,201,0
adbe7145,ELEC-1055,238,0
f1e5d822,ELEC-1050,49,1
3e09b9cc,ELEC-1069,344,0
5119442e,ELEC-1014,153,1
9657af0c,ELEC-1028,168,0
817a51da,ELEC-1087,269,0
55de2819,ELEC-1025,40,2
72378a35,ELEC-1095,298,0
1f6e1c37,ELEC-1071,226,2
f79d8997,ELEC-1045,289,2
e549cfc0,ELEC-1025,343,1
5773f2f9,ELEC-1011,185,0
b47e0e52,ELEC-1059,33,0
c5762f9e,ELEC-1014,49,0
1b0f8a0b,ELEC-1088,319,0
44469256,ELEC-1046,77,0
4714d518,ELEC-1080,181,0
f4f847f3,ELEC-1067,126,1
732efed5,ELEC-1074,259,0
ab600f75,ELEC-1054,333,0
50e166d3,ELEC-1084,315,0
6e3658f0,ELEC-1092,232,0
7221695e,ELEC-1003,174,0
1743f6a6,ELEC-1055,314,0
801440cc,ELEC-1090,49,0
4fe616d8,ELEC-1055,154,0
dd55dc9e,ELEC-1075,300,2
2b6d22ad,ELEC-1026,31,0
80ff9eba,ELEC-1061,156,0
c75216ce,ELEC-1004,255,0
e96389c5,ELEC-1094,271,2
ae560f3b,ELEC-1089,346,0
45372502,ELEC-1000,163,1
f5ad0ec9,ELEC-1002,165,0
ed930d11,ELEC-1052,81,0
aac7870b,ELEC-1013,172,0
14154c6d,ELEC-1099,51,1
9e612da8,ELEC-1034,317,2
76e6d32d,ELEC-1078,394,0
58f991f0,ELEC-1060,271,0
911d3fee,ELEC-1081,62,0
5a98fa47,ELEC-1054,33,2
b1fbc6ea,ELEC-1025,14,0
368e4f26,ELEC-1014,247,0
60f8e807,ELEC-1079,276,0
8af9c3b3,ELEC-1046,89,1
faeb17fa,ELEC-1045,166,0
a362a691,ELEC-1017,381,0
48865d20,ELEC-1076,298,0
9c9095e0,ELEC-1069,293,0
9995e0ab,ELEC-1055,379,1
48955c56,ELEC-1011,154,1
f8875d98,ELEC-1035,290,0
f44ecc10,ELEC-1036,208,0
02c2e35c,ELEC-1036,122,1
f185d792,ELEC-1054,283,0
e6c83cb0,ELEC-1071,133,0
df06b2f1,ELEC-1072,231,0
bf04d5c9,ELEC-1057,274,1
89d7e024,ELEC-1089,212,2
6cd20bda,ELEC-1093,122,0
cb7d22d9,ELEC-1079,127,0
233fce61,ELEC-1039,372,2
da4ab69c,ELEC-1030,308,0
b1282a60,ELEC-1024,313,0
01e8aed3,ELEC-1022,289,0
70b9c1e0,ELEC-1049,389,1
e92ac8fd,ELEC-1066,300,0
65761923,ELEC-1046,352,2
e2fd0fb5,ELEC-1080,102,0
c2d825a6,ELEC-1015,346,0
57750520,ELEC-1087,85,0
7ee1ab2e,ELEC-1023,262,1
b5460c44,ELEC-1061,366,0
da960227,ELEC-1055,10,0
999800b1,ELEC-1004,146,0
79c0197d,ELEC-1049,101,0
ce78707d,ELEC-1027,288,0
baa740d0,ELEC-1019,270,1
49c1b172,ELEC-1091,221,2
2976b22c,ELEC-1040,56,0
ed6fcf1c,ELEC-1099,362,2
b28d2faf,ELEC-1069,302,0
578ea077,ELEC-1025,297,0
f5733296,ELEC-1046,335,0
3fb4c399,ELEC-1076,357,1
52155005,ELEC-1072,223,0
015deee1,ELEC-1012,283,2
8b20da74,ELEC-1001,51,2
2c32d1aa,ELEC-1025,292,0
a3ca7bc9,ELEC-1026,376,1
1846f735,ELEC-1078,44,0
b9a289b0,ELEC-1035,378,0
f6071a24,ELEC-1071,306,0
561d96e1,ELEC-1025,230,0
29f45c22,ELEC-1030,333,0
d51701a2,ELEC-1072,231,1
6125224c,ELEC-1064,74,0
51fda0d9,ELEC-1069,17,0
2ba20135,ELEC-1071,363,0
68c9be54,ELEC-1068,55,0
4e03fd65,ELEC-1037,68,0
1d9aee29,ELEC-1019,362,0
02caf218,ELEC-1022,155,0
581a0b8d,ELEC-1084,25,2
c83ab936,ELEC-1086,309,0
81350b31,ELEC-1053,150,0
bc13857a,ELEC-1056,32,0
c96bc62f,ELEC-1001,303,0
bc38e12e,ELEC-1021,91,0
fad60310,ELEC-1079,327,0
d213b2d5,ELEC-1067,61,0
1efb5fc6,ELEC-1090,34,0
1927e351,ELEC-1025,384,0
c2273e82,ELEC-1007,16,0
e55b4983,ELEC-1098,107,0
103e1852,ELEC-1099,326,0
0d52899a,ELEC-1014,69,0
ff2e5b52,ELEC-1001,205,2
bd12f888,ELEC-1084,10,2
58028b2b,ELEC-1003,337,0
9a075245,ELEC-1045,87,0
40c22f0a,ELEC-1081,136,2
688bed5e,ELEC-1037,22,0
22e3039f,ELEC-1003,370,0
752661e6,ELEC-1011,237,0
8051be56,ELEC-1087,334,0
a9b2ea8c,ELEC-1037,383,1
75185415,ELEC-1087,253,0
9a91b541,ELEC-1011,146,0
27532075,ELEC-1056,113,0
2f68c35e,ELEC-1059,175,0
14896f49,ELEC-1051,244,0
054c866e,ELEC-1036,52,0
54b9221e,ELEC-1054,90,0
a398d5d8,ELEC-1089,396,0
c93904c6,ELEC-1091,218,0
f3093393,ELEC-1027,78,0
2155ea3b,ELEC-1091,27,0
da98200b,ELEC-1038,33,0
85659dfa,ELEC-1090,186,0
4b4e27ad,ELEC-1072,191,1
a6b57aa7,ELEC-1084,332,0
b86693dd,ELEC-1088,314,2
eba755c1,ELEC-1071,326,0
622acaba,ELEC-1009,307,0
51df1830,ELEC-1037,158,1
210b0387,ELEC-1091,19,0
9f446fc8,ELEC-1012,243,0
5943dc6e,ELEC-1025,85,0
13f8c6ec,ELEC-1023,183,2
48115894,ELEC-1068,367,0
3439d6a2,ELEC-1082,169,0
43343f11,ELEC-1034,51,0
9f816559,ELEC-1069,328,2
229ccce4,ELEC-1013,236,0
2c271593,ELEC-1016,349,0
24d3acf1,ELEC-1098,53,0
5d499dc6,ELEC-1005,163,0
86f87a43,ELEC-1087,376,0
ef5b8b79,ELEC-1000,313,0
6125e9f8,ELEC-1072,225,0
5a71c191,ELEC-1054,277,0
39326c09,ELEC-1057,372,2
cf0d9078,ELEC-1057,232,2
a6698a08,ELEC-1021,367,0
b99d75f4,ELEC-1056,166,0
71f3a259,ELEC-1086,36,0
837110fa,ELEC-1055,136,0
7e9d1206,ELEC-1042,142,0
e3fd5d00,ELEC-1056,81,0
771ef8a0,ELEC-1061,323,0
44d11d80,ELEC-1068,288,2
04537a8a,ELEC-1028,276,0
4cf680cc,ELEC-1056,39,2
598f14b1,ELEC-1060,111,0
1df96693,ELEC-1026,304,0
1d84512d,ELEC-1076,265,2
e686a754,ELEC-1010,189,2
14667030,ELEC-1081,124,0
61ce8ffe,ELEC-1036,230,0
3b15b032,ELEC-1089,53,0
019c4346,ELEC-1086,321,0
5ca8bef1,ELEC-1076,20,0
47be1c63,ELEC-1097,283,1
7df5c36a,ELEC-1030,387,0
13eee271,ELEC-1035,243,0
1b58d358,ELEC-1081,283,0
27b37913,ELEC-1099,175,2
1208fb90,ELEC-1026,50,0
41430e93,ELEC-1088,93,0
24e07823,ELEC-1091,193,0
5dbf5729,ELEC-1088,318,0
9558433f,ELEC-1050,140,0
fa731872,ELEC-1039,342,0
f030f846,ELEC-1050,80,0
33e11852,ELEC-1081,114,1
3c1d5711,ELEC-1059,279,0
10e2cc9f,ELEC-1085,32,0
124246d9,ELEC-1022,271,0
c068a139,ELEC-1018,170,0
e6c2be09,ELEC-1041,176,0
c85647d3,ELEC-1023,180,0
51916e5c,ELEC-1071,273,0
5004606f,ELEC-1043,251,1
c1e2ca2b,ELEC-1025,334,0
50cbf36b,ELEC-1024,45,0
5d28af76,ELEC-1053,165,0
c9f22000,ELEC-1027,265,0
0594e4cf,ELEC-1023,37,0
f3535c2a,ELEC-1050,191,0
ca384c31,ELEC-1089,84,0
bd430d0e,ELEC-1006,100,0
61e1e815,ELEC-1041,372,0
69cdcf5e,ELEC-1098,56,0
c082dca1,ELEC-1083,197,0
61b54a16,ELEC-1099,234,2
6b3ffdf4,ELEC-1023,242,0
078b3e02,ELEC-1091,106,0
cbc57c9f,ELEC-1058,142,2
0d68b758,ELEC-1039,162,1
1c504919,ELEC-1092,69,0
27fbbb30,ELEC-1021,40,0
5816dd72,ELEC-1065,310,0
0f712aae,ELEC-1062,353,0
8236fac4,ELEC-1086,242,0
c6945d48,ELEC-1008,338,2
5ca6433a,ELEC-1092,107,0
a007d560,ELEC-1076,105,0
cb65eb9f,ELEC-1085,297,0
838df7bd,ELEC-1009,302,0
9228f68e,ELEC-1031,325,0
04c52c0c,ELEC-1099,56,0
23f870ae,ELEC-1040,94,0
4e1fcef5,ELEC-1041,293,2
c3a31610,ELEC-1075,192,0
0928ad3c,ELEC-1034,211,0
53e15be7,ELEC-1009,100,0
fc70df01,ELEC-1076,227,0
d3b1ed5d,ELEC-1015,367,0
86cf2441,ELEC-1034,180,2
cd0ae788,ELEC-1016,135,2
8527fc3c,ELEC-1098,255,0
134b0357,ELEC-1025,327,0
569d6fe2,ELEC-1012,155,0
9f7250ea,ELEC-1098,268,2
4be85dd2,ELEC-1001,164,0
449e7e26,ELEC-1063,162,0
35c697e0,ELEC-1093,233,0
51e4bc46,ELEC-1099,151,0
2e3c4793,ELEC-1001,282,0
e52cc55e,ELEC-1050,184,0
c6515cb4,ELEC-1078,46,0
c308af03,ELEC-1025,385,2
856765ea,ELEC-1036,224,0
177195e3,ELEC-1056,382,0
f26610a0,ELEC-1015,320,0
c26e8929,ELEC-1060,252,0
40686572,ELEC-1048,109,0
413e745a,ELEC-1018,270,0
bde03762,ELEC-1058,285,0
e8dc72c3,ELEC-1017,305,1
c9afd843,ELEC-1051,265,0
4e54d776,ELEC-1067,349,2
e26673eb,ELEC-1092,236,0
dd5525b5,ELEC-1056,358,0
0ad6649f,ELEC-1090,292,0
0f473649,ELEC-1007,205,1
16e20475,ELEC-1014,317,0
e75b75e5,ELEC-1022,161,0
65a23d9b,ELEC-1015,390,0
bab943e4,ELEC-1065,233,0
3455ab18,ELEC-1028,46,2
dd0b69ef,ELEC-1020,214,2
486044e5,ELEC-1018,161,0
251bbd04,ELEC-1072,23,0
c06848b0,ELEC-1045,143,0
3c1daec3,ELEC-1050,330,0
f6202e32,ELEC-1082,37,1
39e658ae,ELEC-1019,271,0
af197235,ELEC-1013,316,0
08b3b2ad,ELEC-1042,321,0
146c891c,ELEC-1074,131,0
0080e292,ELEC-1018,369,0
d66874d4,ELEC-1041,299,0
bd03be52,ELEC-1088,385,0
4a81ccb3,ELEC-1097,85,0
47d27b8f,ELEC-1034,340,0
63f64be3,ELEC-1096,383,0
934fd21c,ELEC-1035,249,0
599518b9,ELEC-1027,82,0
fb08e742,ELEC-1079,395,0
2b1c22bd,ELEC-1013,182,0
c0a59bd3,ELEC-1012,323,0
d621f6a6,ELEC-1064,221,0
a1202be0,ELEC-1055,393,0
452cda4c,ELEC-1063,77,1
08082547,ELEC-1006,304,0
de15a96e,ELEC-1025,21,0
ea0c4d2c,ELEC-1001,209,0
cf40fa13,ELEC-1019,230,0
854f6f93,ELEC-1061,377,1
98404290,ELEC-1099,112,0
1a85e5ea,ELEC-1019,295,0
bc1ac484,ELEC-1023,397,0
92d0711b,ELEC-1091,113,0
b2316111,ELEC-1098,299,2
8cd20504,ELEC-1076,145,0
37b6e0d0,ELEC-1090,74,1
cf96fdc5,ELEC-1096,206,0
80e73c85,ELEC-1086,240,0
0e6d54ee,ELEC-1089,90,0
ef29f6ae,ELEC-1086,394,0
00c0c4bf,ELEC-1064,330,0
1d377d64,ELEC-1043,353,0
76c93082,ELEC-1074,246,0
2c7764e6,ELEC-1004,174,0
773aac8c,ELEC-1060,239,0
fa8a1c5f,ELEC-1066,122,0
9fbdaa10,ELEC-1054,114,2
a767d442,ELEC-1083,121,0
ecf71c66,ELEC-1059,187,0
ec4fe830,ELEC-1063,236,0
64b3156a,ELEC-1059,242,0
dae68ad1,ELEC-1011,83,0
6dd33cf9,ELEC-1073,223,0
262f63f4,ELEC-1098,240,0
d08a9727,ELEC-1088,241,2
db39f62e,ELEC-1070,84,1
9fc31195,ELEC-1026,161,0
fe6c7056,ELEC-1033,34,0
9c2a437a,ELEC-1042,384,0
515fd211,ELEC-1099,38,0
24c42ced,ELEC-1047,76,0
312fff95,ELEC-1070,237,0
fff19e99,ELEC-1055,373,0
f660dda4,ELEC-1039,380,2
83b4caf3,ELEC-1079,72,0
c33792a7,ELEC-1035,386,0
153e8765,ELEC-1077,187,0
91ca484a,ELEC-1027,284,0
a1d40724,ELEC-1076,138,0
3f53c73b,ELEC-1082,324,0
178df631,ELEC-1075,295,0
63fb3982,ELEC-1010,267,0
25bf44cb,ELEC-1000,93,2
3db84813,ELEC-1064,131,0
ba153509,ELEC-1062,56,0
a82ba1a5,ELEC-1077,372,2
9804124b,ELEC-1041,244,2
3f6cb6ab,ELEC-1093,383,0
fc0bfcff,ELEC-1054,285,0
fa26cd7a,ELEC-1090,123,2
1805eae1,ELEC-1015,256,1
f9886058,ELEC-1067,192,0
47e0320c,ELEC-1009,128,0
324b5467,ELEC-1029,25,0
7b2e340d,ELEC-1080,160,0
8e2d092d,ELEC-1033,255,0
892ef2a5,ELEC-1022,73,0
322ba55b,ELEC-1069,110,2
722b64eb,ELEC-1097,332,0
c59c78c1,ELEC-1036,285,0
0c0cb8ff,ELEC-1015,219,0
2ee0a712,ELEC-1041,253,0
7beb7107,ELEC-1044,352,0
1b92dd9f,ELEC-1078,364,2
7c9c9361,ELEC-1085,101,0
2cfa712d,ELEC-1028,290,2
d13c2e6c,ELEC-1084,253,1
31f18de3,ELEC-1029,146,2
3ae35290,ELEC-1049,54,0
1bf67049,ELEC-1082,212,0
0a069755,ELEC-1053,221,2
d465aaf0,ELEC-1096,198,0
5f1f8677,ELEC-1035,179,0
300961c8,ELEC-1072,152,0
84a64733,ELEC-1066,317,0
2a03c28c,ELEC-1017,338,0
29aa1de0,ELEC-1092,29,0
2e58f7cb,ELEC-1017,179,0
2b169fc6,ELEC-1031,232,0
196b8209,ELEC-1084,235,2
f7fee974,ELEC-1017,82,0
187614fe,ELEC-1058,316,0
0a4e95ed,ELEC-1071,331,0
933bbd5d,ELEC-1044,231,0
e64cc430,ELEC-1017,383,0
b10ecd00,ELEC-1003,347,0
c8ba0455,ELEC-1076,122,0
b46e7e2c,ELEC-1063,274,2
51c17db4,ELEC-1081,51,0
ec22a113,ELEC-1077,107,0
c97d03d8,ELEC-1062,207,0
4b9b39d1,ELEC-1019,94,0
4945f193,ELEC-1050,167,0
055c92bf,ELEC-1023,328,2
16660a69,ELEC-1078,341,0
39f0ef8b,ELEC-1047,136,0
63894b18,ELEC-1091,223,2
aa2f8da3,ELEC-1028,19,1
107266e5,ELEC-1089,10,0
be5c3b8b,ELEC-1081,139,0
9503c3ed,ELEC-1088,115,0
40f0a486,ELEC-1067,358,0
c64d0f4e,ELEC-1065,265,0
18f3b0de,ELEC-1072,267,0
d3ce66c3,ELEC-1011,10,0
f820849d,ELEC-1058,366,1
7263e134,ELEC-1094,86,2
0db9a1e3,ELEC-1063,160,2
ad2c2cdf,ELEC-1067,221,1
9ea4370b,ELEC-1026,187,0
c2b38695,ELEC-1012,273,0
54105113,ELEC-1047,366,0
2071f005,ELEC-1025,112,0
f4c277f7,ELEC-1000,253,0
6b0bba41,ELEC-1074,249,0
aad0a727,ELEC-1097,384,0
5722badc,ELEC-1025,155,0
588255f1,ELEC-1021,33,0
7755f4e6,ELEC-1079,181,0
8306082b,ELEC-1010,197,0
da066d5e,ELEC-1074,370,0
a39b2730,ELEC-1030,50,0
1b6bac5e,ELEC-1043,282,2
a64c68f8,ELEC-1094,11,0
651dd918,ELEC-1087,307,0
e66a5174,ELEC-1052,166,0
83312806,ELEC-1049,358,0
3de320f9,ELEC-1088,11,0
f453f698,ELEC-1009,201,2
31adf464,ELEC-1089,130,0
9e037e29,ELEC-1076,281,0
49fe00bf,ELEC-1096,44,0
d1b9ac77,ELEC-1017,234,0
d4e80796,ELEC-1055,39,0
4a5c552e,ELEC-1039,309,0
748b8a0f,ELEC-1072,26,0
c73d77f1,ELEC-1091,313,2
b3fddedf,ELEC-1061,283,1
516840c1,ELEC-1072,54,0
6b144df9,ELEC-1096,141,0
954325cc,ELEC-1020,300,0
9c989440,ELEC-1009,117,2
ba66278c,ELEC-1007,218,0
3ca411a1,ELEC-1060,308,2
0552323c,ELEC-1058,232,1
7c7077c5,ELEC-1003,145,0
7dcc97a3,ELEC-1080,282,0
3736af17,ELEC-1044,229,0
35eb688f,ELEC-1076,123,0
4b83d307,ELEC-1012,329,0
edcd51eb,ELEC-1032,266,0
0909f40e,ELEC-1044,327,1
d2f14bf7,ELEC-1087,393,0
afa9bac4,ELEC-1010,72,0
0547cb89,ELEC-1003,308,0
4ef334dd,ELEC-1039,90,0
f8d6b623,ELEC-1089,253,2
7c236e65,ELEC-1043,207,2
6a830c78,ELEC-1046,81,0
78fa08a8,ELEC-1098,111,0
e6dd18df,ELEC-1020,154,1
ca3b1398,ELEC-1036,280,2
e0ba066a,ELEC-1095,167,0
3b2670bb,ELEC-1009,269,0
14277cfb,ELEC-1071,333,0
f95a9886,ELEC-1086,156,0
f74a21ff,ELEC-1074,280,0
3d87afc5,ELEC-1028,212,0
8e689530,ELEC-1033,333,0
4f3e88f5,ELEC-1069,126,0
b08b3a20,ELEC-1046,217,2
513f22ab,ELEC-1010,38,1
c8e2e30d,ELEC-1007,335,0
42336c30,ELEC-1050,311,0
b8bd2631,ELEC-1014,110,0
7ac05906,ELEC-1071,236,0
61d02303,ELEC-1048,20,0
b7c07547,ELEC-1039,74,0
64c1f28b,ELEC-1014,339,1
a37897fc,ELEC-1053,191,0
efd99d20,ELEC-1047,346,0
c0eb8e83,ELEC-1097,385,0
84562ca9,ELEC-1057,340,0
130441e7,ELEC-1003,309,0
021cc180,ELEC-1036,131,0
79cb5d46,ELEC-1042,360,0
c9d44671,ELEC-1055,377,0
45702a97,ELEC-1092,100,0
b4f8dfb9,ELEC-1031,38,0
3ca8e843,ELEC-1014,146,0
93179923,ELEC-1091,160,0
2d9c4cee,ELEC-1035,216,0
db18694c,ELEC-1052,306,0
c77a8684,ELEC-1059,322,0
05acb02b,ELEC-1027,81,0
7a67ec92,ELEC-1093,137,0
94ddae55,ELEC-1004,244,0
9b18099a,ELEC-1034,93,0
233872d8,ELEC-1055,364,0
c4267de5,ELEC-1043,37,0
2b1d541c,ELEC-1002,226,2
69db6a6f,ELEC-1050,181,0
afc30d89,ELEC-1092,272,0
5be37f59,ELEC-1012,59,2
ba9b7b3e,ELEC-1036,193,0
eaf6f1fb,ELEC-1096,22,2
1535388d,ELEC-1048,246,0
696cb623,ELEC-1048,103,0
7335c91e,ELEC-1052,284,0
61e4f320,ELEC-1039,341,0
bb4eb7c3,ELEC-1077,364,0
351f78bc,ELEC-1026,309,0
3eedcf98,ELEC-1005,45,0
34065900,ELEC-1089,149,2
7f287893,ELEC-1091,46,0
1845c8d0,ELEC-1019,46,0
201518b4,ELEC-1080,128,0
e0f26cb6,ELEC-1098,246,0
6721aa9c,ELEC-1095,98,0
b1b1684b,ELEC-1061,279,0
aea8955f,ELEC-1094,182,0
e471cac7,ELEC-1071,357,0
c19c658f,ELEC-1096,141,0
c44b3df2,ELEC-1042,227,0
7bb8be6b,ELEC-1092,195,0
1a490518,ELEC-1014,36,0
435bf848,ELEC-1012,27,1
fc74a321,ELEC-1085,226,0
bbba48ef,ELEC-1072,266,0
113fac1d,ELEC-1053,225,0
0ff3a73d,ELEC-1062,207,2
b31377b8,ELEC-1085,251,0
246fe86f,ELEC-1077,18,0
6660a828,ELEC-1040,241,1
351073e3,ELEC-1056,352,0
2cd99af8,ELEC-1012,129,0
54d255c3,ELEC-1094,99,0
ddb0b9f8,ELEC-1015,12,0
e487300c,ELEC-1031,379,0
49d0e1d7,ELEC-1025,350,0
120913e9,ELEC-1068,165,0
03baa24a,ELEC-1017,222,1
8feca367,ELEC-1073,320,0
6aceb722,ELEC-1090,63,0
eb7ba64b,ELEC-1019,146,0
214c32b2,ELEC-1061,79,0
c4e6873a,ELEC-1098,115,2
4aa0b19f,ELEC-1025,207,0
5aec188d,ELEC-1039,378,0
8d5a3aef,ELEC-1014,288,0
b2b0da0d,ELEC-1026,249,1
d970d268,ELEC-1096,172,0
6521bbd2,ELEC-1052,123,0
41114c7c,ELEC-1011,151,0
54aae3c5,ELEC-1052,375,0
c7e3bae7,ELEC-1035,142,0
ae9c9c5e,ELEC-1080,14,0
3752ccb7,ELEC-1015,193,0
945621f2,ELEC-1041,366,0
53ed18c1,ELEC-1025,167,2
c7f4c0b2,ELEC-1024,284,0
d0543dc0,ELEC-1086,210,0
69ffa2ca,ELEC-1048,109,0
cbab0dd2,ELEC-1017,66,0
aa266788,ELEC-1022,219,0
81991441,ELEC-1052,379,0
27ee78a4,ELEC-1034,217,0
725e7461,ELEC-1078,92,0
dd19fa50,ELEC-1057,144,2
b9765a37,ELEC-1010,273,1
6a9c59af,ELEC-1025,258,0
60ed375a,ELEC-1058,103,0
dfed030c,ELEC-1036,258,0
01c6ed28,ELEC-1084,113,0
a58f2607,ELEC-1064,240,0
3ca044e1,ELEC-1002,18,0
6936c9af,ELEC-1069,121,0
effd2002,ELEC-1072,127,0
ea6ee926,ELEC-1060,390,0
215f2292,ELEC-1018,344,0
dc157d9d,ELEC-1039,270,2
7f752aff,ELEC-1013,162,0
059094b7,ELEC-1095,250,0
cbeb67eb,ELEC-1093,143,2
717d872f,ELEC-1030,353,2
7e909648,ELEC-1019,278,0
60bf9806,ELEC-1050,234,0
e470bf1b,ELEC-1083,175,0
9887bc93,ELEC-1019,123,1
97c34527,ELEC-1068,323,2
d55e3d1f,ELEC-1053,333,2
ccec462e,ELEC-1044,181,0
ca1f3763,ELEC-1075,236,0
2d8769cc,ELEC-1086,349,0
2617c0d6,ELEC-1098,131,0
a4d6afb8,ELEC-1079,71,0
f986bcef,ELEC-1018,122,2
c8aca47a,ELEC-1052,347,0
7f96bb10,ELEC-1085,94,0
2ff75689,ELEC-1095,37,0
0cbdb668,ELEC-1026,113,0
2b68b02f,ELEC-1072,141,0
b9c5e29e,ELEC-1015,379,0
919f5eb5,ELEC-1032,22,0
f6158e1c,ELEC-1064,230,0
980bb482,ELEC-1034,270,0
0eb6a162,ELEC-1027,190,0
23d0520d,ELEC-1061,252,0
3b58b60a,ELEC-1006,236,0
db02fd58,ELEC-1049,44,0
725283c3,ELEC-1038,209,0
10ee846a,ELEC-1013,220,0
7cd02b11,ELEC-1005,187,0
0b844e36,ELEC-1051,163,0
21df6653,ELEC-1061,338,0
4d67c3a6,ELEC-1005,203,0
0e8b78d0,ELEC-1089,117,1
19cae9c8,ELEC-1067,261,0
1ef45ce9,ELEC-1010,146,0
680e2453,ELEC-1000,88,0
b6e4dfe9,ELEC-1002,39,0
3af44658,ELEC-1097,44,0
fadf6dbe,ELEC-1022,75,0
d91cad84,ELEC-1069,209,1
489fab7e,ELEC-1085,325,0
afc6b342,ELEC-1013,96,0
09d21128,ELEC-1053,219,0
22b96e8a,ELEC-1014,254,0
5b65469d,ELEC-1058,295,2
832bd42e,ELEC-1072,63,0
7cca45cb,ELEC-1072,368,0
f63d9ca1,ELEC-1019,114,0
4a8b9780,ELEC-1053,364,0
c68f876d,ELEC-1003,158,0
9651c0b0,ELEC-1057,215,0
8c9fa5b7,ELEC-1015,344,0
500ba98e,ELEC-1080,310,0
a7ffe9e8,ELEC-1038,304,0
e7997fd0,ELEC-1085,348,0
894dd956,ELEC-1063,52,0
ae585d07,ELEC-1040,96,0
bcf1153d,ELEC-1056,171,0
fa7968da,ELEC-1083,204,0
1638bd2f,ELEC-1060,12,0
a4ded2d9,ELEC-1064,51,0
891100e9,ELEC-1069,139,0
57ff7961,ELEC-1097,312,0
12ca2037,ELEC-1054,285,0
c8a4b1ab,ELEC-1026,49,0
c1f49c47,ELEC-1083,57,0
07ed8d80,ELEC-1074,331,0
687c5c29,ELEC-1010,342,0
ba371405,ELEC-1026,383,1
96c1a42a,ELEC-1035,128,0
ce09fbf8,ELEC-1084,132,0
98470e38,ELEC-1006,192,0
c0620bde,ELEC-1012,57,0
06b2bdbf,ELEC-1045,111,0
25421692,ELEC-1067,298,2
151d1a6d,ELEC-1032,164,0
e410f8e1,ELEC-1095,117,0
5f438a8b,ELEC-1034,325,2
efd6e6b9,ELEC-1097,216,0
4215a125,ELEC-1068,168,0
53fc5302,ELEC-1092,327,0
8f57c7bd,ELEC-1096,97,0
a8fd787f,ELEC-1087,17,0
ba6e028d,ELEC-1053,266,0
16fea591,ELEC-1023,179,0
2ae3f2c2,ELEC-1098,131,0
9f659fdc,ELEC-1086,43,0
00f7bf07,ELEC-1037,259,1
c77e2013,ELEC-1007,213,0
3a308da9,ELEC-1062,329,0
9d02532d,ELEC-1051,338,0
6404d1df,ELEC-1022,265,0
cc014198,ELEC-1059,147,0
0512191f,ELEC-1057,36,0
56eb41c1,ELEC-1022,50,0
7ad39f4c,ELEC-1069,121,0
b5290cf0,ELEC-1048,337,0
55ed8788,ELEC-1022,181,1
e689b444,ELEC-1018,62,0
85333a32,ELEC-1071,354,0
22202899,ELEC-1031,342,2
dd4176ba,ELEC-1045,229,0
994380f2,ELEC-1062,44,0
cd933d52,ELEC-1049,216,2
e8e49c9d,ELEC-1062,321,1
4c4a6f3d,ELEC-1017,147,0
550c3839,ELEC-1015,182,0
ca090762,ELEC-1068,130,0
bb69ee34,ELEC-1060,321,0
242ecafa,ELEC-1027,130,0
5203166d,ELEC-1001,117,2
ad6a8a13,ELEC-1078,175,1
6e099da6,ELEC-1055,33,0
61071d77,ELEC-1000,109,0
56b0a0a3,ELEC-1016,297,0
e60e9dec,ELEC-1044,345,0
6ba6aeaa,ELEC-1086,232,0
34cd667f,ELEC-1087,254,0
961dff79,ELEC-1053,228,0
bee06c22,ELEC-1041,322,0
d096b269,ELEC-1088,184,0
be489fa2,ELEC-1015,151,0
b0d59220,ELEC-1043,227,0
15b25016,ELEC-1092,376,0
ba5c5e55,ELEC-1076,241,0
c0c89ea9,ELEC-1071,276,2
c2f76171,ELEC-1049,298,2
37331aa6,ELEC-1024,99,0
01f69b33,ELEC-1008,392,1
12be3ba8,ELEC-1041,339,0
3c3f3b86,ELEC-1014,161,0
705535dd,ELEC-1045,129,0
f1a96d81,ELEC-1088,307,2
ea2f2e7d,ELEC-1071,375,0
a20493b0,ELEC-1059,329,0
5ab4c027,ELEC-1006,226,0
4445ab53,ELEC-1015,233,0
a6e405b2,ELEC-1038,364,0
aa8212c9,ELEC-1073,45,0
edf76492,ELEC-1043,169,1
c739615f,ELEC-1090,332,0
5406e7bc,ELEC-1081,99,1
345185b9,ELEC-1090,86,1
33f51bee,ELEC-1080,190,0
68a5e23a,ELEC-1044,338,0
06827fcf,ELEC-1065,379,0
253bdfc3,ELEC-1092,273,1
59258191,ELEC-1084,13,2
7262728e,ELEC-1018,67,0
7b69a6b9,ELEC-1012,15,2
d80ca691,ELEC-1073,165,0
1c7df5d5,ELEC-1028,230,1
95d04fb6,ELEC-1043,47,0
1bfa5cb7,ELEC-1065,303,0
a45c253e,ELEC-1003,314,0
0c4b7f1e,ELEC-1038,90,1
e61f499a,ELEC-1074,382,2
12b4334e,ELEC-1066,138,0
fe6d4719,ELEC-1040,390,0
dc7af92e,ELEC-1014,100,0
2451194e,ELEC-1072,157,0
6908797d,ELEC-1064,117,0
8d806ad0,ELEC-1058,63,0
86f8c0e0,ELEC-1002,232,0
e7285b6a,ELEC-1087,50,0
eb42e839,ELEC-1022,237,0
499e167a,ELEC-1092,149,0
3bee7171,ELEC-1061,120,1
1dd47aec,ELEC-1078,233,0
b980e6f0,ELEC-1034,108,2
0da43b63,ELEC-1043,282,0
eca74551,ELEC-1077,245,0
3e8aae5b,ELEC-1083,44,0
7d94a9d2,ELEC-1007,306,0
95f5f55f,ELEC-1053,63,0
480b1200,ELEC-1091,357,0
e568eae1,ELEC-1057,135,0
77df8254,ELEC-1028,181,0
a9837ef1,ELEC-1080,111,0
b1a594b6,ELEC-1089,237,0
cb6a83d9,ELEC-1055,103,0
eae9b4a1,ELEC-1098,305,1
5e39396e,ELEC-1070,114,0
bd104d74,ELEC-1044,296,0
a9cb8804,ELEC-1005,322,0
fdc7b9ba,ELEC-1062,103,0
86a8003e,ELEC-1063,159,0
812cc659,ELEC-1088,310,1
cd6bb2fe,ELEC-1066,149,0
d86905ac,ELEC-1040,86,0
374490aa,ELEC-1009,180,2
17474c4c,ELEC-1021,222,1
44b2b368,ELEC-1049,56,0
a36e56ea,ELEC-1007,173,0
67a502eb,ELEC-1085,239,0
73d9ec03,ELEC-1059,320,0
570712c0,ELEC-1073,296,0
ea3d24c8,ELEC-1025,347,0
83caba3a,ELEC-1064,73,0
0dfafd96,ELEC-1030,277,0
0c18551c,ELEC-1056,18,0
0509c16a,ELEC-1088,121,0
dbb4952a,ELEC-1029,117,0
0462abb8,ELEC-1049,351,0
8a7e95ee,ELEC-1048,102,0
7a8783aa,ELEC-1030,177,0
a18856b8,ELEC-1056,200,0
6e0aa082,ELEC-1027,21,0
1f7248bd,ELEC-1013,222,0
27470954,ELEC-1080,164,0
147f5b3f,ELEC-1036,200,1
d65422ea,ELEC-1008,281,0
5fafff02,ELEC-1025,289,0
856e2c1a,ELEC-1051,255,0
900d7ab9,ELEC-1005,355,0
96a3ad39,ELEC-1087,272,1
4287b665,ELEC-1063,183,2
33c7a7b8,ELEC-1043,89,0
4076139b,ELEC-1055,205,0
fbf191eb,ELEC-1079,256,0
242f95a0,ELEC-1048,101,0
abe2dd20,ELEC-1045,140,2
184925ea,ELEC-1006,395,2
d56fc3ad,ELEC-1089,150,0
50f51b80,ELEC-1014,78,0
9b4c9053,ELEC-1071,391,0
14586df0,ELEC-1093,96,0
c6bf2bdd,ELEC-1095,26,1
c03df1de,ELEC-1018,35,0
06cbb313,ELEC-1010,301,0
44d96605,ELEC-1009,38,0
3034c328,ELEC-1061,83,1
e320ef67,ELEC-1082,350,0
cf14885e,ELEC-1061,383,1
8ef2f7c3,ELEC-1029,302,0
8656eba0,ELEC-1030,360,0
31d50318,ELEC-1046,190,0
86a42258,ELEC-1029,277,0
2b8de0a7,ELEC-1038,335,0
c7637ae8,ELEC-1064,158,0
97450068,ELEC-1062,313,0
400c3a85,ELEC-1068,352,0
18ca1cb0,ELEC-1070,319,0
d09b4bc4,ELEC-1083,34,2
5d9772b0,ELEC-1083,325,0
f5ad23fd,ELEC-1067,124,0
a8605ccd,ELEC-1097,350,0
2e053d06,ELEC-1086,348,0
fff32f30,ELEC-1047,25,0
c32f5fab,ELEC-1055,378,0
362dba33,ELEC-1034,50,0
a2fc9c5f,ELEC-1000,213,0
c580a8ad,ELEC-1011,264,0
3e6b522c,ELEC-1069,213,0
da86e9de,ELEC-1028,50,2
415f5955,ELEC-1032,238,2
8c3325ec,ELEC-1060,160,0
5a3d4b2e,ELEC-1008,35,0
3040b1f6,ELEC-1073,342,0
67a8c501,ELEC-1026,59,0
6bf8eec0,ELEC-1097,223,0
4bb933e2,ELEC-1043,335,0
7bcc1d2c,ELEC-1047,223,2
d25d16d0,ELEC-1025,64,0
048cbd3c,ELEC-1012,61,2
7e8bf724,ELEC-1063,213,0
676348e9,ELEC-1052,359,1
e0ee6cb4,ELEC-1051,268,1
928542e5,ELEC-1055,361,0
b215a2ad,ELEC-1076,138,0
b170bfe6,ELEC-1089,173,1
08692f24,ELEC-1002,15,0
0cfecee4,ELEC-1032,291,0
15b50a50,ELEC-1013,82,0
d9e40241,ELEC-1083,300,0
f52337bf,ELEC-1083,223,0
7e322a5a,ELEC-1069,359,0
12453533,ELEC-1073,328,0
b82442b1,ELEC-1038,52,0
a91794bb,ELEC-1059,100,0
5ff8d7bc,ELEC-1018,188,0
853bab0c,ELEC-1084,339,0
e2dfe3c9,ELEC-1060,14,2
d17a8ddc,ELEC-1001,81,0
6dcc2ab0,ELEC-1009,237,2
fd03ada0,ELEC-1034,10,0
8a0d4050,ELEC-1026,282,0
9526516f,ELEC-1071,20,0
ca96e800,ELEC-1019,55,0
9f5a80ca,ELEC-1067,255,0
74833280,ELEC-1050,155,0
67fe8c95,ELEC-1074,206,2
5b964433,ELEC-1012,143,1
dc1fec7c,ELEC-1011,193,0
ef5e389d,ELEC-1002,352,0
66fb5e59,ELEC-1053,142,0
1783a19e,ELEC-1008,195,0
824fa66e,ELEC-1086,365,0
1740e227,ELEC-1082,188,1
87981dfd,ELEC-1034,335,0
aad87743,ELEC-1012,15,2
cf7a45a7,ELEC-1017,180,0
7107acda,ELEC-1012,90,0
785755ff,ELEC-1025,70,1
89ec37ba,ELEC-1013,96,0
fd9042d2,ELEC-1067,138,0
eadaf6dd,ELEC-1081,368,0
ab28ecdd,ELEC-1015,346,0
88b9f9c7,ELEC-1082,13,0
2e5f1083,ELEC-1084,374,0
74355d7b,ELEC-1019,143,0
3303b628,ELEC-1067,278,0
984d5e8a,ELEC-1021,347,0
8e30d629,ELEC-1018,220,0
d2fc2ed3,ELEC-1058,176,0
384e90d1,ELEC-1055,205,0
4092c310,ELEC-1000,81,0
99de3a43,ELEC-1047,273,0
6b2958fb,ELEC-1018,150,0
cd35d762,ELEC-1018,150,0
8cd69cb3,ELEC-1048,217,0
d3e01565,ELEC-1078,337,0
9236c183,ELEC-1049,59,0
7114c03f,ELEC-1065,344,0
e45bc7ee,ELEC-1089,157,0
116a915b,ELEC-1060,356,0
8785f042,ELEC-1093,386,2
17959afe,ELEC-1097,18,0
26339086,ELEC-1084,371,0
607ae574,ELEC-1019,58,0
37db4fa3,ELEC-1014,241,0
fbd71651,ELEC-1069,202,0
3eb10aca,ELEC-1048,251,0
39997f38,ELEC-1038,373,0
1e343ce8,ELEC-1044,218,0
7cdce849,ELEC-1014,340,0
5e38fb49,ELEC-1099,92,0
6634b17d,ELEC-1090,208,2
20842de4,ELEC-1043,71,2
8b8e64db,ELEC-1038,85,0
2c9324a2,ELEC-1065,138,0
97c89f2d,ELEC-1010,20,0
e2452b09,ELEC-1055,259,0
e19c2c2f,ELEC-1007,91,0
4e58f65c,ELEC-1082,45,0
50ce36a4,ELEC-1085,32,2
705f09bf,ELEC-1090,135,0
7e8d6212,ELEC-1097,144,0
6a9c239e,ELEC-1000,44,0
32720ce2,ELEC-1074,51,0
95c357d2,ELEC-1099,315,0
a230ef09,ELEC-1093,196,0
8dcf4e5e,ELEC-1093,300,0
c427500f,ELEC-1023,238,0
8ecc9d98,ELEC-1015,91,0
47ae0c67,ELEC-1028,35,0
93ddea55,ELEC-1049,89,2
ce18665e,ELEC-1044,304,1
bee61dd2,ELEC-1038,238,2
787a9107,ELEC-1091,222,0
75ff86da,ELEC-1041,369,0
e7ea09a6,ELEC-1068,338,2
82d2a10a,ELEC-1080,174,0
8552dfcf,ELEC-1035,247,0
640d495c,ELEC-1030,160,0
4a3bf9bf,ELEC-1060,163,0
5d712c43,ELEC-1042,174,0
23ad0bdc,ELEC-1034,198,0
71c71f50,ELEC-1076,62,0
3b445e4e,ELEC-1043,392,1
71dd9ac0,ELEC-1016,157,0
4fed8c7f,ELEC-1019,356,0
d57b25f0,ELEC-1024,354,0
6eb414c7,ELEC-1000,73,0
e7ac4cd3,ELEC-1076,32,1
bd2253d3,ELEC-1002,312,0
da2ac7e3,ELEC-1069,227,0
ceac6236,ELEC-1029,33,2
4cb6bf98,ELEC-1084,388,0
49828345,ELEC-1051,40,0
a41a16cb,ELEC-1099,395,1
2ca53b6b,ELEC-1063,177,0
2c2c6db1,ELEC-1029,329,0
d40d70ac,ELEC-1024,70,0
19aeee69,ELEC-1046,242,0
83719ea1,ELEC-1078,361,2
b36f4754,ELEC-1000,92,0
043499b0,ELEC-1087,351,0
170d0be1,ELEC-1003,66,0
6366ab2b,ELEC-1027,16,1
b33e152f,ELEC-1010,364,2
8812e945,ELEC-1079,242,0
26f4607d,ELEC-1039,96,1
c0d4fb82,ELEC-1092,295,0
2e4d7ab5,ELEC-1053,353,1
a4a2fc0e,ELEC-1018,371,0
8995f8f6,ELEC-1058,11,0
a619647d,ELEC-1061,159,0
93aa87fb,ELEC-1092,123,1
10dd71cb,ELEC-1070,245,0
3ec5a678,ELEC-1030,30,1
3e41f62e,ELEC-1038,130,2
90d3b264,ELEC-1069,143,0
b781c39e,ELEC-1063,391,2
1bb833d7,ELEC-1092,63,0
e2149be5,ELEC-1091,188,0
40611eed,ELEC-1053,349,0
85c398d8,ELEC-1027,328,0
4ec2fd23,ELEC-1089,338,2
aba88a8f,ELEC-1088,11,2
921f504c,ELEC-1065,310,0
627fc2c7,ELEC-1027,396,0
82bff030,ELEC-1009,30,0
55b7c9eb,ELEC-1091,26,2
518321bb,ELEC-1054,399,0
df319027,ELEC-1042,166,0
6e1cca33,ELEC-1046,265,0
f600d3ba,ELEC-1046,22,1
445c7b1d,ELEC-1080,26,0
04bb931e,ELEC-1077,80,0
85352139,ELEC-1072,107,0
45df8f5b,ELEC-1039,291,2
45894703,ELEC-1099,96,2
06c7f3a6,ELEC-1064,196,0
855e5524,ELEC-1039,103,2
d5913576,ELEC-1016,114,0
25dd4d88,ELEC-1074,14,0
e9dcaba2,ELEC-1015,287,2
17ffc28e,ELEC-1020,313,0
198c495b,ELEC-1065,191,2
159e7e8e,ELEC-1015,230,0
c0fe44ee,ELEC-1004,87,1
b1db5ea8,ELEC-1056,240,0
17b2d975,ELEC-1096,296,0
663cab6f,ELEC-1082,20,0
d5ac7ae6,ELEC-1030,30,0
082101f1,ELEC-1065,307,0
03d2311d,ELEC-1074,91,0
69ea5f35,ELEC-1075,296,0
45d2c097,ELEC-1000,267,2
0fad3119,ELEC-1034,92,1
f402ba51,ELEC-1052,61,0
71a397f0,ELEC-1079,107,1
457a8e27,ELEC-1098,102,0
6ffbc35b,ELEC-1012,162,2
b9534919,ELEC-1087,301,0
0408d4f7,ELEC-1024,223,0
1c3c9e4a,ELEC-1075,364,0
50e1d059,ELEC-1096,263,0
ead8aa57,ELEC-1037,195,0
c083475e,ELEC-1021,136,0
fe92d4fa,ELEC-1095,193,0
dd8b41d8,ELEC-1069,67,1
e02cf35a,ELEC-1049,245,0
344bcb93,ELEC-1014,388,0
c00a3ad5,ELEC-1099,17,0
e28e1bbe,ELEC-1043,243,1
4669b52d,ELEC-1098,265,0
bb049a4f,ELEC-1025,39,2
a1eb7352,ELEC-1042,281,0
d5989afd,ELEC-1012,367,0
1d7a1437,ELEC-1068,304,0
997c3989,ELEC-1075,90,0
64e9b2ff,ELEC-1090,298,0
4d254111,ELEC-1056,356,0
7162dea8,ELEC-1022,107,2
48165ebb,ELEC-1050,26,0
70c20a78,ELEC-1058,86,0
a9cf730b,ELEC-1011,294,0
ff737b1c,ELEC-1069,27,0
2b85c9f7,ELEC-1095,185,0
9aadc6db,ELEC-1034,220,0
d0865521,ELEC-1098,53,0
1374c555,ELEC-1052,299,0
7987a323,ELEC-1002,235,0
1df4cfea,ELEC-1019,262,1
add0f176,ELEC-1073,254,0
061aeb6e,ELEC-1066,94,0
82e7601d,ELEC-1044,335,0
3a1335ed,ELEC-1070,168,0
3553a14f,ELEC-1082,327,0
91306053,ELEC-1082,102,1
e4864023,ELEC-1056,310,0
cf7a8b66,ELEC-1049,278,0
e86d3cab,ELEC-1007,106,0
1f7e6961,ELEC-1083,189,0
a9829544,ELEC-1096,49,2
5ab0a557,ELEC-1027,379,0
20d32cd5,ELEC-1081,22,0
fde5b239,ELEC-1032,237,0
4e603d9f,ELEC-1070,155,0
926ae39d,ELEC-1025,89,1
53c93cd1,ELEC-1026,166,0
84614577,ELEC-1085,28,2
1492bc4f,ELEC-1071,79,2
9cfdb44e,ELEC-1071,127,0
dd22ebfc,ELEC-1052,321,0
4716ddb2,ELEC-1019,47,0
4d7f10e4,ELEC-1034,335,0
0abc21bf,ELEC-1011,348,2
8b9cae2b,ELEC-1097,124,0
d8f54f20,ELEC-1085,184,0
c6ef8f8a,ELEC-1079,138,0
0b2b57b4,ELEC-1046,347,0
3caf6a78,ELEC-1049,141,0
90b02827,ELEC-1089,260,0
2e80d3ea,ELEC-1073,113,2
de899b9c,ELEC-1017,215,0
36975ddc,ELEC-1088,166,0
95a168b1,ELEC-1056,129,0
d6b5b515,ELEC-1065,306,0
7afe079b,ELEC-1091,324,0
562ba64a,ELEC-1044,106,0
e10a9ef8,ELEC-1088,13,0
18215f1b,ELEC-1066,388,0
00ae2ee9,ELEC-1051,325,0
ee501c9c,ELEC-1042,254,0
5d9459b3,ELEC-1092,372,0
eeddd081,ELEC-1040,113,0
21456cb1,ELEC-1056,321,0
2c504441,ELEC-1052,265,0
53995be8,ELEC-1085,396,2
cfb5f257,ELEC-1017,333,1
60f8dcf7,ELEC-1084,393,0
24af06d3,ELEC-1090,186,1
3214c8ab,ELEC-1064,41,0
eac3222e,ELEC-1055,164,0
1dbdb87e,ELEC-1060,365,0
5d72cfdd,ELEC-1066,209,0
3686bbaf,ELEC-1036,55,2
a01bb938,ELEC-1026,143,0
09ca9a9a,ELEC-1001,84,0
acadd2f4,ELEC-1032,82,1
6e58490b,ELEC-1019,156,1
fd9975bb,ELEC-1039,208,0
08ea8ff1,ELEC-1069,163,0
b16430e4,ELEC-1057,172,0
829d9b57,ELEC-1089,72,0
26206ba0,ELEC-1043,103,0
0cdaa0f4,ELEC-1028,227,0
a06c0650,ELEC-1041,170,0
a7960d1d,ELEC-1014,13,1
c07bed0e,ELEC-1041,205,2
e5201f75,ELEC-1043,86,0
84f4b720,ELEC-1075,106,1
222bb222,ELEC-1023,238,0
1ff6141a,ELEC-1047,114,2
8e2df8fe,ELEC-1045,372,0
314c9c95,ELEC-1012,193,0
b1924f44,ELEC-1033,264,0
3291097f,ELEC-1085,197,1
69a3f4b3,ELEC-1041,249,0
cd60937e,ELEC-1012,219,0
32e35843,ELEC-1011,222,2
8976dcd8,ELEC-1030,283,2
55d37d46,ELEC-1068,248,0
1b7ed3d3,ELEC-1053,372,0
b1a3fab4,ELEC-1079,164,0
d824d771,ELEC-1026,91,1
c2636c36,ELEC-1093,103,0
d65c1fcf,ELEC-1044,179,1
7d943e0e,ELEC-1063,114,0
180971d8,ELEC-1069,153,0
cd05b8e8,ELEC-1057,388,0
decaab6b,ELEC-1083,34,2
eb0c9c3b,ELEC-1005,60,0
b3edee7d,ELEC-1046,253,0
d3beabf1,ELEC-1078,160,2
7dda67e6,ELEC-1019,99,0
babeeb67,ELEC-1099,296,0
ba1860a4,ELEC-1087,176,0
bb3063ba,ELEC-1081,271,0
089af685,ELEC-1056,369,0
41674be1,ELEC-1051,173,0
22e68c35,ELEC-1032,391,0
6cdbc5e8,ELEC-1065,351,0
be10e377,ELEC-1068,55,0
c2523c95,ELEC-1073,34,0
dc8674fb,ELEC-1091,239,0
6cd2ccb1,ELEC-1004,163,0
f74bd475,ELEC-1093,399,0
18022814,ELEC-1054,273,0
6d433e09,ELEC-1027,138,0
17be70eb,ELEC-1034,312,0
755f126e,ELEC-1027,182,0
84db025a,ELEC-1063,74,0
bcab4111,ELEC-1086,337,0
98846ce7,ELEC-1072,85,0
7cdea383,ELEC-1096,16,0
300665cc,ELEC-1079,368,0
27d1a07a,ELEC-1074,307,1
bd06d135,ELEC-1087,208,0
cec562fe,ELEC-1038,295,0
e0047ec0,ELEC-1080,350,2
94eb2873,ELEC-1056,236,0
bcfd2761,ELEC-1029,311,0
3ad68aaa,ELEC-1099,138,0
8493a41a,ELEC-1086,163,2
e23de834,ELEC-1059,101,0
34ebd2cf,ELEC-1006,267,0
a72d91e0,ELEC-1024,327,2
79e2a5f1,ELEC-1075,338,0
f162d4e3,ELEC-1037,115,0
0e368424,ELEC-1008,163,0
189d83f5,ELEC-1015,112,0
b131c158,ELEC-1065,217,0
5ee1d305,ELEC-1067,159,0
74956443,ELEC-1063,293,0
e900e8d7,ELEC-1055,183,0
465a226c,ELEC-1087,369,0
32261a3e,ELEC-1024,39,0
afc81184,ELEC-1043,380,0
a40d73a0,ELEC-1013,217,2
34320154,ELEC-1083,105,0
91d63084,ELEC-1079,257,0
b997a994,ELEC-1005,187,0
73d76a48,ELEC-1069,109,0
315b6649,ELEC-1006,222,0
4bbcd3ff,ELEC-1050,82,1
b29d5ed8,ELEC-1025,40,0
b9eda6d3,ELEC-1077,246,0
8318bcbc,ELEC-1098,212,1
3da2e3e9,ELEC-1090,153,0
31475658,ELEC-1093,19,2
44d570e6,ELEC-1033,229,0
5c2f9dbb,ELEC-1091,217,0
745329f7,ELEC-1063,123,0
45ccd3cb,ELEC-1082,158,0
6df9f7fb,ELEC-1084,281,0
ceb33b48,ELEC-1019,316,0
cebc38fe,ELEC-1000,203,0
b455a257,ELEC-1097,95,1
7ea1f9e4,ELEC-1036,395,0
90b45f99,ELEC-1067,258,0
6300cd12,ELEC-1052,209,0
cf08f259,ELEC-1037,344,0
0850dc4f,ELEC-1078,353,2
b7b5ff24,ELEC-1097,55,0
5ba8ebef,ELEC-1095,125,0
9b4c005a,ELEC-1012,17,0
e13f0c57,ELEC-1041,94,0
e33144b3,ELEC-1084,270,0
3334d808,ELEC-1056,119,2
6a231e2d,ELEC-1061,202,0
7cd56f37,ELEC-1054,275,0
af7a3a5d,ELEC-1084,176,1
235cd143,ELEC-1094,71,2
dca005a6,ELEC-1004,183,0
71cdec83,ELEC-1067,391,0
327e80de,ELEC-1086,147,0
51086829,ELEC-1095,108,1
0c4d989d,ELEC-1009,196,0
5a6c4454,ELEC-1040,247,0
1db5aec9,ELEC-1065,169,0
c16b8ce1,ELEC-1003,14,0
cdbe0826,ELEC-1052,96,0
e5ac0a7b,ELEC-1050,309,0
87643731,ELEC-1041,116,2
1fc38cac,ELEC-1047,292,0
da3ccaf8,ELEC-1006,252,1
9cb84a0c,ELEC-1052,139,1
59f68a10,ELEC-1026,208,0
83b75657,ELEC-1097,107,0
a3a54b01,ELEC-1027,273,1
4fc6e5d7,ELEC-1075,395,2
8680ca31,ELEC-1076,225,0
cd5b58b7,ELEC-1023,127,0
4166c297,ELEC-1030,167,0
62e48a5e,ELEC-1077,145,0
7b9d5946,ELEC-1036,126,0
927e4093,ELEC-1036,78,2
b4840842,ELEC-1041,93,0
05cc4466,ELEC-1020,32,0
eb14f5d0,ELEC-1092,153,0
26cde0f4,ELEC-1002,355,0
f9f1681c,ELEC-1029,254,0
b3bee486,ELEC-1054,354,0
b55bce6d,ELEC-1012,217,1
d869a5e0,ELEC-1062,339,0
a234acc3,ELEC-1027,125,0
0b6b563d,ELEC-1099,66,0
221b4b2f,ELEC-1011,150,0
ab36482b,ELEC-1086,152,0
0c6483a4,ELEC-1001,190,2
ec7adbab,ELEC-1090,305,0
181c5def,ELEC-1018,321,1
cef4c420,ELEC-1051,326,0
1aad5fc6,ELEC-1050,303,0
3597e6dc,ELEC-1080,392,0
707395fe,ELEC-1018,64,0
40b3f8d4,ELEC-1049,234,0
fdc0cc24,ELEC-1094,311,0
802460e7,ELEC-1077,45,0
93f5ef43,ELEC-1068,305,1
d81f7d2a,ELEC-1014,137,0
db3aa351,ELEC-1031,242,1
7380e898,ELEC-1093,242,0
66817ee2,ELEC-1058,95,1
40396c4d,ELEC-1053,182,0
4171d02e,ELEC-1043,278,1
a17a898d,ELEC-1075,280,1
5b984be5,ELEC-1028,383,2
7204adf2,ELEC-1020,125,0
bcc494e2,ELEC-1075,294,2
36e9df08,ELEC-1056,135,0
dd7eb933,ELEC-1005,387,0
e5919fc0,ELEC-1033,258,1
8f32f1fb,ELEC-1019,204,0
0c7b1c9f,ELEC-1063,170,0
f43cff89,ELEC-1026,157,0
b94c93e5,ELEC-1015,85,0
97a2d2a1,ELEC-1047,34,0
749fa895,ELEC-1078,382,0
f5d153aa,ELEC-1098,330,0
a21d79a2,ELEC-1012,42,0
7b77a550,ELEC-1029,151,0
00dfc006,ELEC-1008,149,0
3da43707,ELEC-1037,120,1
5d063e25,ELEC-1024,338,2
9c3b467a,ELEC-1050,186,0
c7d63a0f,ELEC-1054,33,0
8a68b421,ELEC-1018,88,0
b40bf793,ELEC-1063,284,0
680e23a3,ELEC-1082,250,1
8aafd0d3,ELEC-1054,345,0
10f93019,ELEC-1051,363,0
12348bcb,ELEC-1011,340,0
2af42210,ELEC-1053,88,0
6eb7ca3a,ELEC-1024,172,0
1de62f3f,ELEC-1060,216,0
abe87f67,ELEC-1014,207,1
732e11a3,ELEC-1084,86,2
48124589,ELEC-1074,11,0
454e2e05,ELEC-1019,371,0
b83ed2be,ELEC-1055,111,0
1e013290,ELEC-1066,336,0
4f39cbf3,ELEC-1044,361,0
27972faf,ELEC-1005,328,0
9b8184d2,ELEC-1066,17,0
24c01001,ELEC-1091,259,0
a07a9715,ELEC-1062,143,0
0e748e56,ELEC-1076,201,0
ab347f2a,ELEC-1094,137,2
6979fe61,ELEC-1043,72,0
562ed5df,ELEC-1033,320,0
8fa41b6f,ELEC-1074,314,0
f63626f7,ELEC-1038,222,0
7d0f297a,ELEC-1004,105,0
1049bc9f,ELEC-1081,44,0
0b617b4d,ELEC-1091,369,2
1981a054,ELEC-1026,382,1
9eaa7606,ELEC-1091,172,0
3e28a983,ELEC-1049,254,0
b9ca081c,ELEC-1064,388,0
ee0b8f7f,ELEC-1024,189,0
aaaaecd0,ELEC-1088,33,0
7f3ece83,ELEC-1030,115,0
8368db13,ELEC-1036,242,0
ff45f82d,ELEC-1013,208,1
50d4c8b0,ELEC-1032,353,0
9226e23c,ELEC-1028,189,0
f3e7d29e,ELEC-1041,262,2
9a99e2c8,ELEC-1095,17,0
16a7f767,ELEC-1042,223,0
d7ba9ab5,ELEC-1027,277,0
26ca2c68,ELEC-1079,97,0
cce6337f,ELEC-1026,255,0
9f993c68,ELEC-1018,121,0
ef5d2a72,ELEC-1032,87,0
cec88f3d,ELEC-1069,372,0
47714bdb,ELEC-1020,94,0
6f523b1b,ELEC-1092,379,0
a7b7fb56,ELEC-1077,392,2
6855b8e3,ELEC-1014,100,0
208f92b4,ELEC-1008,195,0
7ce364a6,ELEC-1085,320,1
2aeb4b70,ELEC-1099,175,0
5ae8d936,ELEC-1000,64,0
487af4a5,ELEC-1010,129,0
e7492838,ELEC-1058,110,0
d2d74acd,ELEC-1057,42,2
89ed94bd,ELEC-1078,221,0
4495427c,ELEC-1073,105,0
d479bc2a,ELEC-1005,331,0
0d58b12f,ELEC-1008,49,0
a6dba485,ELEC-1041,316,0
f7253800,ELEC-1023,142,0
e4de0885,ELEC-1022,375,0
45e82846,ELEC-1034,375,0
a27c2a91,ELEC-1081,196,2
0adfd191,ELEC-1027,53,0
e61f9050,ELEC-1022,141,0
a19bd220,ELEC-1010,132,0
4e0d4930,ELEC-1019,212,0
cfdc1fd5,ELEC-1058,392,1
758bdd61,ELEC-1088,352,2
178d8bf3,ELEC-1068,119,0
ed7b490c,ELEC-1030,387,0
3efabc56,ELEC-1015,65,0
e4b5de44,ELEC-1075,210,0
a5c875cf,ELEC-1087,188,1
1e7ca52a,ELEC-1092,47,0
c009e53f,ELEC-1021,125,0
168e8c4b,ELEC-1091,125,2
a42cd969,ELEC-1023,53,1
877b9325,ELEC-1004,129,0
4fd3eaa3,ELEC-1082,79,0
aa306afc,ELEC-1036,360,0
16cae413,ELEC-1013,330,1
80e7b414,ELEC-1053,89,1
bb620e12,ELEC-1093,154,0
95011c57,ELEC-1010,142,0
5cbe5df2,ELEC-1094,112,0
619d78e1,ELEC-1090,195,0
aa88d171,ELEC-1047,53,0
77ab777e,ELEC-1025,86,0
0f57d99b,ELEC-1022,291,1
ba6b6b33,ELEC-1051,269,0
facd7bed,ELEC-1086,240,2
65423474,ELEC-1047,212,0
9bfc3410,ELEC-1091,192,2
d5cc7e1f,ELEC-1028,242,1
318d2b31,ELEC-1092,50,0
cbfa6314,ELEC-1073,282,2
ffa3ff1e,ELEC-1072,16,0
672ab1e4,ELEC-1044,331,0
c70bcd67,ELEC-1062,202,0
1bc66691,ELEC-1028,370,0
d53ab4e0,ELEC-1041,341,0
800c01d1,ELEC-1080,339,2
b7ef1e8e,ELEC-1075,272,2
9f3b1bf5,ELEC-1042,251,0
af42575a,ELEC-1059,229,0
2b70e2ed,ELEC-1031,388,0
6029600d,ELEC-1006,349,1
988b19ce,ELEC-1044,384,0
9f335cfb,ELEC-1008,16,0
a5d0693d,ELEC-1039,224,0
473167b2,ELEC-1040,307,0
d203379c,ELEC-1064,251,0
78079563,ELEC-1081,107,0
bf0c21bc,ELEC-1051,279,0
204d5276,ELEC-1065,181,0
5ffb43aa,ELEC-1055,341,1
ea9b4192,ELEC-1069,354,2
7b69083a,ELEC-1044,310,0
39dad237,ELEC-1091,72,0
07b47bf4,ELEC-1064,226,0
cbe062e5,ELEC-1073,184,0
ef23bfe0,ELEC-1039,194,0
4546319f,ELEC-1062,319,1
86eacc14,ELEC-1029,122,0
88d268e5,ELEC-1057,33,0
53cdfcff,ELEC-1039,52,1
df9ed686,ELEC-1054,92,2
6c0d3e10,ELEC-1045,110,0
aeb4d323,ELEC-1024,22,0
0ab738ca,ELEC-1080,340,0
89b9eb44,ELEC-1097,98,0
68c38b1d,ELEC-1072,363,0
37806d4b,ELEC-1070,324,0
e024c252,ELEC-1038,76,0
181036a5,ELEC-1006,82,0
a5eea98b,ELEC-1057,150,2
c7c80957,ELEC-1091,382,1
15fcab19,ELEC-1012,211,2
7d3931db,ELEC-1040,20,0
29e8348a,ELEC-1051,323,0
082884ed,ELEC-1017,26,1
9284e133,ELEC-1018,302,0
82c65696,ELEC-1067,254,1
ee0b446e,ELEC-1028,187,2
4467effd,ELEC-1079,385,0
0cf0df53,ELEC-1034,365,1
221a0f91,ELEC-1025,77,0
29628076,ELEC-1036,82,0
5950b2fb,ELEC-1087,330,0
70e82a2a,ELEC-1029,175,2
371e9b27,ELEC-1015,230,0
cd2c80f5,ELEC-1002,105,0
a160c3da,ELEC-1068,121,1
9b2336e0,ELEC-1008,67,0
c3ca68bc,ELEC-1055,167,0
7249e349,ELEC-1084,93,0
20420751,ELEC-1026,335,0
277729f3,ELEC-1027,340,0
fa25d0b6,ELEC-1067,133,2
8b4f9c93,ELEC-1076,193,0
aee9c4c3,ELEC-1029,107,0
efe26638,ELEC-1075,137,2
3de53aad,ELEC-1063,270,1
c3be70b8,ELEC-1072,86,0
c63984c1,ELEC-1057,116,1
cee28e89,ELEC-1077,128,0
f201e220,ELEC-1034,199,0
dc47d149,ELEC-1000,352,0
1bab1321,ELEC-1008,287,0
d4a9bbcc,ELEC-1039,246,1
8b33a51e,ELEC-1001,244,0
11965461,ELEC-1030,174,2
1228f040,ELEC-1033,242,0
51ff6210,ELEC-1097,98,0
e1864140,ELEC-1044,323,1
f8a9fdfc,ELEC-1077,156,1
ac2eae18,ELEC-1094,246,0
7ea773f9,ELEC-1032,32,0
71f67e39,ELEC-1043,159,1
82b2ae07,ELEC-1082,127,0
7808791b,ELEC-1076,345,0
be367c4e,ELEC-1080,108,0
90a60490,ELEC-1045,53,0
fd8cb924,ELEC-1065,323,0
0800c31c,ELEC-1081,326,0
195ca17c,ELEC-1015,387,1
a6e5ba9a,ELEC-1035,341,0
f6f0cb23,ELEC-1092,133,0
a750a4f9,ELEC-1029,53,0
a6b6419a,ELEC-1038,148,1
516c4ff4,ELEC-1048,42,0
9c79b36d,ELEC-1033,288,0
87379ea7,ELEC-1090,228,2
918b4a3a,ELEC-1094,230,0
f0e599eb,ELEC-1023,136,0
cc4202c8,ELEC-1022,142,2
3e2c53b9,ELEC-1035,259,0
ca252955,ELEC-1097,326,0
f1b561d7,ELEC-1071,338,0
86008cb0,ELEC-1021,108,0
749c64f5,ELEC-1065,158,0
362eab75,ELEC-1048,386,0
9305e662,ELEC-1003,324,0
ef5498bf,ELEC-1054,208,1
89448020,ELEC-1035,228,0
434a3883,ELEC-1014,331,0
3f5760a4,ELEC-1061,158,0
54312ebb,ELEC-1019,33,0
c1446399,ELEC-1031,284,0
75998a90,ELEC-1014,201,0
b5d083d5,ELEC-1002,378,0
d885e722,ELEC-1036,355,1
ad1d5885,ELEC-1086,123,2
7b44b9f9,ELEC-1020,202,0
66204fe9,ELEC-1058,188,0
8fb74582,ELEC-1026,312,0
f434a9d2,ELEC-1096,169,0
68bcfb6c,ELEC-1093,275,0
bdfeade6,ELEC-1045,103,2
ef5fa825,ELEC-1086,209,0
5fc43d25,ELEC-1029,311,0
1162807b,ELEC-1044,227,0
20fd6154,ELEC-1062,56,0
2411b9f3,ELEC-1084,54,0
890ef0a2,ELEC-1010,380,0
41460ed2,ELEC-1082,360,0
9d4e2aae,ELEC-1055,98,0
3b7a30d1,ELEC-1028,333,0
44e88589,ELEC-1086,373,0
3b18b7df,ELEC-1049,160,0
68b739b4,ELEC-1037,212,0
ab189c8f,ELEC-1054,349,0
486db0d7,ELEC-1040,138,0
fabb9538,ELEC-1052,357,0
b69dfa9f,ELEC-1042,14,2
730b8dea,ELEC-1035,227,0
bc58bef0,ELEC-1041,225,0
1425c3a1,ELEC-1021,258,1
9562e636,ELEC-1085,248,0
ef87aa4c,ELEC-1002,375,1
4b1d5033,ELEC-1081,320,0
476acfba,ELEC-1085,266,0
806832b8,ELEC-1030,33,0
c2f2ce3e,ELEC-1065,271,2
10ef15a9,ELEC-1085,377,2
9ec2e80a,ELEC-1082,371,0
3b91a674,ELEC-1040,303,1
194f4a21,ELEC-1008,38,0
1b2af218,ELEC-1012,117,2
38ed6c26,ELEC-1066,135,0
1e86fa89,ELEC-1026,251,0
ff4da8e3,ELEC-1035,281,0
2561de56,ELEC-1007,42,0
8315eff9,ELEC-1042,113,0
d2353ba9,ELEC-1053,135,0
e7e8ff32,ELEC-1082,323,0
1738481d,ELEC-1071,251,2
19435fd3,ELEC-1028,178,0
1aaf6139,ELEC-1038,323,0
2c6e35c6,ELEC-1055,59,1
22ba8464,ELEC-1065,65,0
dc5e7327,ELEC-1056,120,0
e19de3ac,ELEC-1000,186,0
9c42808b,ELEC-1097,31,1
730a0b4d,ELEC-1040,93,0
f58540d7,ELEC-1017,305,0
809388f0,ELEC-1025,158,0
0eeefd1e,ELEC-1029,190,0
2d7677dc,ELEC-1086,270,2
51735b7e,ELEC-1053,219,0
06553e25,ELEC-1053,48,0
d74fa774,ELEC-1082,311,0
1b36b8fe,ELEC-1072,11,0
251c05a8,ELEC-1080,159,1
61448cfb,ELEC-1027,27,0
2d0d80d3,ELEC-1091,320,0
1ff0c39b,ELEC-1049,367,0
356127f3,ELEC-1031,250,0
fffee513,ELEC-1042,329,0
c452e5bd,ELEC-1014,57,0
f11472b9,ELEC-1078,202,0
a0d2de62,ELEC-1065,33,0
2bb259e7,ELEC-1060,23,0
1deb60d1,ELEC-1059,34,0
1898936d,ELEC-1021,274,0
467ff73b,ELEC-1003,182,2
59e436c9,ELEC-1054,109,0
8b9e432c,ELEC-1028,110,0
ac40d95f,ELEC-1064,56,1
be9fc9ed,ELEC-1020,372,0
d1228b42,ELEC-1061,127,2
4020035b,ELEC-1073,26,1
43b59ddf,ELEC-1043,30,0
dbede750,ELEC-1074,110,0
4d2afe13,ELEC-1048,233,0
3bd6483a,ELEC-1067,86,2
a24ec6bd,ELEC-1066,137,1
134fe586,ELEC-1023,361,0
2e39a3f3,ELEC-1049,29,1
08ca081b,ELEC-1098,131,0
f1cb9b13,ELEC-1098,134,0
f527e529,ELEC-1089,50,0
31174011,ELEC-1088,339,1
e2542ea9,ELEC-1022,139,0
896f9194,ELEC-1010,244,0
3110c8ae,ELEC-1051,51,0
83e1ffb5,ELEC-1082,381,0
b633790e,ELEC-1085,268,0
29bfce57,ELEC-1066,358,0
9bbd9ad2,ELEC-1026,58,0
fd42f9d4,ELEC-1021,162,0
672cfbd1,ELEC-1094,264,0
332eedfb,ELEC-1070,356,0
aac93fda,ELEC-1006,305,0
8b923c09,ELEC-1053,398,0
740f6f62,ELEC-1074,162,0
69d544ee,ELEC-1032,334,0
b53323ce,ELEC-1028,199,0
16d71af2,ELEC-1071,204,2
d78400c6,ELEC-1099,217,0
6493adf5,ELEC-1060,282,0
87e3ac1d,ELEC-1026,193,0
5725f779,ELEC-1095,96,0
11d61eba,ELEC-1024,221,1
a94612de,ELEC-1056,363,0
48a03634,ELEC-1050,85,1
87c83698,ELEC-1057,179,1
b691eb62,ELEC-1067,137,0
f7844a29,ELEC-1089,257,2
2bb7ff1a,ELEC-1013,168,0
b60bbce5,ELEC-1081,67,0
99da42e9,ELEC-1009,387,2
be3f1b81,ELEC-1028,282,2
494980e6,ELEC-1099,362,1
a61fd3bd,ELEC-1099,117,2
34bb8399,ELEC-1038,185,0
83342818,ELEC-1017,70,0
07bf99a4,ELEC-1072,360,1
b4a4fcbd,ELEC-1063,237,0
94ebcd80,ELEC-1092,127,0
eb182c51,ELEC-1081,380,0
4610080c,ELEC-1015,144,0
137c93a7,ELEC-1016,325,0
dc62663e,ELEC-1003,29,2
45efcff4,ELEC-1006,388,0
36d3cb76,ELEC-1065,329,0
a14c1b0b,ELEC-1068,144,0
329c89d5,ELEC-1069,204,0
178826af,ELEC-1018,270,2
e64820fe,ELEC-1012,382,0
3f67bcab,ELEC-1025,49,0
0a3d7e54,ELEC-1051,385,0
26e5de5a,ELEC-1017,267,0
30754009,ELEC-1060,141,0
8bbaa18e,ELEC-1056,182,2
0d18ac67,ELEC-1024,376,0
1c468317,ELEC-1073,255,0
b4329cae,ELEC-1026,230,0
cba93f10,ELEC-1090,260,1
049a173c,ELEC-1037,147,0
f32757b5,ELEC-1000,153,0
2c1b2c64,ELEC-1057,45,0
2ee8793a,ELEC-1054,217,0
890cfe97,ELEC-1056,254,0
da993b06,ELEC-1050,349,0
4a7bfdb1,ELEC-1027,342,0
2c62ddf3,ELEC-1051,68,0
b575b0be,ELEC-1029,356,0
5691e5d4,ELEC-1075,144,0
995ab459,ELEC-1001,190,0
6ec7c2ec,ELEC-1061,242,0
7eb7599f,ELEC-1095,284,0
946c0dbb,ELEC-1049,98,0
caa7aa78,ELEC-1069,336,0
f687c057,ELEC-1081,249,0
fdf6ad34,ELEC-1069,248,0
e5f4a25d,ELEC-1029,227,0
ed928e80,ELEC-1054,52,0
bbf4817b,ELEC-1044,58,0
4b93f869,ELEC-1086,25,0
f0d37a40,ELEC-1040,192,0
2619dabc,ELEC-1063,207,0
049f1f84,ELEC-1082,268,0
4da9c02d,ELEC-1073,104,0
2d68fee0,ELEC-1065,292,0
fe6080e8,ELEC-1011,147,0
2facdb67,ELEC-1084,337,1
d5685ff1,ELEC-1007,226,0
c41c14b7,ELEC-1061,285,0
eab627d9,ELEC-1079,203,0
0b7d9f11,ELEC-1088,98,0
59524947,ELEC-1023,260,0
0977f75e,ELEC-1063,138,0
5993cdf4,ELEC-1017,86,0
949059dc,ELEC-1002,387,1
fb22302c,ELEC-1044,215,0
8f485f5f,ELEC-1059,87,0
cb6a1e15,ELEC-1006,11,0
1b555728,ELEC-1071,212,1
f2897e68,ELEC-1027,227,0
edfa702e,ELEC-1017,272,0
0210b7ff,ELEC-1075,108,0
115feb74,ELEC-1063,257,0
1943ae1f,ELEC-1030,166,2
473fcf0d,ELEC-1030,164,0
699afc2a,ELEC-1065,133,0
c8d78fc6,ELEC-1088,337,0
2df69fdc,ELEC-1071,226,0
50bee04a,ELEC-1032,188,0
e2c28e3e,ELEC-1017,26,0
1ef90eb4,ELEC-1090,112,0
37bd8347,ELEC-1038,133,0
15c5f70f,ELEC-1089,39,2
d8a1aabe,ELEC-1022,211,0
da90e815,ELEC-1047,244,0
adc9aca1,ELEC-1065,342,0
8a3e14dd,ELEC-1005,263,1
c29ebaa9,ELEC-1008,187,0
e0afc2f5,ELEC-1005,265,0
041a9c44,ELEC-1028,20,2
eb673824,ELEC-1032,146,0
17a85740,ELEC-1022,109,0
bbaec4e4,ELEC-1051,11,1
4c5e6240,ELEC-1085,43,2
983dba79,ELEC-1089,323,0
5734bddd,ELEC-1056,143,2
fade8660,ELEC-1050,59,0
0861caa8,ELEC-1075,245,0
88409822,ELEC-1022,106,0
44d58869,ELEC-1031,276,2
4ce6f361,ELEC-1085,63,1
c98d0b38,ELEC-1085,345,2
de348bf7,ELEC-1090,78,0
ce275506,ELEC-1000,270,0
8c6a8e41,ELEC-1055,93,0
d0eb2ff6,ELEC-1009,358,0
777b2c92,ELEC-1052,290,1
1bdd01fa,ELEC-1016,22,0
1d214ede,ELEC-1096,359,0
cc286068,ELEC-1045,224,0
39980db6,ELEC-1091,190,0
1ad4b26d,ELEC-1067,380,0
112db973,ELEC-1016,392,0
15e95b66,ELEC-1068,325,0
fb2cba4d,ELEC-1014,281,0
8df26f4a,ELEC-1064,311,0
d9c9edb1,ELEC-1021,386,0
87a87944,ELEC-1086,157,0
238909f3,ELEC-1007,84,1
3db2a41a,ELEC-1094,135,0
8b50023a,ELEC-1038,135,0
a85928d9,ELEC-1098,266,1
fc4239d0,ELEC-1025,368,0
acdf8ed7,ELEC-1062,293,0
5c96305d,ELEC-1076,125,1
88e9b6dc,ELEC-1010,205,0
fb48c8d5,ELEC-1045,10,0
7c6d8e9b,ELEC-1036,366,0
e248dc96,ELEC-1048,247,0
702fc9bf,ELEC-1089,198,0
2b4b12d0,ELEC-1099,108,0
1eea937d,ELEC-1030,94,0
ad505ef4,ELEC-1044,148,0
f64bb9f3,ELEC-1046,153,0
9a2176cc,ELEC-1069,246,2
454ff705,ELEC-1064,25,0
e902d99c,ELEC-1016,309,0
9763b56d,ELEC-1028,323,2
f3ad262b,ELEC-1045,291,0
83762615,ELEC-1086,210,0
7f145ee5,ELEC-1072,58,0
74cc991f,ELEC-1021,50,0
078c81fc,ELEC-1037,159,0
e7f2f4fc,ELEC-1076,12,1
9a96f283,ELEC-1084,54,1
326c6ca8,ELEC-1069,73,0
e0c6f404,ELEC-1085,268,0
45962b10,ELEC-1088,355,2
a875fe27,ELEC-1040,257,0
a286bdde,ELEC-1040,159,0
94387025,ELEC-1069,91,0
0effe51b,ELEC-1094,76,0
bd212cf6,ELEC-1036,226,2
b715b90b,ELEC-1092,212,1
93d6e662,ELEC-1042,235,0
59c29177,ELEC-1083,285,0
ef56684d,ELEC-1077,33,2
f28171e1,ELEC-1017,105,0
7bd3adcb,ELEC-1022,215,2
cd5c25ac,ELEC-1095,124,0
198e67d8,ELEC-1077,145,0
20c04985,ELEC-1036,291,0
3f453d7d,ELEC-1080,387,0
a40cdcfc,ELEC-1071,10,1
c83071e5,ELEC-1099,33,2
694e9a06,ELEC-1068,151,0
5b115459,ELEC-1004,238,0
db9e5038,ELEC-1006,278,2
ae6fbcfa,ELEC-1031,164,0
eb3e778a,ELEC-1069,128,0
93a05673,ELEC-1094,31,0
4c2b3dd4,ELEC-1061,172,2
5561ccf3,ELEC-1084,322,0
ceaa1534,ELEC-1011,282,2
ec5c5817,ELEC-1051,131,0
52171673,ELEC-1023,265,1
cc6bfd2c,ELEC-1009,254,1
299e38d2,ELEC-1049,46,0
846b132f,ELEC-1038,183,0
601ba7fe,ELEC-1086,254,2
6d6db867,ELEC-1099,247,0
0fc49290,ELEC-1078,286,0
9cc647bb,ELEC-1040,265,0
6b138fed,ELEC-1045,285,0
eda3af46,ELEC-1044,64,0
14e7e370,ELEC-1050,172,0
7334e2a5,ELEC-1096,243,0
8f1fa264,ELEC-1022,55,0
668d5694,ELEC-1046,309,0
a723c11b,ELEC-1069,30,0
ce61601b,ELEC-1084,132,0
1d9c7e5f,ELEC-1067,246,0
70c5a803,ELEC-1037,183,0
ff9abd36,ELEC-1033,204,0
b5d803f2,ELEC-1046,215,2
19885b12,ELEC-1038,57,0
36c5fc52,ELEC-1076,319,1
865d6f1b,ELEC-1037,241,0
a939c40b,ELEC-1081,38,0
354f960b,ELEC-1052,118,1
a661bc82,ELEC-1087,110,0
f4b869c8,ELEC-1070,297,0
cbd75c0b,ELEC-1068,264,0
05d014d1,ELEC-1060,282,0
e758648e,ELEC-1008,265,0
c3b7daa8,ELEC-1033,325,2
c65f91b3,ELEC-1028,380,1
fb257e46,ELEC-1013,294,0
905c0e2f,ELEC-1094,86,2
9a48b987,ELEC-1060,107,0
38c30a8f,ELEC-1038,102,0
96d0de3d,ELEC-1050,262,0
827e8d6a,ELEC-1017,304,0
98b2de67,ELEC-1001,84,2
8df9a289,ELEC-1078,256,0
053b6af6,ELEC-1083,142,0
f82d2505,ELEC-1004,127,0
a70aea1a,ELEC-1008,395,0
8c3ce614,ELEC-1086,93,0
181842db,ELEC-1029,61,0
9777f7c4,ELEC-1014,271,0
161c463d,ELEC-1077,10,0
5e0715dd,ELEC-1026,354,1
aaac25e0,ELEC-1083,306,2
fa50581e,ELEC-1045,178,1
580f7748,ELEC-1034,331,0
f8cd2a9f,ELEC-1078,326,0
84706968,ELEC-1064,133,0
ac17ac4d,ELEC-1075,83,0
7dd82690,ELEC-1003,254,0
e0e9be8e,ELEC-1077,38,0
98a48bca,ELEC-1076,117,0
e4e21dcf,ELEC-1082,232,0
319b84f2,ELEC-1012,280,0
cbf2016d,ELEC-1036,232,0
f9d350a1,ELEC-1032,340,0
a902de8e,ELEC-1023,141,0
be650b2f,ELEC-1028,312,2
b00ba655,ELEC-1020,381,0
0bffe5f9,ELEC-1027,86,0
f5c8382f,ELEC-1090,171,0
bcae6de3,ELEC-1012,194,0
c477f695,ELEC-1033,183,0
2773f123,ELEC-1002,287,1
cc2fab96,ELEC-1021,366,0
625d8063,ELEC-1027,152,0
7cf049ac,ELEC-1040,143,0
cc9450e2,ELEC-1097,132,0
813f1d86,ELEC-1044,353,0
55cf8aef,ELEC-1061,333,2
c93fb7b8,ELEC-1033,210,0
508e7791,ELEC-1063,249,1
371d18ad,ELEC-1060,190,1
250510a8,ELEC-1082,204,0
406812de,ELEC-1079,311,0
899b2eef,ELEC-1087,98,0
e292d3e9,ELEC-1066,361,0
8d12b16c,ELEC-1000,316,0
703df65b,ELEC-1088,121,0
dbead3b5,ELEC-1096,281,2
923ab36e,ELEC-1098,245,0
30e13625,ELEC-1057,210,1
c0c61def,ELEC-1017,342,0
e294edc4,ELEC-1066,323,0
12c7e96b,ELEC-1005,195,0
0cb5c7b5,ELEC-1097,305,0
feb20df1,ELEC-1002,198,0
7d94baec,ELEC-1079,267,0
0a21ea6c,ELEC-1021,82,0
bf56152f,ELEC-1032,174,0
b37b954a,ELEC-1095,65,0
1d6fa10d,ELEC-1012,371,0
83dce1bc,ELEC-1085,50,0
f4a05889,ELEC-1086,343,0
e9f35e2a,ELEC-1067,399,2
2a26ecbf,ELEC-1039,81,0
d5bb6385,ELEC-1008,174,0
c72ee868,ELEC-1049,60,1
2f645ed9,ELEC-1049,178,0
4008f0e5,ELEC-1037,103,0
ed97fcde,ELEC-1043,299,0
120fdc1f,ELEC-1084,107,2
f5a4b4dd,ELEC-1074,30,1
af861245,ELEC-1032,109,0
7af3bdf4,ELEC-1062,362,0
439e4e3b,ELEC-1051,352,0
3cef958d,ELEC-1028,188,1
e25a8a1c,ELEC-1089,193,0
10e8df3b,ELEC-1087,330,0
8983efef,ELEC-1020,279,0
23858515,ELEC-1059,366,0
8056bbbc,ELEC-1098,60,0
99de03ed,ELEC-1003,289,1
d5d9b48c,ELEC-1099,210,2
0f9c9d5d,ELEC-1005,378,0
d3475710,ELEC-1025,268,0
32016ad6,ELEC-1032,378,0
b1c6939d,ELEC-1026,144,0
f4be9158,ELEC-1072,360,0
e9a4fa2d,ELEC-1082,250,0
218acbbb,ELEC-1087,145,0
4b70d1a7,ELEC-1035,25,0
b9b3f982,ELEC-1033,121,0
5fa86cce,ELEC-1026,132,0
91ba7cec,ELEC-1079,63,0
880b2e1b,ELEC-1083,158,1
8589fc35,ELEC-1016,389,0
a1b6065f,ELEC-1012,359,0
cba272cc,ELEC-1094,69,0
c4dd3a61,ELEC-1032,62,0
657f7c80,ELEC-1081,55,2
6638315b,ELEC-1079,272,0
bf01daf8,ELEC-1047,112,0
96b5d100,ELEC-1094,399,0
86448f5b,ELEC-1082,41,0
7c87ddcb,ELEC-1068,318,2
c6acef3a,ELEC-1052,128,0
f6423697,ELEC-1058,161,0
5a93ee22,ELEC-1039,228,0
0ea0fb16,ELEC-1027,192,0
45bf868f,ELEC-1066,23,0
5b84cf68,ELEC-1029,142,0
6123e1a7,ELEC-1078,198,0
5e0d19ce,ELEC-1016,16,0
0d8fa2fe,ELEC-1077,83,0
9da88f92,ELEC-1001,260,0
a9dae358,ELEC-1006,234,0
f3006991,ELEC-1098,331,2
8bea2ad3,ELEC-1020,297,0
c5db3059,ELEC-1079,33,0
192b2319,ELEC-1004,399,0
a060789b,ELEC-1058,126,0
eda5c1a0,ELEC-1091,135,0
a883fe5c,ELEC-1031,153,0
2ef3c351,ELEC-1077,200,0
a2d539db,ELEC-1042,79,0
3a0912b2,ELEC-1026,193,0
d154a237,ELEC-1008,62,0
fe03eca7,ELEC-1085,99,0
16dddb3e,ELEC-1006,345,0
4feb2d8f,ELEC-1055,72,0
0be2397c,ELEC-1091,170,2
c83b70df,ELEC-1073,310,1
eaadfa8e,ELEC-1078,141,0
879099f9,ELEC-1065,220,0
bbb1bf5c,ELEC-1054,335,2
eb411733,ELEC-1016,297,1
fd0f0a31,ELEC-1064,21,0
7a0f3a6e,ELEC-1051,264,0
fffa87ca,ELEC-1084,199,0
452d48d2,ELEC-1008,306,0
d479a3b3,ELEC-1006,381,0
7bf45e2b,ELEC-1048,165,0
aad4a003,ELEC-1094,49,0
50161a73,ELEC-1060,126,1
2e3964de,ELEC-1036,381,0
87856421,ELEC-1053,176,0
a7ee206c,ELEC-1067,50,0
ef3fdf46,ELEC-1060,197,0
b63b623f,ELEC-1005,352,0
8dd38343,ELEC-1062,117,1
080ccfcf,ELEC-1058,168,0
e3fc85d8,ELEC-1024,321,0
10b5b0d5,ELEC-1034,389,0
f1231f29,ELEC-1098,187,0
6cd10337,ELEC-1020,196,1
750df521,ELEC-1082,388,2
ee46c2b1,ELEC-1044,390,0
b84d4724,ELEC-1077,292,0
726ba72e,ELEC-1011,181,0
83d947ea,ELEC-1030,263,1
f320aaed,ELEC-1000,146,0
a6ec948e,ELEC-1066,58,0
45e3fe0e,ELEC-1033,123,0
f5660be6,ELEC-1007,193,0
a025b7df,ELEC-1069,325,0
32e67111,ELEC-1027,31,0
2e7d165e,ELEC-1068,106,0
97feeb4c,ELEC-1062,229,0
16231b29,ELEC-1067,245,2
b685095c,ELEC-1075,352,1
5848f941,ELEC-1011,304,0
bdf619b7,ELEC-1019,175,0
40075856,ELEC-1089,397,0
1c3c599f,ELEC-1024,265,0
1b8d5481,ELEC-1033,20,0
233a69f3,ELEC-1024,382,0
16a7df1a,ELEC-1008,256,1
2abb5748,ELEC-1063,372,0
c18c189b,ELEC-1015,220,1
44c4d6c0,ELEC-1031,392,0
1c310086,ELEC-1064,236,1
a2d7bbfb,ELEC-1063,269,0
c31e94b3,ELEC-1029,187,0
d4261994,ELEC-1034,196,0
b76f2560,ELEC-1048,14,0
51e25aac,ELEC-1003,254,0
b839c69c,ELEC-1093,173,0
ae627523,ELEC-1006,159,0
46f7c48e,ELEC-1035,382,0
0fd22c00,ELEC-1000,333,0
fcb25c53,ELEC-1002,338,0
aeaa37b4,ELEC-1056,134,0
5b0b058d,ELEC-1021,26,0
f9afaa90,ELEC-1098,99,0
4e108dbb,ELEC-1035,209,0
875bcf64,ELEC-1050,373,2
dac68b57,ELEC-1089,188,0
5d1c26f1,ELEC-1043,54,0
6ae06aec,ELEC-1073,315,1
a8c49a9a,ELEC-1063,237,0
a77b66f8,ELEC-1014,366,0
d5b76da5,ELEC-1083,302,0
6d2c1f33,ELEC-1088,194,0
ededbdc5,ELEC-1031,90,0
4dedabbd,ELEC-1064,150,1
3ab6dc58,ELEC-1027,188,0
e15abef7,ELEC-1038,284,0
24d1257a,ELEC-1005,345,0
07d22ba3,ELEC-1005,285,0
392bd4e2,ELEC-1066,185,1
cb63a161,ELEC-1082,291,0
814ca836,ELEC-1045,206,0
c0be7d8e,ELEC-1090,244,0
e8611ab7,ELEC-1061,90,0
b531a243,ELEC-1092,24,0
64645a45,ELEC-1025,278,1
dcb477fd,ELEC-1094,359,1
cde11da9,ELEC-1078,320,0
19c93235,ELEC-1090,237,0
db0f405d,ELEC-1039,190,0
351d46e7,ELEC-1037,322,0
00deb490,ELEC-1018,269,0
94f879fd,ELEC-1012,65,0
84a53342,ELEC-1039,135,1
e8e216a4,ELEC-1036,90,0
fb320c18,ELEC-1088,298,2
1eaa9e26,ELEC-1082,104,0
97666225,ELEC-1052,274,0
fe60ab76,ELEC-1070,243,0
74c0aa94,ELEC-1090,133,2
d2299533,ELEC-1071,156,2
a2e2b0bb,ELEC-1084,125,2
8707314e,ELEC-1066,234,0
d928ebd3,ELEC-1061,180,0
281856ea,ELEC-1061,92,0
e65922ee,ELEC-1016,111,0
3da65cfd,ELEC-1082,171,0
9b129f47,ELEC-1082,283,2
4985af7e,ELEC-1070,328,0
c5bf5031,ELEC-1005,11,1
cd38024b,ELEC-1098,10,0
baee641b,ELEC-1006,252,0
bad549e0,ELEC-1047,269,0
76dc44dc,ELEC-1073,98,0
31f76789,ELEC-1033,191,0
e2e2fc11,ELEC-1042,209,2
583a5f57,ELEC-1024,331,0
245ea49b,ELEC-1098,342,0
e37a387f,ELEC-1056,100,0
1ce5c596,ELEC-1042,128,2
dc20da83,ELEC-1067,79,0
adda8a69,ELEC-1008,103,0
a736271d,ELEC-1077,243,0
518149b8,ELEC-1030,100,1
2042d1c3,ELEC-1011,276,0
6e4eb4be,ELEC-1028,394,0
00921119,ELEC-1008,235,0
335cc21f,ELEC-1052,360,0
5b7e7586,ELEC-1054,348,1
bba136ce,ELEC-1023,275,2
6922e1c5,ELEC-1022,383,0
bce61137,ELEC-1089,315,2
e4105208,ELEC-1032,318,0
cefdf4aa,ELEC-1002,128,0
d74a07aa,ELEC-1090,86,0
0e4fcebb,ELEC-1016,343,0
5d0d7032,ELEC-1041,124,0
fef5219a,ELEC-1052,114,0
215ba2e9,ELEC-1026,207,0
d7eb78b3,ELEC-1014,356,0
8b38ac43,ELEC-1060,54,0
31373337,ELEC-1060,390,2
c9af4924,ELEC-1048,279,0
f2d7e2d6,ELEC-1084,397,0
49595935,ELEC-1067,365,0
8b0bdfef,ELEC-1073,30,2
d6ae79ab,ELEC-1008,375,0
82a61527,ELEC-1081,232,0
41ed6278,ELEC-1076,269,0
1855411b,ELEC-1043,313,2
6deb550f,ELEC-1073,378,0
6883040b,ELEC-1078,146,0
76eb020a,ELEC-1098,332,0
13517c38,ELEC-1092,284,0
1444986c,ELEC-1070,104,0
5ac58f96,ELEC-1094,187,2
2ec0ecb5,ELEC-1075,296,2
acd0a620,ELEC-1080,138,0
eabaface,ELEC-1065,130,2
6ce60c46,ELEC-1010,175,1
48cfeba8,ELEC-1083,225,2
07cb3b18,ELEC-1098,276,0
a9ae0ee1,ELEC-1013,18,0
5b4532c6,ELEC-1075,53,0
4b54735e,ELEC-1059,238,0
f9e7dfa7,ELEC-1060,195,0
f71f7fcc,ELEC-1035,197,0
01a7ac78,ELEC-1068,110,0
8f5ad01f,ELEC-1064,153,0
2bd62390,ELEC-1076,281,0
a0a7c577,ELEC-1063,305,2
954bdff8,ELEC-1009,375,0
c6c26733,ELEC-1037,269,0
d3ffed5b,ELEC-1093,214,0
a7bea1de,ELEC-1061,261,0
54681683,ELEC-1094,255,0
531783c2,ELEC-1080,367,0
9de8308b,ELEC-1053,291,1
a378723e,ELEC-1043,370,0
02ead6e4,ELEC-1056,157,2
434e72de,ELEC-1016,111,2
e28c080f,ELEC-1089,355,0
b363afac,ELEC-1012,27,0
f37158b6,ELEC-1083,77,0
3982d5e3,ELEC-1031,90,0
28e992c0,ELEC-1023,202,0
59c8d808,ELEC-1009,332,1
7e860eaa,ELEC-1072,163,0
348f156a,ELEC-1057,192,0
16135283,ELEC-1058,196,0
038c4037,ELEC-1023,210,0
cc729766,ELEC-1041,213,2
7ee14d0c,ELEC-1074,235,2
e9eb39e4,ELEC-1079,345,1
5fecb9ef,ELEC-1087,190,0
edc0c338,ELEC-1002,222,0
4166855b,ELEC-1016,164,1
7c83f440,ELEC-1030,152,0
3e65d6fd,ELEC-1021,128,0
23f266e1,ELEC-1014,163,0
496b8b28,ELEC-1016,180,0
a5db0cf0,ELEC-1098,163,1
3aef8958,ELEC-1065,361,0
bd94325d,ELEC-1082,261,2
b71bedfd,ELEC-1000,100,0
4ff3362f,ELEC-1008,193,1
fc5eaed6,ELEC-1077,114,2
6006b6e3,ELEC-1045,328,0
9127078e,ELEC-1060,213,0
163499ac,ELEC-1019,151,1
2287361b,ELEC-1049,97,0
f58015dc,ELEC-1029,85,2
c77fb8c6,ELEC-1069,111,0
71382be1,ELEC-1042,174,0
882c73d0,ELEC-1011,336,0
7bb73cd9,ELEC-1005,274,0
0eab6779,ELEC-1052,365,0
3f6bb154,ELEC-1094,261,0
bd0a7288,ELEC-1016,394,0
2cbf7c6d,ELEC-1072,133,0
1e311c23,ELEC-1098,294,0
9fa4b601,ELEC-1076,362,0
b16263f6,ELEC-1083,111,0
357038e3,ELEC-1073,246,0
3b8cb212,ELEC-1075,239,0
b16d64d9,ELEC-1048,267,0
60afd08f,ELEC-1040,101,0
be35a43e,ELEC-1024,132,1
ccdf8d77,ELEC-1052,316,0
a29843fc,ELEC-1044,48,0
906323cb,ELEC-1020,153,2
711ca8e6,ELEC-1070,126,0
4664968e,ELEC-1087,200,0
86fd2800,ELEC-1046,391,0
a3022aa4,ELEC-1084,373,2
de8bd236,ELEC-1029,144,2
288efd24,ELEC-1032,92,0
88a3caa4,ELEC-1050,13,1
fed9dea9,ELEC-1012,316,0
40267583,ELEC-1016,336,0
b1f6224d,ELEC-1085,370,1
923a2f59,ELEC-1054,297,0
3a12dcdb,ELEC-1022,310,0
be13605d,ELEC-1064,105,0
af9fbe20,ELEC-1097,356,0
e209f90e,ELEC-1086,138,0
239f1114,ELEC-1069,213,0
b2c95ae4,ELEC-1040,221,1
64a9b5fc,ELEC-1077,11,2
19734910,ELEC-1005,53,0
d5a0fcef,ELEC-1039,123,0
58430113,ELEC-1060,104,1
c384c15e,ELEC-1053,171,0
8ccbe5f0,ELEC-1097,27,0
4fd0cddd,ELEC-1041,248,2
4c95e335,ELEC-1017,16,0
50b8e9a7,ELEC-1011,324,0
65d56fea,ELEC-1034,18,0
8527c3cf,ELEC-1062,151,0
ca591ebe,ELEC-1073,55,0
8fc3d4cd,ELEC-1075,37,0
0d8d1765,ELEC-1098,359,0
c1290353,ELEC-1070,361,0
4f437bc3,ELEC-1033,144,0
e7b99c4c,ELEC-1044,364,0
af09646c,ELEC-1039,247,1
03334088,ELEC-1018,156,2
f6e3f075,ELEC-1044,377,0
a6ec730b,ELEC-1085,397,0
362b11ce,ELEC-1073,212,2
89935b72,ELEC-1031,340,0
f1508f88,ELEC-1057,274,0
df63ff4a,ELEC-1010,368,1
6a93bff2,ELEC-1068,369,2
2ee862c7,ELEC-1085,318,2
07253ce5,ELEC-1014,234,0
3dedfdaa,ELEC-1076,210,0
979732b6,ELEC-1088,390,0
7ca1eaf3,ELEC-1033,320,1
c16af371,ELEC-1003,120,1
3644edac,ELEC-1081,298,0
11d593ae,ELEC-1080,183,0
377b51a0,ELEC-1057,361,0
b277926e,ELEC-1060,188,0
bf375712,ELEC-1054,221,0
e6e3c767,ELEC-1050,169,2
976869e9,ELEC-1006,74,0
2d6340e7,ELEC-1054,359,0
548bb5f6,ELEC-1083,231,0
b4d574db,ELEC-1002,10,2
8b5ef4e8,ELEC-1001,365,0
dcb0aebf,ELEC-1049,82,0
e8c35f76,ELEC-1077,211,0
97d24591,ELEC-1058,255,2
9db8b9a8,ELEC-1007,177,1
0256c27f,ELEC-1036,140,0
b21caba8,ELEC-1007,331,0
de30e2cd,ELEC-1062,372,2
a6dd1182,ELEC-1045,351,0
4682dab2,ELEC-1070,396,0
eaaec0dc,ELEC-1055,72,0
141df7f1,ELEC-1048,257,0
f1e42004,ELEC-1018,325,0
a008c1d7,ELEC-1023,97,1
954b2a0e,ELEC-1087,20,0
572d3792,ELEC-1043,368,0
614b4a67,ELEC-1060,87,0
ec04187e,ELEC-1080,76,0
58b5dd02,ELEC-1011,65,0
3b97331f,ELEC-1047,62,0
ac99e59d,ELEC-1029,32,0
a2377ba9,ELEC-1059,183,0
98f8a39c,ELEC-1032,215,0
80fa7031,ELEC-1007,153,0
28ebbec4,ELEC-1096,280,0
059e16c5,ELEC-1055,290,0
5bb618b1,ELEC-1004,13,1
295a5d8c,ELEC-1025,158,2
502758c0,ELEC-1071,127,0
3055f840,ELEC-1092,238,0
7974bee3,ELEC-1034,167,0
73fda05d,ELEC-1044,332,0
f9e00a86,ELEC-1067,309,0
de015c4e,ELEC-1010,337,0
18b7d8a1,ELEC-1098,55,0
d1d8f1b7,ELEC-1092,81,0
59c2205d,ELEC-1030,81,1
5e9d0b8c,ELEC-1057,126,0
7fd678e9,ELEC-1015,138,0
82058475,ELEC-1089,342,0
37db985e,ELEC-1050,180,0
0a3a20bb,ELEC-1079,108,0
4499e778,ELEC-1045,301,0
c631f76c,ELEC-1043,31,0
7985e868,ELEC-1073,396,1
20170230,ELEC-1061,198,0
aeb8ed97,ELEC-1023,353,0
4ca84042,ELEC-1070,388,0
8458712d,ELEC-1046,119,1
44eff1d4,ELEC-1056,330,0
c458e6cd,ELEC-1006,278,0
ae322de9,ELEC-1033,51,0
dc6ce238,ELEC-1002,340,2
b75886ca,ELEC-1005,343,0
23c1e602,ELEC-1038,182,2
6200988f,ELEC-1057,262,0
2ff92902,ELEC-1090,21,0
43e0d560,ELEC-1012,244,2
673a67f3,ELEC-1072,134,0
edc14c53,ELEC-1004,215,0
61e1aca9,ELEC-1058,194,0
8c807522,ELEC-1072,52,0
6a0a44a3,ELEC-1054,172,1
d9c1f276,ELEC-1084,38,1
82491a18,ELEC-1038,65,0
c1157291,ELEC-1052,156,1
a4ab636d,ELEC-1078,342,2
71905fea,ELEC-1074,109,1
1cccad18,ELEC-1085,154,1
80b51969,ELEC-1055,90,0
68ee6d2c,ELEC-1035,18,1
bf57f12a,ELEC-1086,399,0
f8fee7dc,ELEC-1059,44,0
03b8bce8,ELEC-1037,160,0
abaccafa,ELEC-1022,68,0
aab8bc49,ELEC-1065,36,0
f681c69f,ELEC-1087,35,0
11177cac,ELEC-1026,268,1
4f65c1b4,ELEC-1051,27,2
ad11da00,ELEC-1053,148,0
3d45f90e,ELEC-1025,66,0
5814c507,ELEC-1096,305,0
1e1a3b6b,ELEC-1062,314,1
b736b3b1,ELEC-1018,210,0
a61e58e0,ELEC-1074,76,0
30326105,ELEC-1036,378,2
b02d6aea,ELEC-1042,197,2
8aa6d502,ELEC-1035,95,0
d65e1f77,ELEC-1025,288,0
8ce0e6e3,ELEC-1010,278,0
51174ca0,ELEC-1064,388,2
3190855a,ELEC-1044,301,0
1da8a900,ELEC-1002,62,0
377ab4b0,ELEC-1005,134,0
e802cc2d,ELEC-1065,189,2
54c4582d,ELEC-1096,145,0
a45fc07f,ELEC-1055,297,0
7a4a30e8,ELEC-1034,363,0
92e6b8da,ELEC-1022,328,0
f4bca5f3,ELEC-1072,18,0
98821552,ELEC-1034,283,0
2a8e26b9,ELEC-1087,396,0
178610c7,ELEC-1094,338,0
69c5269b,ELEC-1094,390,0
abb048a7,ELEC-1037,330,0
d63b343a,ELEC-1085,57,0
8fa8dc4d,ELEC-1071,217,0
16d0455b,ELEC-1030,391,0
5f32484c,ELEC-1017,167,0
7c5bdf21,ELEC-1031,267,0
9b4354d5,ELEC-1023,95,0
dbb5b74f,ELEC-1006,271,0
01848cd1,ELEC-1016,371,0
803ac541,ELEC-1056,293,2
c050034f,ELEC-1007,215,0
8783ce10,ELEC-1019,324,0
17a40491,ELEC-1038,215,2
e6455b20,ELEC-1035,89,2
70809c28,ELEC-1051,320,0
5c217619,ELEC-1040,373,0
dabe7dac,ELEC-1045,190,0
d5df707f,ELEC-1067,200,0
e3bcd541,ELEC-1095,252,0
f5c2666d,ELEC-1048,88,0
0985350d,ELEC-1096,184,0
60bd8f32,ELEC-1024,212,2
919ccb42,ELEC-1071,72,0
0087513b,ELEC-1041,101,0
accbf36e,ELEC-1066,294,0
17643dc3,ELEC-1020,81,0
5acde26b,ELEC-1076,319,0
7ef92502,ELEC-1092,219,0
429ad472,ELEC-1050,182,2
1f5bea48,ELEC-1084,104,2
0d788014,ELEC-1061,103,0
7e9b9684,ELEC-1096,134,0
37a09e80,ELEC-1039,74,0
1e73dbc0,ELEC-1065,232,2
e222b7a3,ELEC-1054,46,0
03e5f53b,ELEC-1020,86,0
d35c3ecb,ELEC-1022,35,0
c265cdf9,ELEC-1030,372,0
2ca11dc7,ELEC-1000,298,0
886791e0,ELEC-1076,398,0
a0c83558,ELEC-1057,322,2
0b7f59df,ELEC-1017,356,0
0b5d84c2,ELEC-1065,31,0
b39618ee,ELEC-1033,94,2
944192ac,ELEC-1049,328,1
5659ae5f,ELEC-1092,371,0
6e4c82f0,ELEC-1018,64,0
fbdad004,ELEC-1071,297,0
00ef41f1,ELEC-1038,76,0
933ceecb,ELEC-1033,44,0
cd91d2f1,ELEC-1093,333,0
ea194d60,ELEC-1094,214,2
6d7b2d32,ELEC-1004,353,0
26ecf237,ELEC-1030,245,0
f4443706,ELEC-1011,26,0
e88df754,ELEC-1067,306,0
f3a31edc,ELEC-1059,40,1
09d1f448,ELEC-1093,278,0
1108b568,ELEC-1008,251,1
8d505494,ELEC-1039,227,0
10d03d7d,ELEC-1020,393,0
ad0cd090,ELEC-1096,46,0
03332e52,ELEC-1014,325,0
8d941987,ELEC-1071,155,0
adc94692,ELEC-1026,291,0
025f5be1,ELEC-1001,15,0
56a33ba9,ELEC-1056,15,1
135fa720,ELEC-1010,159,0
252d4e14,ELEC-1089,320,0
021a33f1,ELEC-1006,141,0
0a3c3470,ELEC-1030,163,1
e81d81ee,ELEC-1071,126,0
bcf081e7,ELEC-1093,215,0
9246f589,ELEC-1012,54,0
87622003,ELEC-1010,257,0
ff8ff672,ELEC-1034,373,0
41e36edc,ELEC-1085,70,0
89b3bafe,ELEC-1029,174,0
55d25c7d,ELEC-1013,234,0
a0347306,ELEC-1090,368,0
6095fbf3,ELEC-1064,240,0
f389ce0b,ELEC-1051,36,0
079e8cbf,ELEC-1066,284,0
f5fa8187,ELEC-1016,117,2
59075a32,ELEC-1086,215,2
420c6f5b,ELEC-1028,328,0
a83b6e23,ELEC-1036,51,0
dc8bf845,ELEC-1083,43,1
e511bb06,ELEC-1033,236,0
de184d9c,ELEC-1033,114,0
cafcaec1,ELEC-1068,156,0
a8c7917a,ELEC-1051,239,0
26071b43,ELEC-1059,232,0
26003b9c,ELEC-1074,151,0
c7ad54fe,ELEC-1081,362,0
23594714,ELEC-1068,217,0
72c4a6d4,ELEC-1036,168,1
2d01efd6,ELEC-1085,31,0
7ad96a99,ELEC-1026,381,0
a5d50505,ELEC-1052,264,0
4f977112,ELEC-1062,149,0
364bfe84,ELEC-1084,228,2
92b3dc08,ELEC-1010,324,1
91cd3e57,ELEC-1006,268,0
cafb095c,ELEC-1071,208,0
48978da3,ELEC-1003,111,1
31d10d9b,ELEC-1017,316,0
ddfd5e62,ELEC-1093,264,2
e0b542bb,ELEC-1083,147,0
e3754771,ELEC-1083,344,2
8f36c007,ELEC-1011,292,2
2edd9dc1,ELEC-1063,129,0
671e7dbf,ELEC-1060,43,0
a88ee019,ELEC-1056,208,0
0e41a1aa,ELEC-1016,214,0
1e445a30,ELEC-1078,112,1
2a1ed4c4,ELEC-1001,380,0
d1b260ec,ELEC-1027,329,0
ecc17035,ELEC-1011,282,0
0f11d513,ELEC-1073,66,0
50b34539,ELEC-1048,326,1
eb39cdbb,ELEC-1050,216,0
a5cc9a22,ELEC-1065,106,2
7eb51384,ELEC-1001,227,0
6a38cddd,ELEC-1029,249,0
5565ee72,ELEC-1039,165,2
1e7bf37f,ELEC-1005,316,0
c852f226,ELEC-1037,139,0
8d27c81f,ELEC-1092,359,0
327a418a,ELEC-1003,235,0
d17524f0,ELEC-1097,295,0
a6ee3efd,ELEC-1099,67,0
9f4e805f,ELEC-1024,134,0
48f2d325,ELEC-1054,222,2
5b837b9f,ELEC-1055,338,0
ff1f1abc,ELEC-1013,111,0
d53f9b7e,ELEC-1081,390,0
16eba31e,ELEC-1004,153,0
6be654ba,ELEC-1002,258,0
9c74bf24,ELEC-1057,75,0
699583bc,ELEC-1028,129,0
a8a00949,ELEC-1090,396,0
dc415998,ELEC-1052,273,1
3cd5a16b,ELEC-1085,342,0
786606ea,ELEC-1096,57,1
e853c876,ELEC-1055,223,0
7f07af03,ELEC-1069,155,1
43285ff1,ELEC-1022,301,1
63a7535e,ELEC-1086,248,1
071e6af4,ELEC-1089,123,0
c93c61c3,ELEC-1036,304,0
08ce2c21,ELEC-1056,55,0
1220c654,ELEC-1087,372,0
0556b8e1,ELEC-1036,114,0
de7fcc3d,ELEC-1029,11,0
5e82d6aa,ELEC-1064,392,0
dc81edbc,ELEC-1001,184,0
73753991,ELEC-1014,114,0
11a9d7cf,ELEC-1037,74,0
3ff72911,ELEC-1075,382,0
99afa65f,ELEC-1022,313,0
c2871806,ELEC-1051,42,0
ae6c3a51,ELEC-1035,390,0
49998cb1,ELEC-1046,10,1
12050712,ELEC-1013,65,0
4e63a055,ELEC-1027,347,0
13fc29ef,ELEC-1008,124,0
d6b86e47,ELEC-1076,255,0
a4d3fdcf,ELEC-1072,51,0
cee6f6f1,ELEC-1080,374,0
f95743bd,ELEC-1050,152,0
46cb51cd,ELEC-1051,87,0
edc3e510,ELEC-1002,39,0
cb4ae95f,ELEC-1094,13,0
b6c60763,ELEC-1094,364,0
d04ff180,ELEC-1012,88,0
ce8f7d24,ELEC-1039,153,1
459cd61f,ELEC-1091,197,0
a47a8175,ELEC-1068,104,0
97e5b5fc,ELEC-1072,142,0
d2116513,ELEC-1071,17,0
10dbf15f,ELEC-1088,311,0
b47f2c24,ELEC-1038,347,2
0014ff30,ELEC-1089,193,0
d994beb8,ELEC-1013,97,0
696b5d5c,ELEC-1045,239,1
26816f33,ELEC-1063,49,0
84aa4c7a,ELEC-1012,373,0
3cf62340,ELEC-1070,68,0
e8fc33e4,ELEC-1093,35,0
c83117e5,ELEC-1081,186,0
06fc2515,ELEC-1050,248,0
f4bc71b5,ELEC-1061,218,2
948d0e8c,ELEC-1084,35,0
09a8ae5b,ELEC-1031,380,0
fad1133e,ELEC-1026,303,0
00662f24,ELEC-1061,138,0
66b0ca61,ELEC-1012,160,0
5c5a669b,ELEC-1072,84,0
4ce15b45,ELEC-1044,214,0
ac70ba27,ELEC-1011,294,0
3587ea0e,ELEC-1098,310,0
ddbe8b8e,ELEC-1095,225,0
91794e1f,ELEC-1010,92,0
af033946,ELEC-1046,235,2
0bb4bc21,ELEC-1055,146,0
3988e579,ELEC-1075,122,0
8c512b53,ELEC-1066,388,0
ab488500,ELEC-1002,192,0
0b8f9450,ELEC-1013,329,0
a2d837f8,ELEC-1089,308,1
763ac50f,ELEC-1005,166,0
5b505d87,ELEC-1016,379,0
2d261154,ELEC-1028,327,0
fbbeedcf,ELEC-1048,353,0
bf8fb3eb,ELEC-1065,34,2
a22b73ea,ELEC-1096,157,1
ec1848e4,ELEC-1087,386,0
a645e8d6,ELEC-1078,145,0
da18a38d,ELEC-1039,68,1
ce7b83ff,ELEC-1011,242,1
4e4a6cdc,ELEC-1021,308,0
2045bb58,ELEC-1035,279,0
eb8503f7,ELEC-1006,42,1
26c9a753,ELEC-1001,308,0
6788b96a,ELEC-1060,373,0
44fd4d7f,ELEC-1047,340,0
b217fdc8,ELEC-1086,208,0
3dad1746,ELEC-1017,371,0
158b4904,ELEC-1005,278,0
a239bfae,ELEC-1083,299,0
e5436305,ELEC-1077,226,0
fcbf55f7,ELEC-1020,283,0
563951ba,ELEC-1077,101,0
ad8725f9,ELEC-1029,216,0
06c870da,ELEC-1089,202,0
e5a1173d,ELEC-1068,339,0
b807bd06,ELEC-1057,33,0
b7ab48e6,ELEC-1043,370,0
a6fa0bfd,ELEC-1046,45,0
a3f4b358,ELEC-1040,336,0
28565402,ELEC-1029,282,0
8cb1ce15,ELEC-1096,171,0
49d2cd58,ELEC-1030,236,0
ade7ca44,ELEC-1036,346,2
742e2a2e,ELEC-1041,57,0
a3d1ff10,ELEC-1013,45,0
0c260d99,ELEC-1081,153,0
8f9f0751,ELEC-1027,313,0
c9455da0,ELEC-1075,111,0
fc520b88,ELEC-1083,264,2
592d7141,ELEC-1051,348,0
f5c3e8aa,ELEC-1018,357,0
e1dabd73,ELEC-1047,366,0
59057001,ELEC-1031,243,0
cd5e98b3,ELEC-1018,134,2
de56a92e,ELEC-1057,52,0
2d21ba48,ELEC-1065,145,0
4b83bb78,ELEC-1023,107,0
1ec4f1de,ELEC-1039,156,0
7e64e774,ELEC-1005,301,1
b09fd889,ELEC-1041,268,0
5aaf6cf7,ELEC-1008,69,0
c1694ee4,ELEC-1097,303,0
3c1fd274,ELEC-1009,280,0
5b340053,ELEC-1052,384,0
88c161ae,ELEC-1097,378,0
c8207e08,ELEC-1086,76,1
97f87a78,ELEC-1024,331,0
cad9869e,ELEC-1028,239,1
03260aea,ELEC-1095,246,0
dfa521d5,ELEC-1080,172,0
0667337d,ELEC-1059,171,0
810b909c,ELEC-1037,60,0
f3366909,ELEC-1016,95,2
650884b6,ELEC-1038,383,0
57ce2717,ELEC-1053,337,0
e8902de4,ELEC-1038,340,2
63569f92,ELEC-1046,235,1
a0a3f7c1,ELEC-1013,304,0
23303d48,ELEC-1087,126,0
566fe5c0,ELEC-1026,250,0
8d708a4c,ELEC-1065,80,0
21b73029,ELEC-1052,105,0
85be18d9,ELEC-1005,272,0
706137bd,ELEC-1045,30,0
2504bd2e,ELEC-1073,169,0
e401d93b,ELEC-1081,261,0
fc4e37dd,ELEC-1023,301,0
e4b897e4,ELEC-1003,180,0
14aab428,ELEC-1043,92,2
c8b8bd0c,ELEC-1067,223,2
a5b61f32,ELEC-1001,173,0
817623a6,ELEC-1001,291,0
0ce42be7,ELEC-1072,196,0
452ec141,ELEC-1067,204,2
4933d753,ELEC-1009,20,0
bd4824b1,ELEC-1009,329,2
1e84c97e,ELEC-1017,372,0
0fd1121c,ELEC-1009,160,2
b919932c,ELEC-1005,199,0
26a1230a,ELEC-1077,324,2
3231c430,ELEC-1094,372,0
6699a810,ELEC-1011,295,0
0016c374,ELEC-1097,313,0
a2b6bd40,ELEC-1034,43,0
c2e3c46f,ELEC-1078,249,0
7c3e55cf,ELEC-1002,355,0
0ccc85a1,ELEC-1033,274,0
50d60524,ELEC-1066,371,0
65f8b6c3,ELEC-1053,162,0
7ca466d4,ELEC-1077,305,0
dfb8dc7e,ELEC-1030,69,0
a841d13a,ELEC-1073,368,0
68a382fe,ELEC-1068,340,0
8e053a1e,ELEC-1019,119,1
cce3e8e6,ELEC-1036,234,0
f28f7701,ELEC-1075,203,0
d241e109,ELEC-1091,16,0
26af8737,ELEC-1096,332,0
8ad69ec8,ELEC-1064,88,0
792ab3fc,ELEC-1031,60,0
57929f91,ELEC-1080,50,0
83be3bc1,ELEC-1025,56,0
36c3e164,ELEC-1045,349,0
7b683d39,ELEC-1069,71,0
41d777fd,ELEC-1003,132,0
ee398d91,ELEC-1071,302,0
bc15d9a0,ELEC-1019,266,0
69acf003,ELEC-1014,382,0
f6eaba0e,ELEC-1034,65,0
d17f4b09,ELEC-1091,101,0
e3f7d41e,ELEC-1011,28,0
141ed6fc,ELEC-1083,96,2
1fa80046,ELEC-1092,296,0
8a966c55,ELEC-1050,81,0
91340166,ELEC-1096,241,0
0bca47c0,ELEC-1085,382,0
ca1ca3f5,ELEC-1072,373,0
18d91c58,ELEC-1066,147,1
991655df,ELEC-1017,224,1
563418f4,ELEC-1089,357,0
b277fe95,ELEC-1016,394,2
bee841db,ELEC-1037,204,0
83f882cc,ELEC-1023,140,0
6c95b4be,ELEC-1083,133,0
42bdcded,ELEC-1016,291,0
32438754,ELEC-1010,287,0
53f0d6cb,ELEC-1005,161,0
93b72b76,ELEC-1066,320,0
f16cc891,ELEC-1022,52,0
35fb742d,ELEC-1040,150,0
7cf9a8c9,ELEC-1017,71,0
900fd620,ELEC-1051,131,0
7c0c1ac9,ELEC-1097,285,0
1ca11774,ELEC-1063,364,0
1cffd264,ELEC-1017,325,0
c1666068,ELEC-1015,316,0
76358924,ELEC-1039,102,1
f95bbbd7,ELEC-1063,187,0
01a87795,ELEC-1077,197,0
0ef81ceb,ELEC-1002,273,1
6bbac8f1,ELEC-1028,237,0
ddd8569f,ELEC-1036,55,0
b8c698d6,ELEC-1088,323,0
ee263e44,ELEC-1017,79,1
a6859382,ELEC-1047,285,0
14dccb5f,ELEC-1062,55,0
7fa15317,ELEC-1097,180,0
a0ad5e71,ELEC-1091,125,2
715d441a,ELEC-1023,134,0
fcd451d0,ELEC-1026,253,0
f256b068,ELEC-1057,46,0
f134151e,ELEC-1039,12,1
394d7969,ELEC-1004,68,0
e67aba09,ELEC-1097,338,0
ee840b4d,ELEC-1096,301,0
2bfffd32,ELEC-1041,116,0
9b00d93f,ELEC-1006,243,0
e81cc37a,ELEC-1073,115,0
f9b709d4,ELEC-1041,349,0
075c3f41,ELEC-1049,383,0
6b602144,ELEC-1089,21,0
a57bebfc,ELEC-1059,232,0
1d530b3c,ELEC-1058,337,0
761700ed,ELEC-1061,169,0
4356c84e,ELEC-1003,105,0
bef49798,ELEC-1065,342,0
40b64d06,ELEC-1009,91,0
51e791a5,ELEC-1011,369,0
6566fc56,ELEC-1085,96,0
627bf41a,ELEC-1004,31,1
8139116f,ELEC-1063,254,0
2d2d6c35,ELEC-1038,84,0
5b9e2ac9,ELEC-1060,193,0
cbee8c43,ELEC-1080,224,0
7a51bc43,ELEC-1012,178,0
8984938b,ELEC-1082,242,0
1ea6a337,ELEC-1078,108,0
0dd80d0d,ELEC-1069,75,0
c6250dc7,ELEC-1083,136,0
93e8f474,ELEC-1044,364,0
1eb2716d,ELEC-1069,352,0
86c60127,ELEC-1008,249,0
e0fb339d,ELEC-1063,322,1
c619724a,ELEC-1089,211,0
22e4ab07,ELEC-1007,134,0
2150cdfd,ELEC-1012,194,1
d1d0a654,ELEC-1048,113,0
292c78f9,ELEC-1093,87,0
638a0dca,ELEC-1061,335,1
e3cf8535,ELEC-1083,45,2
e1a48463,ELEC-1052,215,0
d636687e,ELEC-1000,264,1
31956f87,ELEC-1066,39,0
70b2e65d,ELEC-1030,150,0
7f7f8ea7,ELEC-1019,125,0
768c3a67,ELEC-1052,168,1
276c1cce,ELEC-1060,248,0
cb265493,ELEC-1052,93,0
65d07a13,ELEC-1092,313,0
b49c2088,ELEC-1039,211,2
7d6b2b80,ELEC-1033,35,0
6c1bf5e4,ELEC-1080,106,1
de1067a9,ELEC-1046,211,0
197b34ad,ELEC-1005,377,0
146459f9,ELEC-1089,209,0
4d75b6fc,ELEC-1065,280,0
6a3ccfb1,ELEC-1005,276,0
c1ff2b5a,ELEC-1049,375,1
7cb58fcd,ELEC-1018,211,2
8e8f539c,ELEC-1024,103,2
e850604a,ELEC-1011,171,0
6d12ba7f,ELEC-1099,364,2
1bbf651a,ELEC-1008,331,1
44612a20,ELEC-1077,141,0
907cee92,ELEC-1064,338,2
23abc8c8,ELEC-1033,293,0
9ddbf5e4,ELEC-1059,150,0
3c1c51c2,ELEC-1033,394,1
36cfb2c1,ELEC-1035,240,0
675afbb3,ELEC-1003,102,1
b6b79c98,ELEC-1002,193,2
eeaed9cf,ELEC-1078,213,2
fbd0421f,ELEC-1095,30,0
318d069a,ELEC-1079,64,0
763eafb9,ELEC-1037,220,0
dda4abd6,ELEC-1016,26,0
787caa60,ELEC-1001,180,2
68e77c4a,ELEC-1016,376,0
bbb3f6d7,ELEC-1093,164,0
e40825dd,ELEC-1078,48,0
cbed50c8,ELEC-1054,192,0
7f718126,ELEC-1008,22,0
88af94c2,ELEC-1054,388,0
d1508514,ELEC-1020,74,0
71816d2a,ELEC-1065,274,0
a6904630,ELEC-1037,81,0
7fd40a0d,ELEC-1008,323,0
1f3bd725,ELEC-1072,292,0
ec30e924,ELEC-1050,331,0
9842c11c,ELEC-1038,13,0
d8473e69,ELEC-1034,239,0
10c8536e,ELEC-1063,325,0
3d98bec4,ELEC-1009,265,2
4ea9d1f3,ELEC-1027,351,0
9aa82cb2,ELEC-1048,78,0
f7ba3b5b,ELEC-1088,108,0
fbd20407,ELEC-1089,21,0
af8ed3db,ELEC-1035,369,0
5af760ce,ELEC-1024,380,0
57de7816,ELEC-1047,242,0
7342e744,ELEC-1040,31,1
69d8303a,ELEC-1087,91,0
d7c9a940,ELEC-1006,38,0
eb8c713f,ELEC-1017,394,0
1e5e3025,ELEC-1054,374,0
f5c4b139,ELEC-1068,103,0
3a4ae0bc,ELEC-1086,362,0
891114aa,ELEC-1093,363,0
8406e37c,ELEC-1036,124,0
aa2aaa47,ELEC-1051,139,0
491a23c6,ELEC-1036,325,0
230af051,ELEC-1073,350,0
b74f7538,ELEC-1055,32,0
d2609626,ELEC-1006,253,0
ca4e0e8e,ELEC-1097,212,0
3d9cd46c,ELEC-1096,140,0
8b6abdb5,ELEC-1044,232,0
4c5edc5f,ELEC-1056,345,0
4361681a,ELEC-1055,303,2
704948c1,ELEC-1064,215,1
9896a12a,ELEC-1048,362,0
a68dc191,ELEC-1070,386,0
9e67fd30,ELEC-1040,100,0
a3cc20ef,ELEC-1067,130,2
1805eb01,ELEC-1088,292,1
68b2cb03,ELEC-1094,185,2
01359614,ELEC-1085,255,0
7e5efa44,ELEC-1045,352,1
c9628b2a,ELEC-1068,53,0
3b5e3e39,ELEC-1027,28,0
1deee88b,ELEC-1084,385,2
f04c6f47,ELEC-1028,83,1
de25d128,ELEC-1060,62,0
c7da7dd8,ELEC-1010,265,0
ed19a20d,ELEC-1078,314,0
2d4dce5e,ELEC-1093,219,1
303bf08f,ELEC-1029,305,0
9221ca1d,ELEC-1040,190,0
90d45bda,ELEC-1024,297,0
392f84ff,ELEC-1040,149,1
f4a70817,ELEC-1046,396,1
f61fab66,ELEC-1057,366,0
1dfa9bfd,ELEC-1091,257,0
1d2a2126,ELEC-1075,398,0
b0c9ac2c,ELEC-1059,134,0
2afd9411,ELEC-1086,168,0
4d77a285,ELEC-1095,255,0
433420a0,ELEC-1014,323,0
036823bf,ELEC-1073,181,0
07728c9a,ELEC-1042,312,0
369dbf12,ELEC-1016,381,0
5e556b83,ELEC-1037,38,0
579ba403,ELEC-1075,242,0
2fb5e299,ELEC-1054,306,1
8eeec426,ELEC-1056,45,0
9dedb2e7,ELEC-1038,298,0
fb0049bc,ELEC-1059,120,1
1fe90f0b,ELEC-1027,126,0
2ef4e1cb,ELEC-1014,65,0
9c9b105c,ELEC-1092,169,0
a5b77b6c,ELEC-1023,112,0
4e327106,ELEC-1065,139,0
5d47b254,ELEC-1056,97,1
66c9b583,ELEC-1063,21,0
099b6a58,ELEC-1072,334,0
bd3f74e4,ELEC-1045,171,0
7d406d80,ELEC-1015,277,0
cd67f81f,ELEC-1065,383,0
4106efc2,ELEC-1021,393,0
c359ac07,ELEC-1040,264,0
4df7f2f3,ELEC-1059,259,0
575fe336,ELEC-1039,112,0
8059814a,ELEC-1030,148,0
0e7f32f4,ELEC-1095,203,0
1e52397b,ELEC-1012,230,0
3a05ad85,ELEC-1003,305,1
c33a48c8,ELEC-1090,96,0
6ec55d00,ELEC-1099,118,0
fc8e5309,ELEC-1017,376,0
d6d7d98a,ELEC-1084,52,2
6a09f0b0,ELEC-1004,282,0
4197f4eb,ELEC-1093,274,0
7d92c165,ELEC-1066,101,0
5e4e19b3,ELEC-1057,385,0
a004bdd0,ELEC-1050,115,0
dc703ae2,ELEC-1036,26,0
04a98511,ELEC-1089,101,0
792a8db3,ELEC-1063,313,2
44aad257,ELEC-1084,109,0
83d88b76,ELEC-1091,70,0
dc09c496,ELEC-1033,73,0
9cbc9bfa,ELEC-1049,129,0
e63082fe,ELEC-1006,126,0
1a473524,ELEC-1022,101,0
532c5f3b,ELEC-1049,316,0
727d7f1c,ELEC-1000,322,0
b22c11c5,ELEC-1061,53,0
62686321,ELEC-1079,71,0
0e9fc73f,ELEC-1048,135,0
30d0da58,ELEC-1055,62,0
a1576350,ELEC-1075,152,0
7be00bb1,ELEC-1050,153,2
60552261,ELEC-1029,20,0
16805aa5,ELEC-1008,161,0
5a95de97,ELEC-1068,396,1
661a5edd,ELEC-1073,339,0
3fa36500,ELEC-1070,107,0
ad51f174,ELEC-1095,310,0
6051c002,ELEC-1010,274,0
1a123908,ELEC-1001,357,2
bdf24898,ELEC-1093,127,2
052d35f9,ELEC-1000,347,2
6f6e15d2,ELEC-1093,173,0
97c91883,ELEC-1007,313,0
377aa3d0,ELEC-1075,220,0
54b460e4,ELEC-1062,346,2
6e32a66b,ELEC-1084,342,0
30d34a73,ELEC-1017,139,0
c4e3644d,ELEC-1080,255,0
bf14b53c,ELEC-1049,89,0
fdc49850,ELEC-1052,55,0
e9ddfd67,ELEC-1081,337,0
75fb526f,ELEC-1093,240,0
6e01e55b,ELEC-1045,68,0
588a7462,ELEC-1008,23,1
86a033b6,ELEC-1013,258,0
3545877f,ELEC-1028,136,0
654520df,ELEC-1084,207,0
5193eb59,ELEC-1097,164,0
2513f3eb,ELEC-1036,175,0
10712a3b,ELEC-1004,276,0
6523c6eb,ELEC-1051,194,0
ca700fd9,ELEC-1061,318,1
475bb8a2,ELEC-1001,300,0
94318868,ELEC-1014,218,0
479612dc,ELEC-1039,42,1
b47bf5d2,ELEC-1089,56,0
2b254a8a,ELEC-1058,61,0
12e76dd2,ELEC-1008,207,0
efd70dbc,ELEC-1010,383,0
8228366b,ELEC-1061,262,2
f6fb2bb0,ELEC-1066,247,0
87db830d,ELEC-1078,50,0
06d93676,ELEC-1010,309,0
bbfe1c2f,ELEC-1009,158,0
347ffa4d,ELEC-1089,250,0
36c71393,ELEC-1029,144,2
5c951935,ELEC-1084,385,1
b7cdb8c4,ELEC-1001,354,0
df320285,ELEC-1077,15,0
5adba471,ELEC-1052,274,0
80d3fcf1,ELEC-1048,347,0
031ba158,ELEC-1088,355,1
7cee6185,ELEC-1026,53,0
1b9184b4,ELEC-1076,70,0
21c7c91a,ELEC-1029,343,0
745cc66d,ELEC-1001,180,0
9f4daa0c,ELEC-1085,243,0
2eef6e0e,ELEC-1054,176,0
050d3955,ELEC-1060,33,0
40c29936,ELEC-1054,50,1
10f6c7ca,ELEC-1002,101,1
158b35f4,ELEC-1043,355,0
221ccffb,ELEC-1027,140,0
e2fce64e,ELEC-1060,243,2
ec8e7090,ELEC-1016,358,0
9fcae53b,ELEC-1094,125,2
25fe43cd,ELEC-1073,367,0
dd12ec2f,ELEC-1069,286,2
b990c485,ELEC-1079,312,0
54c16717,ELEC-1078,55,0
ed582333,ELEC-1084,123,0
e6106bf0,ELEC-1058,148,0
7cb4d4f6,ELEC-1085,193,0
3728af55,ELEC-1003,123,0
22b8b266,ELEC-1059,184,0
9461a232,ELEC-1023,246,0
6e4c0a67,ELEC-1060,38,0
fcb99520,ELEC-1096,28,0
5dae928b,ELEC-1004,153,0
018db5df,ELEC-1062,152,0
af87c73a,ELEC-1092,353,0
7a6ea164,ELEC-1051,179,0
9e8fa360,ELEC-1099,213,0
b691c812,ELEC-1084,371,1
cf2579da,ELEC-1009,227,1
419abe20,ELEC-1058,390,0
c3a07ac7,ELEC-1086,57,2
0a65776f,ELEC-1090,309,0
41e77776,ELEC-1059,368,0
a0b7dad2,ELEC-1053,274,0
8ea91651,ELEC-1024,158,0
2fcb2067,ELEC-1004,377,0
971122dc,ELEC-1004,101,0
4256f6a1,ELEC-1005,80,0
5c33c8ff,ELEC-1063,124,0
74f1e288,ELEC-1094,329,0
85896236,ELEC-1038,172,0
653ea566,ELEC-1013,14,1
59d6d608,ELEC-1093,219,1
4c5e3570,ELEC-1051,392,0
bbcd927c,ELEC-1026,338,0
16d4c121,ELEC-1021,100,0
46b7a682,ELEC-1054,299,2
1d4b7e61,ELEC-1081,330,0
0506ae0e,ELEC-1082,263,0
876c922e,ELEC-1064,130,0
b5fd1f7e,ELEC-1043,308,0
9d2fef94,ELEC-1060,345,2
a13b11c3,ELEC-1060,320,0
86483629,ELEC-1097,357,0
28f2af7d,ELEC-1076,95,1
e79a5149,ELEC-1019,130,0
c1d05c7c,ELEC-1010,72,0
c43eb7e5,ELEC-1021,250,0
c05e6d1e,ELEC-1074,261,0
d3d4efda,ELEC-1086,292,2
f7258fa7,ELEC-1095,148,0
c307f2c9,ELEC-1019,240,0
6c2b83fd,ELEC-1089,182,0
fd3ff552,ELEC-1007,313,0
9cb8992c,ELEC-1074,280,1
ffdc4ec6,ELEC-1002,97,0
1b268e27,ELEC-1078,317,2
2ad01583,ELEC-1057,382,0
2c19a7cb,ELEC-1043,298,2
608c12ac,ELEC-1007,360,0
a418b7c6,ELEC-1070,148,0
796b59e8,ELEC-1031,211,0
8cbde813,ELEC-1007,291,0
fd445446,ELEC-1027,156,0
1fbf06cb,ELEC-1088,185,0
acf4ef75,ELEC-1094,13,0
c1403370,ELEC-1040,99,0
9c4b6181,ELEC-1007,328,0
c2e85358,ELEC-1000,73,0
566ae346,ELEC-1017,194,0
c549ac8a,ELEC-1003,17,1
03300db7,ELEC-1097,396,0
f49770a8,ELEC-1097,26,2
0c1bd56d,ELEC-1077,338,0
4191cb6c,ELEC-1056,121,0
cfc01339,ELEC-1095,239,0
8b187fab,ELEC-1080,323,0
122d2ee6,ELEC-1094,39,0
53088260,ELEC-1084,122,1
f73249bb,ELEC-1011,16,0
9f4aa1a0,ELEC-1031,24,0
7fdf8af0,ELEC-1013,172,0
bb361fcb,ELEC-1033,151,0
5d1b5987,ELEC-1031,143,0
018dfef1,ELEC-1009,388,1
47de3de4,ELEC-1053,18,0
9c0d82f9,ELEC-1066,12,0
88f08612,ELEC-1094,258,0
f83aeac8,ELEC-1081,138,0
46cd7b5d,ELEC-1085,57,0
0a779ea2,ELEC-1045,69,0
034b73a3,ELEC-1053,141,0
2f7dd024,ELEC-1074,184,2
49d594ce,ELEC-1046,48,0
46cd5845,ELEC-1003,314,0
c8791c44,ELEC-1027,63,0
feabc698,ELEC-1076,306,0
341cd3a8,ELEC-1094,369,0
4f15bd21,ELEC-1000,77,0
05dd1cbc,ELEC-1068,117,0
526e2aa2,ELEC-1071,290,0
690c0b47,ELEC-1034,388,0
57471186,ELEC-1016,36,0
7e29853f,ELEC-1053,121,0
9d8bc4ff,ELEC-1046,350,0
70df41f4,ELEC-1012,305,0
0a0fbce3,ELEC-1055,56,0
c4e11303,ELEC-1014,220,0
f072b259,ELEC-1088,304,0
c34ba25a,ELEC-1004,201,1
33c2a327,ELEC-1054,336,0
f19ca9a7,ELEC-1089,107,0
ef3a56d9,ELEC-1012,215,0
4264c812,ELEC-1086,206,1
80e89879,ELEC-1044,399,0
91eaa6a7,ELEC-1035,152,2
40dcc1d7,ELEC-1005,290,0
b6e4d4bc,ELEC-1069,392,0
b4eabe23,ELEC-1075,216,2
ea219a36,ELEC-1090,180,1
16926e4b,ELEC-1081,328,0
b35777cc,ELEC-1032,243,0
6b613a2f,ELEC-1047,194,0
fa77dff1,ELEC-1063,172,1
eaaf077a,ELEC-1064,241,0
ca02a9de,ELEC-1000,15,0
78d64f18,ELEC-1073,120,0
1358a57d,ELEC-1053,145,0
e6931d2e,ELEC-1065,332,0
f8a4d20a,ELEC-1027,371,0
9c168f94,ELEC-1097,274,1
072594c9,ELEC-1097,200,0
32470df2,ELEC-1018,350,1
673504ed,ELEC-1040,60,0
5d9dfbad,ELEC-1049,330,2
ecc9d2ac,ELEC-1066,113,0
cc69bc6c,ELEC-1037,141,0
79f3b0e0,ELEC-1012,275,2
d748f59d,ELEC-1020,205,0
21f2354d,ELEC-1073,29,2
802b3b66,ELEC-1006,211,0
43229dfb,ELEC-1082,78,0
2979ed17,ELEC-1034,89,0
19354c08,ELEC-1000,254,0
43dcacae,ELEC-1088,87,0
ddeecb89,ELEC-1000,322,0
ee9be99a,ELEC-1064,74,0
aa55e966,ELEC-1019,11,0
c29bf060,ELEC-1029,66,2
fa9eea83,ELEC-1082,198,0
aeef0c47,ELEC-1092,279,0
ff2fe5c1,ELEC-1019,60,0
e8f6019f,ELEC-1014,82,0
95e9e4a0,ELEC-1019,148,0
fb2d8fc0,ELEC-1039,316,2
6a3e8a3d,ELEC-1041,292,1
4a7ed024,ELEC-1017,272,0
79a9dc14,ELEC-1078,81,0
915327fa,ELEC-1097,227,0
70dbcd1c,ELEC-1052,282,0
7449ca65,ELEC-1015,321,0
d36e5920,ELEC-1042,242,0
49cd353b,ELEC-1043,65,1
2040902e,ELEC-1057,34,2
78e96470,ELEC-1001,222,0
292b2b4b,ELEC-1074,381,0
e241af79,ELEC-1039,39,2
1bd8f543,ELEC-1012,386,0
6a9f434c,ELEC-1082,70,0
a510803d,ELEC-1006,397,2
aec6380c,ELEC-1078,105,1
4ee1dd51,ELEC-1074,178,0
9a178bed,ELEC-1089,39,0
9be719dc,ELEC-1028,337,0
f2fdaecc,ELEC-1043,128,0
704369d5,ELEC-1098,76,0
78f7f67a,ELEC-1055,376,1
576eaad1,ELEC-1083,37,2
ba4870f0,ELEC-1006,362,1
3c40e265,ELEC-1034,117,0
e87a5f0c,ELEC-1016,58,0
a0f27dda,ELEC-1074,346,0
805485ac,ELEC-1051,331,0
b75cee7f,ELEC-1058,367,1
7201964c,ELEC-1010,166,0
15baacdc,ELEC-1010,119,0
f227d0d8,ELEC-1081,134,2
553aa226,ELEC-1080,149,0
84a24711,ELEC-1068,312,0
4576e2d9,ELEC-1024,319,0
b84cd748,ELEC-1020,136,0
465ca33a,ELEC-1008,392,0
d9662ee6,ELEC-1015,191,1
802a1803,ELEC-1053,40,0
256da64c,ELEC-1036,48,0
46906486,ELEC-1052,330,0
510da8f1,ELEC-1066,392,0
7be26557,ELEC-1087,119,0
9be415b1,ELEC-1021,308,0
9ec02ead,ELEC-1019,268,0
58201af1,ELEC-1029,196,0
7e97158b,ELEC-1014,116,0
1ce34b6c,ELEC-1015,279,0
a3c06cce,ELEC-1094,48,0
5cf95516,ELEC-1084,284,0
c9319374,ELEC-1082,171,2
97318340,ELEC-1070,122,1
cf8747cb,ELEC-1076,257,0
25ffab0b,ELEC-1038,399,2
42b5af90,ELEC-1083,324,0
1022a850,ELEC-1010,356,0
86dce961,ELEC-1051,306,0
345c8fef,ELEC-1016,110,0
95c72f0c,ELEC-1009,292,0
a4ec4bf4,ELEC-1063,246,0
6a18875e,ELEC-1060,144,0
c804845a,ELEC-1078,22,2
5aa2837f,ELEC-1037,209,0
bc6a2c75,ELEC-1016,96,2
e28b1c34,ELEC-1057,258,0
439f432f,ELEC-1060,24,2
9e9d4ad2,ELEC-1076,238,0
e1e8af23,ELEC-1088,19,0
3358403a,ELEC-1063,95,0
77eed3f7,ELEC-1021,131,1
f06425f5,ELEC-1094,332,0
67d472bb,ELEC-1016,271,0
1dc16845,ELEC-1006,65,0
0110c6b9,ELEC-1086,94,0
525ae458,ELEC-1000,116,0
729806b2,ELEC-1093,328,0
362b2523,ELEC-1058,318,0
1e7d4b0b,ELEC-1080,57,0
0be27063,ELEC-1087,138,0
9f2ef0eb,ELEC-1034,344,2
3fd7b844,ELEC-1034,124,0
6f4b2dde,ELEC-1006,376,2
41db00b1,ELEC-1007,170,0
8c053803,ELEC-1031,29,0
9762adfd,ELEC-1011,228,2
2a2dea12,ELEC-1004,159,0
5497e1c0,ELEC-1082,229,0
9604521b,ELEC-1000,347,0
1925f592,ELEC-1093,133,0
bb8d3bae,ELEC-1098,385,0
3448b8db,ELEC-1041,392,0
3555b777,ELEC-1037,238,0
89403403,ELEC-1045,150,0
7f0dac44,ELEC-1061,226,0
6cacb29d,ELEC-1059,189,0
56811b3e,ELEC-1088,305,2
ce72486b,ELEC-1042,225,0
6f5eddaa,ELEC-1081,224,0
5180328d,ELEC-1074,221,0
b16fe292,ELEC-1049,153,1
b86176e0,ELEC-1053,151,0
3385c44b,ELEC-1095,298,0
5c594d98,ELEC-1047,325,0
c11d2cdc,ELEC-1091,276,2
146969e5,ELEC-1018,190,1
dfdb7b4c,ELEC-1030,160,0
5c56ea40,ELEC-1058,279,2
b2287145,ELEC-1036,324,1
53201462,ELEC-1011,311,0
61fbb7af,ELEC-1009,231,1
ddefa2cf,ELEC-1026,97,0
7759c084,ELEC-1083,51,0
c09fb207,ELEC-1068,30,0
4d80e620,ELEC-1082,250,0
ab7a4f3f,ELEC-1050,278,2
9dd4c1a0,ELEC-1086,269,0
a3dd46b9,ELEC-1035,221,0
7c74e59f,ELEC-1081,206,0
a892c0d9,ELEC-1079,97,0
e4c2e344,ELEC-1030,287,0
1c12a635,ELEC-1088,77,0
b9b7219f,ELEC-1071,69,0
d5de855f,ELEC-1081,118,0
883cc20e,ELEC-1088,11,2
1dfd38ad,ELEC-1089,80,1
0d0b302f,ELEC-1042,329,0
0e11ca97,ELEC-1046,365,0
ecf7730c,ELEC-1084,47,0
471a5974,ELEC-1023,37,0
3c559036,ELEC-1060,364,0
387e60c5,ELEC-1073,321,2
8a52fd8d,ELEC-1003,245,0
445a0a13,ELEC-1014,306,1
fe344a26,ELEC-1065,62,2
ace1dd68,ELEC-1000,315,0
39ada7c6,ELEC-1071,322,0
458cc97a,ELEC-1070,190,2
6a571bcd,ELEC-1057,229,0
f0a4214f,ELEC-1018,200,2
a70a8993,ELEC-1020,338,0
18fd778c,ELEC-1063,228,1
a935a5c0,ELEC-1064,42,0
8792175e,ELEC-1050,159,0
79880978,ELEC-1046,81,0
1398780a,ELEC-1096,154,0
245097a8,ELEC-1045,283,1
93e70cdf,ELEC-1026,148,0
1a8dcbf7,ELEC-1088,293,0
bb13f42b,ELEC-1017,56,0
e1931390,ELEC-1027,334,0
efb08033,ELEC-1069,226,0
77b59ba8,ELEC-1095,270,0
111d2946,ELEC-1072,287,0
d2368169,ELEC-1053,385,0
fb8c6afb,ELEC-1027,203,1
ea6601e5,ELEC-1016,302,2
2a6000b3,ELEC-1025,192,0
04595e6d,ELEC-1027,209,0
a589851e,ELEC-1069,136,0
08434d7f,ELEC-1084,340,0
45a47033,ELEC-1064,380,0
e61f0842,ELEC-1036,262,0
17fac600,ELEC-1023,325,2
7f8da117,ELEC-1098,245,0
b8d175e5,ELEC-1079,178,0
6cb29982,ELEC-1071,262,0
60cf90c0,ELEC-1011,312,1
5d61d46c,ELEC-1061,266,0
eed98e81,ELEC-1002,105,0
98536840,ELEC-1012,64,0
096eae9b,ELEC-1033,302,0
1ec6d237,ELEC-1045,306,0
ca8e8fdf,ELEC-1003,351,1
cb8a4fca,ELEC-1073,374,0
06eed3e0,ELEC-1068,336,1
69433f35,ELEC-1059,317,0
4b3f31d3,ELEC-1024,284,0
2a0f727c,ELEC-1034,386,0
155f0454,ELEC-1083,161,2
2f23c5ad,ELEC-1039,397,1
d26c4ca3,ELEC-1038,168,0
41bd9273,ELEC-1058,104,0
f0c6f2a5,ELEC-1022,184,1
abb16304,ELEC-1029,357,0
4edab7dc,ELEC-1005,160,0
821cf42f,ELEC-1027,287,0
b2ab875c,ELEC-1027,146,0
845900c5,ELEC-1086,92,2
f8d2fc1c,ELEC-1024,245,0
b71e4dbe,ELEC-1054,213,0
33da9892,ELEC-1066,366,0
0940c8f5,ELEC-1053,324,0
078243d7,ELEC-1068,382,2
e7c8bcba,ELEC-1006,264,0
0ef18f52,ELEC-1055,396,0
05cce7eb,ELEC-1024,290,0
16a9ba85,ELEC-1037,52,0
cb70a043,ELEC-1045,291,1
1fe43c4d,ELEC-1048,67,0
64ae022a,ELEC-1093,349,0
ffa1a867,ELEC-1059,308,0
0077197d,ELEC-1013,60,0
28eaa02f,ELEC-1071,377,0
61ee9d1c,ELEC-1058,329,0
c8fe17bb,ELEC-1040,195,0
eb522f73,ELEC-1090,203,0
79f490e4,ELEC-1028,277,0
1e38f8f5,ELEC-1090,253,1
2e03d335,ELEC-1007,145,0
a44bdbfe,ELEC-1062,356,0
b2d91d4e,ELEC-1050,359,2
4fcd22bb,ELEC-1010,301,1
a09f8cb2,ELEC-1053,109,1
c5a53e4a,ELEC-1089,316,0
1486d79e,ELEC-1069,361,0
f355dd08,ELEC-1097,396,0
276440ce,ELEC-1055,313,0
76506491,ELEC-1013,58,0
f59aaf46,ELEC-1076,73,0
1ae1e1c5,ELEC-1023,23,0
bc18b713,ELEC-1017,47,0
b3341e92,ELEC-1098,296,1
6b692a0e,ELEC-1056,107,0
d30402e6,ELEC-1054,119,0
526b0382,ELEC-1042,59,0
88791226,ELEC-1001,361,1
9fba90da,ELEC-1057,36,0
6be73544,ELEC-1048,199,0
e403b164,ELEC-1046,355,1
bf6bcfa7,ELEC-1046,98,0
daabae2d,ELEC-1081,168,0
3c015c55,ELEC-1032,202,0
0dd182b1,ELEC-1081,212,2
0c9d5161,ELEC-1030,28,0
0575b038,ELEC-1090,87,2
688c5a77,ELEC-1062,316,0
27efee8e,ELEC-1011,99,2
6e4bcc2a,ELEC-1053,23,1
c8c7def4,ELEC-1021,278,0
b3dd7bdb,ELEC-1028,92,2
6e89fa4c,ELEC-1013,46,0
bf9222a5,ELEC-1085,311,0
8168e6b0,ELEC-1072,132,0
15a3e121,ELEC-1040,219,0
deb18d39,ELEC-1051,377,0
8ad7247a,ELEC-1027,193,1
c0f5f349,ELEC-1044,250,0
470937b8,ELEC-1087,28,0
16c9ec9d,ELEC-1070,172,0
e1591bdd,ELEC-1034,265,2
4a799e4c,ELEC-1049,366,0
a1546282,ELEC-1034,234,0
83cd3eb3,ELEC-1031,167,0
6d5b313a,ELEC-1037,116,0
7a28b411,ELEC-1068,270,0
d5f7ba3c,ELEC-1067,73,1
c1c52df2,ELEC-1098,368,0
49b1ca7a,ELEC-1081,373,2
f86a2963,ELEC-1095,379,0
8a98adb3,ELEC-1010,70,0
0b05edd3,ELEC-1097,43,1
46c148e3,ELEC-1022,31,1
5cbac82d,ELEC-1003,57,0
9929a83d,ELEC-1063,208,0
e90623d3,ELEC-1099,165,0
5855bc64,ELEC-1051,386,2
eaa890c0,ELEC-1037,31,0
76764901,ELEC-1049,103,2
aa862072,ELEC-1087,213,1
e12e82b4,ELEC-1088,350,0
fff46d02,ELEC-1091,68,0
a3f2aad1,ELEC-1007,295,0
6dd3ea20,ELEC-1047,15,0
eb72ce83,ELEC-1077,287,0
4d09dfbe,ELEC-1061,297,0
fab0d1ed,ELEC-1091,69,0
ca83fbdd,ELEC-1016,60,2
7248cdcb,ELEC-1072,41,0
d1e16e69,ELEC-1008,125,0
31059d50,ELEC-1098,130,0
a671e68b,ELEC-1008,164,0
9e42a09e,ELEC-1093,95,0
efe4f6e7,ELEC-1046,324,0
14f1002b,ELEC-1003,364,0
4753d9a3,ELEC-1053,142,0
e194458f,ELEC-1041,214,2
c5e56b8c,ELEC-1023,156,0
8b8711ab,ELEC-1014,288,1
0a19c92b,ELEC-1023,150,0
127055de,ELEC-1050,74,0
59b4d6fb,ELEC-1065,84,0
a57945cc,ELEC-1074,244,0
6f8d3079,ELEC-1055,107,0
bbfef959,ELEC-1038,261,2
bc204001,ELEC-1030,297,0
90bc875b,ELEC-1075,252,0
21095b60,ELEC-1071,393,0
11844990,ELEC-1030,279,0
36d3b288,ELEC-1086,320,0
1cf82f30,ELEC-1026,392,0
2b6cef65,ELEC-1016,65,0
ab9bbcf0,ELEC-1022,131,0
9c9249eb,ELEC-1095,19,0
ea65946b,ELEC-1087,87,0
eeb30c6b,ELEC-1045,282,0
caf1c144,ELEC-1075,172,0
431b9385,ELEC-1074,172,0
f9ae4940,ELEC-1075,68,2
ebdaa94b,ELEC-1085,257,0
6657d79f,ELEC-1043,29,0
96ca5560,ELEC-1075,139,0
97eb5f59,ELEC-1032,116,0
2062257b,ELEC-1062,161,1
bbcb18a1,ELEC-1024,338,0
e85596ce,ELEC-1030,138,0
3ecb9331,ELEC-1069,353,0
8e656abe,ELEC-1030,229,0
fb3be41b,ELEC-1013,135,1
198ed0b6,ELEC-1008,335,0
6b4cf685,ELEC-1016,81,1
bee5daca,ELEC-1008,74,0
5f050ef3,ELEC-1011,167,2
65ea45d9,ELEC-1001,346,0
08f957d9,ELEC-1046,219,0
2dcdddaf,ELEC-1092,145,0
b90ae3a7,ELEC-1050,392,0
5c782af0,ELEC-1084,309,0
92753d93,ELEC-1079,307,0
8bebad64,ELEC-1040,327,0
53bdc7d2,ELEC-1074,99,0
93c2ead8,ELEC-1094,390,0
8dfc452b,ELEC-1047,10,0
5a3ef349,ELEC-1005,15,0
db759539,ELEC-1002,389,0
d0a5667a,ELEC-1024,278,0
67edb740,ELEC-1020,38,0
2217fb7c,ELEC-1029,155,0
94ba817d,ELEC-1028,349,0
2c6faa88,ELEC-1034,153,0
b44a1c93,ELEC-1085,135,0
8061689f,ELEC-1081,376,0
0e9ecbf0,ELEC-1059,17,0
0cd2014c,ELEC-1083,98,2
e400c35c,ELEC-1000,154,0
37a1ddbb,ELEC-1078,103,0
39bbe000,ELEC-1018,108,1
6c0e614b,ELEC-1039,328,0
343b2883,ELEC-1005,66,0
0d830d68,ELEC-1003,48,0
5259fcb2,ELEC-1075,330,0
da15dd8f,ELEC-1068,332,0
4006071a,ELEC-1090,320,1
3ec11b5f,ELEC-1062,342,0
d5c60762,ELEC-1053,239,2
5e847142,ELEC-1036,302,2
c2cc69a1,ELEC-1068,21,0
83d2a31e,ELEC-1089,101,0
bffcf312,ELEC-1065,180,0
922a97f7,ELEC-1056,106,0
fe99b5b2,ELEC-1025,249,0
de1f99b8,ELEC-1064,258,0
f878d196,ELEC-1033,188,0
bc9e9b08,ELEC-1041,64,2
cbe696d5,ELEC-1011,31,0
b7b71d00,ELEC-1061,127,0
4c2c2268,ELEC-1089,195,0
cbbf7f6b,ELEC-1050,92,0
42963098,ELEC-1008,15,0
ea477b7c,ELEC-1050,368,0
cf5e094c,ELEC-1054,195,0
a751bdcc,ELEC-1071,117,1
8c35594b,ELEC-1035,62,0
c70a683f,ELEC-1037,323,0
90b9fe95,ELEC-1003,169,0
eea8b238,ELEC-1057,307,1
97a792e4,ELEC-1062,182,2
2e23b3f4,ELEC-1056,118,0
f468937f,ELEC-1092,297,0
fbe72435,ELEC-1066,341,0
62223fd5,ELEC-1047,118,0
336967eb,ELEC-1049,54,0
f8c1dd88,ELEC-1060,48,0
a97ff4f3,ELEC-1050,192,0
2718fa0e,ELEC-1037,241,1
f831a6d3,ELEC-1035,221,1
768c6da7,ELEC-1022,50,0
c689ec4c,ELEC-1025,302,0
1ff7672d,ELEC-1017,255,0
82a5ce08,ELEC-1003,303,2
49202fc9,ELEC-1076,117,0
ac6f67ce,ELEC-1039,17,0
3fbb012e,ELEC-1096,360,2
e3a4195c,ELEC-1008,312,1
54d14dcd,ELEC-1055,157,0
f52357c5,ELEC-1081,277,0
32c7cd52,ELEC-1079,74,0
392ea4e6,ELEC-1035,259,0
ef363d0b,ELEC-1066,131,0
85ff0345,ELEC-1042,49,0
97494f6f,ELEC-1025,56,0
64a7e935,ELEC-1045,323,0
58e34440,ELEC-1006,274,0
bfd9de41,ELEC-1062,307,2
904a5148,ELEC-1007,320,0
e42a58ca,ELEC-1079,117,1
9a416396,ELEC-1076,47,1
8d856b22,ELEC-1052,219,0
c8b8433a,ELEC-1062,69,0
338ae8e0,ELEC-1052,264,1
67a09907,ELEC-1076,234,0
c56584b9,ELEC-1049,266,0
6f725ea0,ELEC-1048,311,0
78115cf3,ELEC-1051,43,0
5235f56b,ELEC-1042,90,0
30639a0c,ELEC-1081,287,0
f71e56cb,ELEC-1096,351,0
def6c808,ELEC-1043,259,0
6e7ba832,ELEC-1011,119,0
6006afae,ELEC-1061,46,2
c83ae1ac,ELEC-1075,392,0
18064082,ELEC-1077,154,0
1ceda282,ELEC-1049,235,1
ed0b8b55,ELEC-1098,350,0
3628a0d3,ELEC-1041,373,0
9acf1c95,ELEC-1079,396,0
8b7c53fd,ELEC-1046,211,0
8753def1,ELEC-1030,264,0
f20924fa,ELEC-1039,333,0
9e65af1d,ELEC-1054,322,0
eba7c245,ELEC-1061,225,0
a131781d,ELEC-1089,133,0
3f736b5c,ELEC-1077,123,2
b0eb013b,ELEC-1092,19,0
84290451,ELEC-1029,213,0
3a66273e,ELEC-1034,122,0
b3f8034f,ELEC-1082,250,0
11b52240,ELEC-1024,157,2
228e184b,ELEC-1083,342,0
16f9c9d1,ELEC-1049,360,2
a946b816,ELEC-1032,215,0
8c1d701c,ELEC-1098,158,0
da053f2e,ELEC-1018,306,0
e1cd0295,ELEC-1026,193,0
6180e9c4,ELEC-1074,189,0
d8dcb717,ELEC-1017,306,0
2f86c86f,ELEC-1035,342,0
9389e5ba,ELEC-1048,140,0
faf41601,ELEC-1081,44,0
c3d62637,ELEC-1067,242,2
9f7404b5,ELEC-1065,186,0
702be63b,ELEC-1003,214,2
6f4b19df,ELEC-1004,181,0
8863d04c,ELEC-1042,212,0
7293db62,ELEC-1072,335,0
e3e75cbf,ELEC-1090,274,0
3aac676f,ELEC-1094,21,0
7d4aefb1,ELEC-1002,296,1
6f291df4,ELEC-1042,179,0
f383b87e,ELEC-1073,295,1
20ae268f,ELEC-1027,364,0
fea0af7f,ELEC-1081,41,0
103de59a,ELEC-1015,302,0
16b53bae,ELEC-1034,376,0
d8a9f1bf,ELEC-1042,340,0
4633ef2c,ELEC-1075,344,0
08ff9b96,ELEC-1007,159,0
5712407b,ELEC-1011,248,0
b5921c4c,ELEC-1079,291,0
7a1d88b9,ELEC-1044,122,0
69a8722e,ELEC-1099,168,0
0f05487a,ELEC-1040,141,1
4c74ab23,ELEC-1084,341,0
cdf4cb0d,ELEC-1037,14,0
1d193163,ELEC-1087,293,0
8e6970df,ELEC-1080,199,0
20ce285e,ELEC-1043,273,0
b4223d58,ELEC-1014,73,0
a06412dc,ELEC-1046,132,0
f1e7e042,ELEC-1011,309,1
20df2ec5,ELEC-1056,58,0
c9528f80,ELEC-1069,166,0
01a68202,ELEC-1096,295,0
665db1a3,ELEC-1025,71,2
dfaa983a,ELEC-1057,306,2
b80f3ae1,ELEC-1044,10,0
29091ab6,ELEC-1065,130,2
b0285b7f,ELEC-1015,65,0
97879b72,ELEC-1089,258,2
06faebde,ELEC-1021,291,1
1dc28c70,ELEC-1001,371,0
b4bf5cae,ELEC-1033,96,0
efe115b0,ELEC-1076,159,0
45efb272,ELEC-1097,31,0
ad62fb31,ELEC-1006,377,2
0f11d938,ELEC-1073,119,0
70bc2e1f,ELEC-1026,326,0
baa823d2,ELEC-1040,185,0
a1b50599,ELEC-1033,397,0
dc82fdf7,ELEC-1000,284,0
6445871c,ELEC-1088,320,0
1fb16d7c,ELEC-1012,221,0
aeeef9c5,ELEC-1018,165,1
1f5534bf,ELEC-1009,378,2
46177b92,ELEC-1074,350,1
d5719adc,ELEC-1066,19,0
6ab4d985,ELEC-1018,231,0
f5da83ab,ELEC-1097,322,0
16fcfa5e,ELEC-1031,331,1
e5d4f958,ELEC-1051,376,1
eac43c75,ELEC-1091,305,0
2defbdcf,ELEC-1042,349,0
650acdac,ELEC-1040,349,0
696f06e3,ELEC-1017,20,1
1185b2e7,ELEC-1048,226,0
ef41de6b,ELEC-1051,261,0
8af0a24a,ELEC-1032,360,0
cdf5cd17,ELEC-1012,58,0
c4208971,ELEC-1093,136,0
99686250,ELEC-1011,92,0
e2d9dbc9,ELEC-1010,358,0
51aed955,ELEC-1049,368,0
67e44a79,ELEC-1044,397,0
d82f32b1,ELEC-1090,124,0
89fee9f0,ELEC-1004,83,0
1a742b10,ELEC-1047,50,0
55d194a7,ELEC-1079,172,0
914a8062,ELEC-1083,343,0
2663f3bd,ELEC-1050,344,0
539a31a1,ELEC-1069,145,1
b4053aec,ELEC-1091,391,0
9e7f4c23,ELEC-1011,32,0
dba050f6,ELEC-1058,45,0
e5b3941c,ELEC-1088,130,2
de32271e,ELEC-1096,199,1
97df4036,ELEC-1041,306,0
11bf3325,ELEC-1042,263,0
6b9ea8f2,ELEC-1000,29,0
fdbc582a,ELEC-1014,163,0
db5363c0,ELEC-1050,249,0
106047ae,ELEC-1077,264,0
6f63755c,ELEC-1000,364,0
2aeb0d1b,ELEC-1084,60,0
1d40a139,ELEC-1068,391,0
d4e63474,ELEC-1086,110,1
c4c26373,ELEC-1034,386,0
20301014,ELEC-1082,16,0
cb71a5d4,ELEC-1060,240,1
dab5df9e,ELEC-1083,273,0
9b74190a,ELEC-1083,278,0
d521e7a3,ELEC-1054,73,0
19408a92,ELEC-1057,128,2
8bfa67fe,ELEC-1055,90,1
adb77919,ELEC-1044,192,0
106c6eb3,ELEC-1080,191,0
f7bf94de,ELEC-1092,128,1
4caf09f4,ELEC-1027,295,0
b5f0b8f6,ELEC-1011,198,1
1e8995e7,ELEC-1048,56,0
696e140e,ELEC-1078,224,0
27893877,ELEC-1012,346,0
07f880cf,ELEC-1083,291,0
19e007a2,ELEC-1086,159,0
4850abd8,ELEC-1018,65,0
c3b2d787,ELEC-1027,46,0
0fea020c,ELEC-1069,52,2
6edf011d,ELEC-1096,371,0
7f1caf74,ELEC-1016,251,0
519d02db,ELEC-1088,91,0
b319e089,ELEC-1015,107,0
8bbd71e4,ELEC-1076,60,0
ac1e570b,ELEC-1084,204,0
d9ae723e,ELEC-1055,231,1
6c212b6a,ELEC-1067,230,2
c256d132,ELEC-1081,327,0
3fbd7647,ELEC-1027,283,0
f0981c5d,ELEC-1083,394,0
49469058,ELEC-1010,269,0
103c0283,ELEC-1064,282,2
e0ca1a7b,ELEC-1074,251,0
9ea7acab,ELEC-1058,228,0
0df75ac0,ELEC-1074,124,2
a6de4d3a,ELEC-1090,81,0
c80b563d,ELEC-1090,118,0
8943cc2b,ELEC-1088,37,2
ad3c7d7a,ELEC-1059,124,0
caab60ba,ELEC-1081,328,0
a75bb6ff,ELEC-1043,140,0
9ef77e13,ELEC-1065,288,0
b6809fbf,ELEC-1037,336,2
96e9f4cb,ELEC-1051,249,0
0b04aa6b,ELEC-1051,354,0
d2395cb1,ELEC-1045,384,0
c694c5c8,ELEC-1092,311,0
57cb2cae,ELEC-1022,112,2
230fd205,ELEC-1010,193,0
c8cacda2,ELEC-1009,287,0
230d5f87,ELEC-1051,178,0
e01788b1,ELEC-1056,318,0
0ad14efd,ELEC-1062,134,1
55a03746,ELEC-1063,248,2
c2e415e5,ELEC-1083,118,1
81dc9be3,ELEC-1069,198,1
c619470a,ELEC-1064,26,0
6b3a97e5,ELEC-1006,214,1
819f2296,ELEC-1003,80,0
63d3d496,ELEC-1051,162,0
31f09bcc,ELEC-1049,152,0
a24cdd67,ELEC-1095,379,0
92ef4b6c,ELEC-1053,156,0
092300bd,ELEC-1098,95,0
b5752300,ELEC-1054,154,0
42c24a58,ELEC-1012,291,0
a8b7cd8d,ELEC-1041,339,0
75fbbb70,ELEC-1079,284,0
99cdc325,ELEC-1013,45,1
e5925ec7,ELEC-1046,197,0
0af9829b,ELEC-1090,250,0
774fcb26,ELEC-1008,346,1
26c58354,ELEC-1094,22,0
5c8113ac,ELEC-1007,31,0
252a661d,ELEC-1022,310,0
b11979b1,ELEC-1064,267,0
806b44c0,ELEC-1062,258,0
deb62930,ELEC-1065,47,0
bdef6348,ELEC-1086,399,0
2e057c96,ELEC-1071,244,0
88bfdf02,ELEC-1047,306,0
d1f3439f,ELEC-1096,266,0
9fe4fd68,ELEC-1011,285,1
ddf01204,ELEC-1050,311,2
66905ec0,ELEC-1040,218,0
1f01d564,ELEC-1049,304,2
da84152a,ELEC-1014,388,0
ce48500c,ELEC-1006,347,1
4e0c27b6,ELEC-1068,73,0
b5f51a63,ELEC-1060,16,0
af384228,ELEC-1089,303,2
7984b2cb,ELEC-1086,296,1
f90423c3,ELEC-1000,105,1
4059de19,ELEC-1041,113,0
637b2f66,ELEC-1071,225,1
84970630,ELEC-1051,289,0
704fb067,ELEC-1076,89,0
2480a465,ELEC-1075,128,0
4a72036a,ELEC-1020,148,2
b597d727,ELEC-1010,150,1
2efe8a8e,ELEC-1013,362,1
e5468742,ELEC-1000,279,0
9e2cdf20,ELEC-1036,379,0
ae8bf17f,ELEC-1076,343,1
29cf18c1,ELEC-1085,38,0
c1172cb1,ELEC-1076,286,0
40fbec81,ELEC-1050,313,1
89773847,ELEC-1031,88,0
a5c1c3df,ELEC-1017,163,0
cc3b5b91,ELEC-1044,343,0
c405b320,ELEC-1020,368,0
fd3c5742,ELEC-1001,260,0
d3db085e,ELEC-1032,233,0
a53bc712,ELEC-1032,125,0
2535ed7b,ELEC-1068,369,0
ec163d8f,ELEC-1080,171,0
161cec4f,ELEC-1082,247,1
36ccc8e9,ELEC-1027,107,0
96a8e5ea,ELEC-1096,376,0
a99652bf,ELEC-1023,266,0
6eec4b5e,ELEC-1013,312,1
4179a9fe,ELEC-1059,236,0
4934a738,ELEC-1081,310,0
6cb9f081,ELEC-1062,155,0
34c34bb2,ELEC-1048,237,1
dfbd8fe7,ELEC-1099,130,1
4453d827,ELEC-1051,346,0
d66cf711,ELEC-1009,80,1
d892ed23,ELEC-1079,398,0
79821bc8,ELEC-1044,190,0
bda07dea,ELEC-1037,350,0
33ef2a0c,ELEC-1037,103,0
2f04b670,ELEC-1043,250,2
8d163451,ELEC-1060,241,2
72f29d01,ELEC-1040,283,1
cba3bbae,ELEC-1042,340,0
150137d0,ELEC-1012,94,2
47bc145c,ELEC-1090,328,2
1d43009d,ELEC-1065,305,2
3b647cb4,ELEC-1006,137,0
4834974c,ELEC-1019,306,0
99496dd7,ELEC-1077,141,0
25dd2698,ELEC-1072,169,0
2ac762f1,ELEC-1058,334,0
3ffb3d45,ELEC-1017,180,0
abb1723d,ELEC-1010,182,1
12dc1b46,ELEC-1014,157,0
9f7ada81,ELEC-1085,399,0
2e13259e,ELEC-1025,343,0
faec4005,ELEC-1087,325,0
20b9c133,ELEC-1019,359,0
96db86f0,ELEC-1019,334,0
b9668996,ELEC-1085,135,0
c6549259,ELEC-1042,164,2
d13680e4,ELEC-1070,19,2
3009b3ee,ELEC-1000,45,0
120afe39,ELEC-1027,224,0
e4949ad5,ELEC-1087,325,0
fcff479a,ELEC-1024,287,1
f2d666e0,ELEC-1014,28,0
0f30e855,ELEC-1071,26,0
7436a101,ELEC-1041,110,0
8dc9b638,ELEC-1058,48,0
10405334,ELEC-1080,243,0
5533b34d,ELEC-1078,233,0
79ad1734,ELEC-1063,111,2
d0e3c518,ELEC-1006,289,0
7021a8c6,ELEC-1006,106,2
05446575,ELEC-1059,340,1
081a327d,ELEC-1064,229,0
1012bda5,ELEC-1087,111,0
f3f7de12,ELEC-1057,205,0
cc68e629,ELEC-1014,178,0
043ae623,ELEC-1070,236,0
01f2caf7,ELEC-1040,336,0
229e5bc0,ELEC-1097,90,0
5b39eafc,ELEC-1084,395,0
092f77ee,ELEC-1091,151,2
cb714b32,ELEC-1053,239,0
371606a1,ELEC-1042,271,0
ddd63f0e,ELEC-1086,169,1
7bac1d20,ELEC-1006,275,0
29a46de2,ELEC-1085,116,0
31fd5eb7,ELEC-1080,70,1
009e3233,ELEC-1043,242,0
a47da7f9,ELEC-1012,302,0
a0724eb7,ELEC-1052,147,0
c98cbea8,ELEC-1071,97,0
cabe4b5c,ELEC-1090,66,0
220fcdfb,ELEC-1084,21,0
2a8373f8,ELEC-1077,222,0
34b4a39f,ELEC-1066,385,1
64d37703,ELEC-1002,270,0
02805ab2,ELEC-1001,316,2
50214fda,ELEC-1076,322,0
a269d6b8,ELEC-1079,314,0
eb86d560,ELEC-1004,43,0
ab393ef9,ELEC-1073,293,0
0cdf134f,ELEC-1043,371,0
3521fb1a,ELEC-1047,65,0
a285a5a3,ELEC-1039,249,0
99109b27,ELEC-1039,347,0
78df8672,ELEC-1028,361,0
42a663cb,ELEC-1029,58,0
b4a49e86,ELEC-1097,158,0
286bf1b6,ELEC-1002,372,0
02b671d7,ELEC-1081,42,0
b9cddaca,ELEC-1061,362,0
7b592679,ELEC-1028,120,0
596c6ce3,ELEC-1035,61,0
98b309d4,ELEC-1044,368,0
4d027aae,ELEC-1053,195,0
5238506d,ELEC-1079,282,0
dc85822b,ELEC-1065,299,0
eec26fbf,ELEC-1001,180,0
fae6b377,ELEC-1020,140,0
3d997b2e,ELEC-1065,66,0
a39ce131,ELEC-1049,301,1
18e4fd2c,ELEC-1040,163,0
3adb35fe,ELEC-1037,164,0
7645162e,ELEC-1023,278,2
b7d7aeac,ELEC-1021,327,0
8d5286b7,ELEC-1023,381,2
8e2df8bd,ELEC-1038,78,0
481f1e4b,ELEC-1068,123,0
01e32c98,ELEC-1029,37,1
a1da1e21,ELEC-1005,290,0
38a0e4c6,ELEC-1076,132,0
976b1f35,ELEC-1026,303,0
ea918714,ELEC-1024,159,0
ef032f5e,ELEC-1050,300,0
2ba8f932,ELEC-1079,329,0
158ff659,ELEC-1084,141,0
f38c3f31,ELEC-1056,390,0
c527c18c,ELEC-1020,258,2
399573c3,ELEC-1027,388,1
5cafe01f,ELEC-1064,82,1
ffc90c57,ELEC-1063,61,0
4515c320,ELEC-1037,196,0
f54dd18e,ELEC-1038,184,0
55627678,ELEC-1066,346,0
1e2b77d0,ELEC-1023,89,0
fb105353,ELEC-1034,16,0
fce8d45b,ELEC-1049,12,0
e3b6a48b,ELEC-1070,302,2
ec47a2d1,ELEC-1012,273,0
146f221c,ELEC-1018,150,0
5220bd0e,ELEC-1041,152,0
4798c86a,ELEC-1063,246,2
8e62dab6,ELEC-1091,249,0
00b8036c,ELEC-1088,228,0
a9a8b587,ELEC-1091,310,1
eef7109f,ELEC-1039,66,1
9c6148ce,ELEC-1009,334,0
becdc40a,ELEC-1083,177,2
11d4755e,ELEC-1052,73,0
329d29ff,ELEC-1025,268,0
ff6d7aca,ELEC-1073,177,2
2174b7eb,ELEC-1002,306,0
9f330d3b,ELEC-1016,218,0
e23558f8,ELEC-1009,255,0
9a5617f2,ELEC-1051,178,2
ad0ae1e6,ELEC-1076,254,1
e4cc96d7,ELEC-1043,361,0
a54aee55,ELEC-1084,215,0
1e6bc534,ELEC-1040,75,1
1728264a,ELEC-1056,89,2
c4bf19c7,ELEC-1046,82,0
eb754986,ELEC-1094,38,0
ab2ba712,ELEC-1011,390,0
786f4fd9,ELEC-1013,313,0
33c752d8,ELEC-1011,184,0
b71b5de6,ELEC-1063,323,2
9bf7bc63,ELEC-1004,358,1
79f4cad6,ELEC-1048,376,0
64c4ca75,ELEC-1044,65,0
d2cc54bd,ELEC-1049,285,0
70bbc737,ELEC-1046,348,0
68e63eb7,ELEC-1028,315,0
3d9d591b,ELEC-1063,60,0
9e32a13a,ELEC-1089,260,0
e621e469,ELEC-1070,198,0
4350edb9,ELEC-1013,345,0
e8287a3f,ELEC-1097,337,0
fba0706c,ELEC-1029,330,0
8de32687,ELEC-1025,91,0
72597f21,ELEC-1025,106,1
a12f2002,ELEC-1089,16,0
de6e7d3d,ELEC-1085,188,0
7c6e4958,ELEC-1007,307,0
3ef15330,ELEC-1010,119,0
4a3b2065,ELEC-1014,334,0
f7a46380,ELEC-1018,107,0
e9bcea46,ELEC-1046,119,0
ffc67200,ELEC-1080,266,0
acb6c0e1,ELEC-1005,226,0
cd708de6,ELEC-1028,52,0
9b29d53c,ELEC-1096,348,1
8f1bbf28,ELEC-1069,12,2
027d70b8,ELEC-1027,319,0
a1e4421a,ELEC-1001,85,0
f9bc99aa,ELEC-1084,296,0
91ce5256,ELEC-1025,361,1
96b72b51,ELEC-1050,273,0
95442741,ELEC-1073,170,0
f67e8cd0,ELEC-1070,338,0
7ce9fb41,ELEC-1043,261,0
108691ca,ELEC-1031,290,1
3e58939a,ELEC-1071,250,0
1b433959,ELEC-1087,151,0
340e9008,ELEC-1065,145,0
37f5d194,ELEC-1097,258,0
179ed291,ELEC-1087,240,0
4b991b18,ELEC-1055,233,1
be64e875,ELEC-1089,180,0
55cf2e77,ELEC-1088,89,0
8861f8ce,ELEC-1079,98,0
943bd7ee,ELEC-1063,321,0
3233b612,ELEC-1037,145,0
7bca5844,ELEC-1050,370,0
e340b28d,ELEC-1079,138,0
ffac3905,ELEC-1072,172,1
110d0036,ELEC-1068,181,0
dacafe62,ELEC-1040,206,0
96098e2e,ELEC-1047,356,0
8e2f0c7e,ELEC-1099,99,1
a49465ec,ELEC-1098,77,0
5fb6edfc,ELEC-1095,242,0
e02acb0a,ELEC-1059,217,0
85c03348,ELEC-1000,82,2
e1606f4d,ELEC-1003,11,0
03b0b48e,ELEC-1018,300,1
f46a1d2c,ELEC-1002,80,0
9240c6cb,ELEC-1062,347,2
a6bddd3a,ELEC-1000,98,1
bd2d369f,ELEC-1052,31,0
534c1f26,ELEC-1091,72,2
d3a715b8,ELEC-1017,306,0
aa35b69b,ELEC-1059,180,0
abcb686a,ELEC-1050,33,2
60cde915,ELEC-1086,83,0
2dfef135,ELEC-1077,18,0
ce228363,ELEC-1033,268,0
eee817eb,ELEC-1034,263,2
eac4c0c0,ELEC-1000,32,0
b47be623,ELEC-1072,330,0
d0bb4f5e,ELEC-1088,149,0
848d6117,ELEC-1094,155,1
c268f806,ELEC-1041,374,0
90133bf5,ELEC-1099,241,1
ca481cad,ELEC-1057,343,1
bbe456c8,ELEC-1045,113,0
87135f3f,ELEC-1068,288,0
e801f86d,ELEC-1081,236,0
c8d961ef,ELEC-1008,368,0
f7d9101e,ELEC-1011,283,0
6388a78e,ELEC-1032,395,0
0ca385c2,ELEC-1000,40,0
b4cf62f9,ELEC-1003,63,0
bd823cca,ELEC-1027,313,0
491de710,ELEC-1001,10,0
c5df2998,ELEC-1061,399,1
0119630e,ELEC-1027,171,0
26a1331c,ELEC-1048,347,1
e6450e87,ELEC-1018,92,0
cc5d950d,ELEC-1089,93,0
e8600adb,ELEC-1085,262,0
1168b798,ELEC-1019,334,0
789b8df0,ELEC-1025,257,0
6ec218ef,ELEC-1030,81,0
ce70f4e5,ELEC-1088,10,0
02f5220f,ELEC-1055,96,0
ec14a9de,ELEC-1077,142,0
46717ee0,ELEC-1032,279,0
b96fc3b6,ELEC-1076,296,0
6710ab03,ELEC-1035,89,0
48ca3af4,ELEC-1087,41,0
2293333c,ELEC-1005,344,0
f1aa357c,ELEC-1093,142,0
85cc3aa3,ELEC-1035,126,0
87981314,ELEC-1018,246,2
32b80a1c,ELEC-1051,13,0
60472f80,ELEC-1097,168,0
864780c3,ELEC-1004,118,0
52994d47,ELEC-1025,96,0
8f166ba4,ELEC-1061,224,0
8c246512,ELEC-1011,279,0
ba2e9052,ELEC-1085,49,2
913f364e,ELEC-1088,385,0
78c8ea96,ELEC-1021,131,0
44a4baea,ELEC-1022,100,0
61ccdb75,ELEC-1093,307,2
fb9b93ed,ELEC-1008,19,0
9a660a05,ELEC-1025,82,2
ccd3298a,ELEC-1045,382,0
73a7d320,ELEC-1027,223,0
06d38552,ELEC-1088,167,0
4cbbd5ed,ELEC-1013,79,0
06243893,ELEC-1084,323,0
9a5c20e7,ELEC-1066,102,0
1ce0d526,ELEC-1035,194,0
f1962946,ELEC-1077,54,0
bbba082e,ELEC-1087,160,0
b052dc2b,ELEC-1010,252,0
eef6f5ef,ELEC-1010,82,1
74d5fba8,ELEC-1045,36,1
3767eab4,ELEC-1021,104,0
3d973579,ELEC-1034,189,2
20956ec2,ELEC-1075,175,0
b81bf21d,ELEC-1094,260,0
598da3b3,ELEC-1081,349,2
1aa1a70f,ELEC-1047,326,2
9f8abb85,ELEC-1013,184,0
6c6d579e,ELEC-1016,24,2
f2d0c723,ELEC-1090,43,0
ea27813e,ELEC-1079,386,0
d25c73ac,ELEC-1040,229,1
517fd116,ELEC-1003,214,0
2da867a8,ELEC-1066,262,0
37d3c3ec,ELEC-1018,281,2
38cdb599,ELEC-1026,63,0
a486771b,ELEC-1088,396,0
ea23a3e5,ELEC-1089,290,0
09300997,ELEC-1027,149,0
0d03f9aa,ELEC-1064,322,0
b2b5f2a8,ELEC-1000,205,0
3ba8c352,ELEC-1027,356,0
a13153b8,ELEC-1045,232,0
051cc21f,ELEC-1076,30,0
c42cf3aa,ELEC-1054,270,0
43f3e66a,ELEC-1088,75,0
264612e0,ELEC-1068,124,0
0ff6e75e,ELEC-1047,324,2
7c06e771,ELEC-1006,23,2
e0fca5ea,ELEC-1024,78,0
e434909a,ELEC-1011,350,0
78c45b5e,ELEC-1076,170,0
46e161ec,ELEC-1010,316,0
8184345c,ELEC-1021,393,0
0905401b,ELEC-1052,202,0
3b963fb7,ELEC-1025,185,0
1c3e8f0a,ELEC-1067,18,2
f80b8afc,ELEC-1063,43,0
96fcf931,ELEC-1088,155,2
035443ed,ELEC-1020,386,0
44283622,ELEC-1038,204,0
1759ee84,ELEC-1018,58,0
c73a07c9,ELEC-1049,259,0
2bdb148f,ELEC-1060,280,0
5c5b3194,ELEC-1017,49,2
d9cf20e9,ELEC-1052,391,0
4c52c808,ELEC-1040,314,0
437bf8fa,ELEC-1038,29,2
35a6eb03,ELEC-1008,351,0
140cc6b6,ELEC-1065,193,0
53b54a04,ELEC-1093,348,0
3a12d4ec,ELEC-1044,87,0
cc78e286,ELEC-1091,219,0
ba7b44a9,ELEC-1030,148,2
7998357d,ELEC-1052,281,0
e40280ac,ELEC-1034,253,0
71a11f7d,ELEC-1030,380,0
89ac0395,ELEC-1021,93,0
7bfb4a55,ELEC-1088,77,0
38b3f44c,ELEC-1036,132,0
284c769c,ELEC-1020,90,1
0f866643,ELEC-1034,284,0
ddbdf35f,ELEC-1002,71,2
3f7026af,ELEC-1070,17,0
c1842247,ELEC-1008,237,0
64e33c0f,ELEC-1070,25,0
bdf68e64,ELEC-1001,387,0
834acb72,ELEC-1050,299,0
1997eda7,ELEC-1043,348,0
d38ed84d,ELEC-1083,160,0
4045fd32,ELEC-1094,140,2
e87e5f5d,ELEC-1032,108,2
f5e58249,ELEC-1079,79,0
b544a57c,ELEC-1071,85,0
5b4af911,ELEC-1089,74,0
cca5d646,ELEC-1066,163,0
5923580a,ELEC-1047,117,0
df965a3d,ELEC-1017,206,0
1006c11c,ELEC-1074,252,0
3cc7f42d,ELEC-1031,290,0
753ce678,ELEC-1057,74,0
d87ab4de,ELEC-1099,275,2
f5bbd022,ELEC-1010,217,0
248a908b,ELEC-1007,36,0
a8302202,ELEC-1047,158,2
9a9dc952,ELEC-1052,126,0
7f600a31,ELEC-1076,158,0
20914cb4,ELEC-1082,14,0
dbf1b172,ELEC-1026,165,0
316fc89e,ELEC-1000,307,2
4c5803b4,ELEC-1054,56,0
612f0991,ELEC-1029,150,0
ed46ba6b,ELEC-1054,332,0
8ae81bf9,ELEC-1011,210,0
82a5264f,ELEC-1046,374,0
7cecacaa,ELEC-1072,145,0
c66f3717,ELEC-1082,164,0
37d1a168,ELEC-1095,170,0
a41e9d04,ELEC-1080,361,2
ec809a3e,ELEC-1086,381,0
52cc18b2,ELEC-1022,123,0
d8386701,ELEC-1083,110,0
7e4caf85,ELEC-1046,91,0
3f2e1b44,ELEC-1087,286,0
89797f5f,ELEC-1033,153,0
19423f22,ELEC-1006,303,0
31c2cdd1,ELEC-1086,67,0
915a0c94,ELEC-1046,202,0
d049446b,ELEC-1055,273,0
1561d930,ELEC-1056,315,0
9722d77d,ELEC-1061,103,0
e91db5ca,ELEC-1018,106,0
d445ac32,ELEC-1024,252,0
95e2e117,ELEC-1008,41,0
61027d40,ELEC-1009,216,0
a499429d,ELEC-1018,60,0
d0a8f7f3,ELEC-1016,396,1
354e209b,ELEC-1073,366,0
56e5d132,ELEC-1032,278,0
5bb86db2,ELEC-1054,325,2
5ad5ced0,ELEC-1050,370,1
4e297da3,ELEC-1073,168,0
2d72b000,ELEC-1094,100,0
f647090a,ELEC-1030,394,1
aa383621,ELEC-1048,171,0
92644d66,ELEC-1001,153,0
911327a0,ELEC-1098,31,0
b22ba549,ELEC-1033,23,2
68186576,ELEC-1003,98,0
f5c604ab,ELEC-1031,132,0
a06030f6,ELEC-1052,139,1
7a9f236a,ELEC-1073,129,0
379b2549,ELEC-1053,238,0
3cc923b6,ELEC-1016,255,0
2f2b7712,ELEC-1027,234,2
e03bac63,ELEC-1062,143,0
9c687c0c,ELEC-1087,141,0
d587370e,ELEC-1091,100,0
f6332a8e,ELEC-1092,116,0
f97b1e04,ELEC-1058,181,1
0ed826e8,ELEC-1038,212,0
a54ce8d7,ELEC-1041,374,0
405da9f4,ELEC-1004,132,0
8c82c138,ELEC-1045,264,2
704890bc,ELEC-1065,228,2
28a0346e,ELEC-1075,262,0
58866e37,ELEC-1092,390,0
a762c548,ELEC-1011,83,2
a76bb66b,ELEC-1012,73,0
75a407be,ELEC-1008,44,0
0afd32aa,ELEC-1078,84,0
ec0a0b95,ELEC-1018,390,0
e82f1292,ELEC-1097,282,0
0128fd9f,ELEC-1034,382,0
14572f7f,ELEC-1051,193,0
e08edfb5,ELEC-1084,314,0
5736bbfc,ELEC-1044,117,0
04cf7e2e,ELEC-1036,81,0
f7010e80,ELEC-1035,38,1
0fe6b86d,ELEC-1050,292,0
a2cbb5f5,ELEC-1094,190,1
59e70e1b,ELEC-1035,295,0
450bfd03,ELEC-1054,167,0
0157c88d,ELEC-1066,346,0
846906d9,ELEC-1000,67,0
99cffe03,ELEC-1078,242,0
58a7a023,ELEC-1024,366,0
6bc7a4d6,ELEC-1069,232,0
327f467f,ELEC-1018,218,0
7c591dff,ELEC-1018,291,0
a726bc97,ELEC-1076,143,0
3f4af54a,ELEC-1000,209,0
2fb5f548,ELEC-1034,52,0
2284e77b,ELEC-1003,219,2
4019ab8d,ELEC-1080,337,0
946d26d4,ELEC-1000,319,0
843b6314,ELEC-1003,22,1
54026eaf,ELEC-1096,358,2
8a07a628,ELEC-1003,324,0
35e7e685,ELEC-1051,221,2
debf8b64,ELEC-1073,268,0
a3110bd6,ELEC-1037,226,0
c8593988,ELEC-1069,161,0
6cf48f9b,ELEC-1092,287,0
3a27c3b2,ELEC-1026,26,0
97f434a1,ELEC-1099,244,0
f0f84bf4,ELEC-1066,130,0
92a977d2,ELEC-1042,61,0
17e30a41,ELEC-1000,151,0
21996aa2,ELEC-1004,50,0
91c77711,ELEC-1057,279,0
07f8f49b,ELEC-1042,140,0
d1280e1d,ELEC-1061,218,0
435f60ad,ELEC-1092,74,0
f274ebfd,ELEC-1042,399,0
c935910f,ELEC-1004,259,0
2763611e,ELEC-1046,62,0
d5204408,ELEC-1078,101,0
f2e1dd45,ELEC-1045,237,0
ee2f5ddc,ELEC-1066,111,0
06723285,ELEC-1097,277,0
e6c6a696,ELEC-1059,91,1
3aa146ce,ELEC-1011,44,0
1dfeb777,ELEC-1005,96,0
aac89463,ELEC-1001,264,0
10c50bdd,ELEC-1006,246,0
02062b0b,ELEC-1078,63,1
566b6f95,ELEC-1077,221,2
b7682642,ELEC-1099,351,0
ea8933c9,ELEC-1088,336,2
75ff66b6,ELEC-1079,120,0
ea9ee189,ELEC-1079,177,0
f7cf5dd0,ELEC-1093,218,0
71aa5e49,ELEC-1060,53,0
43e0263b,ELEC-1040,86,0
8261803e,ELEC-1064,324,0
f3d50ce9,ELEC-1017,395,0
94d3efe6,ELEC-1067,90,1
0b5eb9f1,ELEC-1021,386,0
971cb0d1,ELEC-1084,265,2
dbde4eeb,ELEC-1064,192,0
3640458d,ELEC-1095,165,0
3a6bbe0e,ELEC-1004,238,0
71d98383,ELEC-1092,261,0
6743292e,ELEC-1088,52,2
e0743d10,ELEC-1064,65,1
ee529a1d,ELEC-1053,19,2
b930c79d,ELEC-1014,191,0
a5abea1a,ELEC-1029,138,0
e424bca4,ELEC-1010,133,0
43e3db78,ELEC-1052,371,0
ffd0038b,ELEC-1044,318,0
a3f5d62c,ELEC-1034,121,0
74ed87d5,ELEC-1039,379,0
b154951c,ELEC-1000,15,0
d80721fd,ELEC-1028,343,0
0c764f72,ELEC-1063,179,0
28a55fdb,ELEC-1034,356,1
1baaf072,ELEC-1019,385,0
dbcc4c1e,ELEC-1039,127,0
f4625055,ELEC-1005,178,0
391087cb,ELEC-1097,272,0
e47733da,ELEC-1002,194,0
bbc48a27,ELEC-1065,198,0
513cc6c8,ELEC-1087,338,0
41d3b433,ELEC-1049,369,2
714c5e8c,ELEC-1082,144,0
1651a5b8,ELEC-1005,397,0
b49742df,ELEC-1044,189,0
f909f705,ELEC-1092,207,0
c20f1b54,ELEC-1009,177,0
b8b2770a,ELEC-1079,39,0
606fb7a9,ELEC-1083,193,0
10e01ada,ELEC-1006,274,0
52548aed,ELEC-1006,244,0
d4238c14,ELEC-1085,65,1
a68c41a4,ELEC-1026,215,0
294ff792,ELEC-1023,104,0
25526d3f,ELEC-1096,386,1
818e7630,ELEC-1078,314,0
a002df3c,ELEC-1080,94,1
98ac8c35,ELEC-1039,53,0
c0dabee9,ELEC-1092,341,0
56ff5c62,ELEC-1049,268,0
2c63f483,ELEC-1038,392,0
34805a1c,ELEC-1009,58,1
27a42e68,ELEC-1028,88,2
228200d9,ELEC-1084,113,0
7087f5b5,ELEC-1099,59,0
9911b0f8,ELEC-1075,235,0
337e6b92,ELEC-1023,399,0
d883ee44,ELEC-1077,156,0
b32a23e6,ELEC-1043,359,0
2b1f69f8,ELEC-1076,295,0
9590e685,ELEC-1086,254,0
e2d50505,ELEC-1042,384,0
8c6f8acd,ELEC-1058,326,0
508166e0,ELEC-1025,77,2
67a4b6a2,ELEC-1040,319,0
995b9f22,ELEC-1011,332,0
029e5450,ELEC-1076,316,0
28653723,ELEC-1037,309,1
b5fe15f1,ELEC-1062,188,0
b43617a9,ELEC-1049,368,0
49b9012f,ELEC-1014,366,0
bf1c8b17,ELEC-1011,372,1
b9dad43b,ELEC-1096,96,0
3243c7d8,ELEC-1027,60,0
b62c375d,ELEC-1021,389,0
f7be8514,ELEC-1062,392,2
4de36d24,ELEC-1027,118,0
9acd88e3,ELEC-1065,312,0
e670aae9,ELEC-1096,226,0
fa927083,ELEC-1038,213,0
11d90eef,ELEC-1093,152,0
db9a8b56,ELEC-1000,215,1
2eabe526,ELEC-1018,86,0
53b0de74,ELEC-1064,225,0
16d7d242,ELEC-1070,25,0
9ed5a07b,ELEC-1073,139,0
d1aa9cde,ELEC-1010,17,0
8193b322,ELEC-1098,317,0
4603ae73,ELEC-1021,266,0
a1d7a33c,ELEC-1050,15,0
91d3a2e9,ELEC-1063,328,0
112e7035,ELEC-1047,222,0
361207f4,ELEC-1008,134,0
e6bc7fe0,ELEC-1026,395,0
43d6ecdf,ELEC-1089,388,0
f130743b,ELEC-1033,192,0
f32e1ee9,ELEC-1000,123,1
a8b8425e,ELEC-1083,199,0
e7323c26,ELEC-1047,306,2
b2c4a6e0,ELEC-1081,35,0
5eea9e26,ELEC-1061,378,0
0036f93f,ELEC-1098,335,0
24b13bdc,ELEC-1006,108,0
6a21ab63,ELEC-1064,65,1
453e95d2,ELEC-1001,168,0
7c35a729,ELEC-1088,40,1
e3845ff0,ELEC-1014,166,1
9bc7d6a7,ELEC-1011,174,0
c4583a4b,ELEC-1016,203,0
a9eac623,ELEC-1023,289,2
1a7151c6,ELEC-1087,273,0
81c9996f,ELEC-1045,13,0
e6746986,ELEC-1094,330,1
f86f919d,ELEC-1051,283,0
e56981a4,ELEC-1009,30,0
d1d79aba,ELEC-1009,218,0
d281515c,ELEC-1022,119,0
0d71e00c,ELEC-1080,195,0
278dfa41,ELEC-1051,285,0
39e84978,ELEC-1086,313,0
bed04358,ELEC-1088,312,1
a1ee1127,ELEC-1078,336,0
dbeb6622,ELEC-1070,19,0
845c12ba,ELEC-1046,116,2
f7baf0b5,ELEC-1051,333,0
cf3a6412,ELEC-1081,271,0
b8dd6281,ELEC-1020,131,2
af6a4fd2,ELEC-1087,371,0
680fa8b5,ELEC-1008,243,1
ff33a778,ELEC-1046,111,0
c352d83b,ELEC-1009,376,0
6e772e30,ELEC-1007,138,1
7f3232ff,ELEC-1002,237,1
06ad20ae,ELEC-1094,334,0
608fdf13,ELEC-1040,139,0
7dce0c0f,ELEC-1086,329,0
a36d3f03,ELEC-1041,266,0
a9f46a49,ELEC-1002,285,0
4f8bae4b,ELEC-1048,115,0
65ecb9f5,ELEC-1092,42,0
f98ab0a1,ELEC-1031,326,0
fd1fa5b6,ELEC-1089,377,0
036768d8,ELEC-1006,333,0
3ff470b4,ELEC-1001,324,0
84618835,ELEC-1044,266,0
0b7ffbd4,ELEC-1097,283,0
4635427a,ELEC-1023,224,0
384554f0,ELEC-1094,156,2
eaba0a70,ELEC-1091,222,0
5df1bcef,ELEC-1047,154,2
5373c27a,ELEC-1055,199,0
126a71d9,ELEC-1013,124,0
8c58ef12,ELEC-1075,346,0
eefc1e0c,ELEC-1006,150,0
2620f082,ELEC-1094,351,0
bf372f30,ELEC-1010,21,2
de5d3258,ELEC-1000,310,1
28730161,ELEC-1039,281,0
c17d75b6,ELEC-1097,197,0
e6119fc3,ELEC-1031,119,0
883b1042,ELEC-1023,330,1
a32102d4,ELEC-1097,177,0
fab02554,ELEC-1081,65,0
2128a56f,ELEC-1050,350,0
0de3b778,ELEC-1055,290,0
add0bb48,ELEC-1097,189,0
854e2ee8,ELEC-1005,216,0
2043d008,ELEC-1006,195,1
a2e28cea,ELEC-1028,180,2
fcdcdd00,ELEC-1031,260,2
41aff1ff,ELEC-1040,216,0
57986723,ELEC-1063,35,1
b57fabe5,ELEC-1098,396,2
07cbcb46,ELEC-1020,34,2
798257b3,ELEC-1031,334,2
0412a2d6,ELEC-1023,87,0
e7c3ec7f,ELEC-1063,222,0
f63abdf6,ELEC-1088,190,2
97221e66,ELEC-1076,113,0
737da3aa,ELEC-1099,363,0
9df86dea,ELEC-1093,227,0
10ee74ba,ELEC-1015,156,1
c45df096,ELEC-1060,227,0
04b56570,ELEC-1009,83,0
b2b48ef7,ELEC-1081,268,2
74a0385f,ELEC-1096,142,0
d9eb114e,ELEC-1027,368,1
ad4d8610,ELEC-1057,61,0
5a0d5677,ELEC-1040,285,0
2e7ae755,ELEC-1008,289,0
a5b32d92,ELEC-1048,305,0
bd400c16,ELEC-1033,384,0
31a160f9,ELEC-1067,338,0
e029468c,ELEC-1065,351,0
123a1c8a,ELEC-1080,160,0
199ec1e9,ELEC-1089,225,0
7bc2299d,ELEC-1086,366,0
2e682595,ELEC-1067,141,0
a353f799,ELEC-1054,181,0
90832aba,ELEC-1065,293,1
1a24ee25,ELEC-1024,100,2
44692543,ELEC-1084,177,1
6d20201f,ELEC-1081,357,0
64758442,ELEC-1099,260,0
c1612d17,ELEC-1082,37,0
f0b7e88c,ELEC-1078,247,0
925ed6af,ELEC-1008,338,1
17642128,ELEC-1000,383,0
19741ac7,ELEC-1085,105,0
bb2b87ce,ELEC-1082,190,0
b98fdc6c,ELEC-1004,260,0
088c9d56,ELEC-1072,396,0
4921d638,ELEC-1018,14,0
bf33eb7a,ELEC-1083,178,2
0792a463,ELEC-1077,259,0
745f018a,ELEC-1044,195,0
307c4418,ELEC-1085,293,1
c7e6ec4c,ELEC-1080,338,0
30c8f1a5,ELEC-1008,377,0
183eedac,ELEC-1018,350,0
4da059c4,ELEC-1063,57,2
f4029146,ELEC-1071,398,0
f7d8733d,ELEC-1073,206,0
d9031d79,ELEC-1020,209,0
d975fd57,ELEC-1026,55,0
2abe8389,ELEC-1026,264,0
d5230250,ELEC-1046,183,0
2e8b7e79,ELEC-1005,289,0
9e998222,ELEC-1089,198,2
125ba682,ELEC-1068,158,0
b26751c0,ELEC-1028,147,0
b3169f5f,ELEC-1093,205,0
466b11c8,ELEC-1060,175,2
9c9d565e,ELEC-1071,117,0
319df0bc,ELEC-1070,71,0
12a9899d,ELEC-1056,92,0
5e7c7b77,ELEC-1065,306,0
c8d5238a,ELEC-1038,355,0
2778de5e,ELEC-1093,271,0
29f517ff,ELEC-1076,25,1
574918ca,ELEC-1009,237,2
c3866efb,ELEC-1075,253,0
9c9b4629,ELEC-1070,239,2
9dc3faa1,ELEC-1018,297,0
88e921d1,ELEC-1031,126,0
2439d445,ELEC-1074,389,0
3aff9ba9,ELEC-1052,142,2
436dd337,ELEC-1099,351,0
c0de9d2b,ELEC-1076,92,0
02c85f9d,ELEC-1084,136,0
2b97f731,ELEC-1086,385,2
351d7b90,ELEC-1081,71,0
cf8d40c1,ELEC-1015,10,0
44308a55,ELEC-1099,112,0
d732f016,ELEC-1043,141,2
795ac94c,ELEC-1025,333,0
f6825aff,ELEC-1073,388,0
cb7dbc4d,ELEC-1088,143,0
3a79070f,ELEC-1044,58,0
71898423,ELEC-1017,362,0
34303b84,ELEC-1045,94,0
8d5d0df7,ELEC-1025,88,1
e06edc52,ELEC-1020,109,0
13f23e1f,ELEC-1056,326,0
3a3fba4c,ELEC-1033,281,2
af0b8435,ELEC-1024,148,0
6aa2869b,ELEC-1081,44,0
a10282c6,ELEC-1028,80,0
5225c703,ELEC-1088,157,0
3afe5057,ELEC-1035,227,0
0a209f58,ELEC-1063,362,0
02b46ef8,ELEC-1095,244,1
c86d085d,ELEC-1044,272,0
1ec8f12d,ELEC-1022,221,0
6a74cdae,ELEC-1056,123,0
8e12687b,ELEC-1061,117,1
0626003d,ELEC-1097,248,0
93b736fb,ELEC-1054,378,0
3538fe16,ELEC-1091,310,0
c2190269,ELEC-1033,291,0
e6c78fd7,ELEC-1069,359,2
8d048015,ELEC-1094,257,0
2878c5a2,ELEC-1010,259,0
60a9e0d8,ELEC-1095,93,0
cbfbd342,ELEC-1083,186,0
fdad472d,ELEC-1078,80,0
9ac4a741,ELEC-1041,215,0
2dad96ff,ELEC-1077,79,0
164c6200,ELEC-1012,242,0
155fc4fe,ELEC-1041,247,0
ba16f9c0,ELEC-1068,15,0
4f3e3366,ELEC-1095,34,0
6bbdb7bc,ELEC-1012,228,0
3e48d249,ELEC-1093,335,0
7f6a10ae,ELEC-1043,291,0
47ed88f2,ELEC-1017,226,0
42315b89,ELEC-1092,147,0
f4cd98be,ELEC-1014,126,0
8c1878a4,ELEC-1047,196,0
285ad0c0,ELEC-1029,260,0
f8f93f0d,ELEC-1011,99,0
ae68f60e,ELEC-1090,41,0
3eb75562,ELEC-1078,46,0
8af0936a,ELEC-1030,182,2
787a4198,ELEC-1056,317,0
b33dbc0f,ELEC-1041,252,0
19870ecc,ELEC-1002,130,0
5168697c,ELEC-1043,42,0
7b94d7f5,ELEC-1074,189,0
f2b6ed0d,ELEC-1005,42,0
622ea615,ELEC-1060,108,0
909564c4,ELEC-1068,276,0
da5ce073,ELEC-1037,339,0
f5a5270a,ELEC-1070,133,0
1f8ec772,ELEC-1059,327,0
50dd2dfa,ELEC-1075,359,0
f07cd440,ELEC-1061,331,0
b99220c8,ELEC-1055,17,0
f12585c1,ELEC-1053,276,0
ebcb6aa0,ELEC-1055,280,0
6a058577,ELEC-1097,138,0
aace67ab,ELEC-1079,141,0
b33a1953,ELEC-1087,277,0
3a56aef8,ELEC-1026,136,1
37a76fbf,ELEC-1076,226,1
f38afe6f,ELEC-1044,307,0
e57dfc8f,ELEC-1027,231,0
d8181579,ELEC-1013,386,0
4e3dfc9a,ELEC-1085,137,2
d392605e,ELEC-1036,380,0
4b620cb1,ELEC-1051,331,0
7d5fdfbb,ELEC-1005,198,0
98c5a839,ELEC-1030,216,0
d1aad7fa,ELEC-1098,186,1
920ff98f,ELEC-1074,308,1
5f3402c9,ELEC-1089,370,2
584b9f00,ELEC-1050,249,0
1c2b8f92,ELEC-1047,127,0
231b05d9,ELEC-1098,74,1
2c8ee091,ELEC-1049,106,0
2896e5f1,ELEC-1033,250,2
3c6017a3,ELEC-1020,222,0
d5258a73,ELEC-1092,249,0
45dd93ca,ELEC-1018,51,0
a38f2817,ELEC-1045,254,0
bdd60292,ELEC-1067,195,2
9be5723b,ELEC-1026,263,0
ad5346e1,ELEC-1082,359,0
f286a2a1,ELEC-1095,371,0
ca9bf85c,ELEC-1026,228,0
f15b1b8e,ELEC-1062,392,0
7a8d4e2f,ELEC-1062,283,0
471d42ac,ELEC-1019,212,0
f62d5574,ELEC-1046,281,0
a4b69f9b,ELEC-1090,343,1
dcff8637,ELEC-1085,27,2
a1319353,ELEC-1051,265,0
e2df9c7e,ELEC-1020,238,0
9f60b84d,ELEC-1099,122,0
66e1e148,ELEC-1030,287,0
32f3b792,ELEC-1072,148,0
5b6540c5,ELEC-1069,276,0
98ba8fc0,ELEC-1071,343,0
8c0b86a9,ELEC-1029,176,2
d6281030,ELEC-1030,341,0
76cf2915,ELEC-1055,67,0
0b9d379b,ELEC-1088,49,0
9bed05dd,ELEC-1025,182,0
f01d3011,ELEC-1075,183,1
bcad8abb,ELEC-1008,354,0
8ead17b3,ELEC-1081,261,2
cdb5a3ef,ELEC-1016,113,2
75d88e4f,ELEC-1006,284,0
62788325,ELEC-1090,155,0
970c98d2,ELEC-1002,360,0
b7f91485,ELEC-1037,219,0
546c07ca,ELEC-1002,293,0
8de3209e,ELEC-1007,50,0
0cbd4824,ELEC-1069,123,0
faf718c1,ELEC-1032,206,0
b2633cb1,ELEC-1056,206,0
a383008d,ELEC-1084,255,0
bcb44e49,ELEC-1073,102,1
7f74f568,ELEC-1088,283,0
7024ba7c,ELEC-1015,197,0
11f48d9b,ELEC-1038,119,0
db0814cc,ELEC-1064,145,0
4153ea2f,ELEC-1020,28,2
5c3412ac,ELEC-1055,383,1
68513683,ELEC-1060,207,0
2d450c27,ELEC-1085,74,0
f5d44805,ELEC-1002,191,0
c69fc9aa,ELEC-1006,281,1
a45f3f48,ELEC-1089,123,0
6e16bdba,ELEC-1050,132,0
fd4bd398,ELEC-1039,86,0
ebf3667e,ELEC-1064,133,0
08f5c827,ELEC-1017,292,0
6415074f,ELEC-1043,125,0
6ccf1da3,ELEC-1016,348,0
9129fc00,ELEC-1054,41,0
d9f247a7,ELEC-1036,274,0
5fb921d3,ELEC-1097,263,0
fbe5f2a1,ELEC-1069,323,0
5deba7c1,ELEC-1093,40,1
501e8c20,ELEC-1000,120,0
8bfcb5bf,ELEC-1077,168,1
f78e8161,ELEC-1034,384,0
026ef94a,ELEC-1090,204,0
66c00807,ELEC-1091,175,0
869f0467,ELEC-1052,36,0
3f9d7d0c,ELEC-1014,382,0
df376f28,ELEC-1078,224,0
56b2fb8d,ELEC-1036,42,0
4a9d655c,ELEC-1035,52,0
7518232c,ELEC-1050,128,2
a6156b5b,ELEC-1067,284,0
66df8fa2,ELEC-1021,282,1
426ea034,ELEC-1016,244,0
75ad3fb1,ELEC-1037,77,0
3736976a,ELEC-1042,212,0
152b081b,ELEC-1000,385,0
d752fb1d,ELEC-1020,391,1
4f31043c,ELEC-1097,150,0
455c878c,ELEC-1004,42,0
adb6113d,ELEC-1093,185,0
7dc725e8,ELEC-1003,381,0
bfcd4a49,ELEC-1066,182,0
3500af10,ELEC-1094,320,0
08cb75aa,ELEC-1001,162,0
de22c484,ELEC-1093,265,1
94a3cdee,ELEC-1003,351,2
79940cd9,ELEC-1093,290,2
33726897,ELEC-1052,34,1
387b4fa9,ELEC-1032,175,2
55dfeafd,ELEC-1034,232,0
47d05f99,ELEC-1097,376,0
deca6272,ELEC-1055,84,0
414f212b,ELEC-1091,350,0
714bacf1,ELEC-1039,64,0
f3b6f392,ELEC-1011,111,1
4ccd94d4,ELEC-1089,384,0
0542cb6a,ELEC-1087,68,1
6c20341b,ELEC-1039,199,0
e8bcb3b3,ELEC-1017,358,1
7f3f4df7,ELEC-1096,362,2
0e73ffbb,ELEC-1048,109,0
1e9efdae,ELEC-1042,298,0
9d405826,ELEC-1019,119,0
0ea725f1,ELEC-1058,320,1
d6230b68,ELEC-1091,170,0
ca36a38e,ELEC-1055,145,0
23b54854,ELEC-1012,160,0
45563246,ELEC-1023,121,1
01541519,ELEC-1055,145,0
7bbfc46d,ELEC-1032,188,2
f59cfafe,ELEC-1055,20,0
74c0f8cf,ELEC-1062,283,0
56423321,ELEC-1090,157,0
b5885330,ELEC-1028,398,0
892baf6e,ELEC-1051,320,2
100d1984,ELEC-1011,64,2
167123f5,ELEC-1092,292,0
5c545abf,ELEC-1039,266,1
0aeacd5e,ELEC-1084,212,0
8e129f35,ELEC-1022,150,2
8b97cb89,ELEC-1013,188,0
6856ae37,ELEC-1016,147,2
541b6ca8,ELEC-1073,386,2
fd0410d5,ELEC-1036,346,0
cece1a2f,ELEC-1040,83,0
c2cd1995,ELEC-1056,259,0
5a462b1d,ELEC-1099,120,2
ab8ecc77,ELEC-1073,191,0
f798b359,ELEC-1065,61,2
2ca80491,ELEC-1008,59,0
b7623a8a,ELEC-1066,351,1
4303a984,ELEC-1068,40,1
de1b2094,ELEC-1095,282,0
0f6275c9,ELEC-1009,109,0
15d3875e,ELEC-1062,231,0
7276bef5,ELEC-1012,313,0
e27acc68,ELEC-1083,291,0
d38a26be,ELEC-1026,188,0
c710451b,ELEC-1016,387,0
515bae39,ELEC-1079,256,0
0f0dc132,ELEC-1099,177,0
032b0788,ELEC-1020,148,0
6e303495,ELEC-1095,23,0
401a55ea,ELEC-1058,95,0
c0ccf0ba,ELEC-1022,352,0
38bbb676,ELEC-1087,242,1
d987f652,ELEC-1042,211,2
90f0d4af,ELEC-1042,79,0
939be3c8,ELEC-1014,287,0
7c17ac0f,ELEC-1000,118,0
93f2cde5,ELEC-1032,54,2
c13577f1,ELEC-1054,381,0
03ed12ed,ELEC-1071,142,0
e4f83118,ELEC-1038,142,2
79287bf2,ELEC-1089,251,1
7cec3d60,ELEC-1002,229,0
f0b043de,ELEC-1000,251,2
6603465d,ELEC-1065,183,0
b025ec5a,ELEC-1029,211,0
76ff5ffb,ELEC-1029,320,0
5aaaf53c,ELEC-1000,218,0
b70d2b5e,ELEC-1075,278,0
2f95f44c,ELEC-1090,147,0
30f3adf3,ELEC-1067,179,0
a33777a9,ELEC-1091,328,0
4a67e18b,ELEC-1093,396,0
195d10d6,ELEC-1048,133,0
1438d1a9,ELEC-1022,377,0
083b253f,ELEC-1023,379,0
33ac7af8,ELEC-1073,103,0
84fc63af,ELEC-1058,349,0
1e3ecfd3,ELEC-1042,292,0
1ff3c3c1,ELEC-1050,158,2
a8cc797f,ELEC-1022,260,0
25b01f9f,ELEC-1066,236,0
724c8058,ELEC-1042,240,1
b718abb6,ELEC-1095,371,0
21fedd57,ELEC-1006,309,0
3c91a318,ELEC-1067,362,0
af4ccecf,ELEC-1070,304,2
ad066845,ELEC-1013,302,0
44425210,ELEC-1014,47,1
e4350166,ELEC-1038,214,0
25c46a2b,ELEC-1074,10,0
83a9bbce,ELEC-1000,163,0
31443616,ELEC-1023,180,0
5c73ceb7,ELEC-1069,222,0
f58df9f7,ELEC-1079,389,0
f0a4f68a,ELEC-1029,304,0
acccb552,ELEC-1087,77,0
0087348c,ELEC-1000,173,0
63448834,ELEC-1029,302,0
7ac8b428,ELEC-1081,108,0
146bc3e9,ELEC-1023,368,0
3f27737c,ELEC-1078,151,0
8db7e4c8,ELEC-1071,205,2
752ae700,ELEC-1015,231,0
540bbb22,ELEC-1073,327,0
4c9980ed,ELEC-1025,242,0
2e26a4bc,ELEC-1010,89,0
13dd96db,ELEC-1020,259,0
0643b96e,ELEC-1080,76,0
493fee0c,ELEC-1030,331,0
05593e7d,ELEC-1025,209,0
1e24a4d6,ELEC-1046,198,0
9aea0023,ELEC-1095,149,0
827470f9,ELEC-1015,238,0
9d3e5975,ELEC-1049,97,0
a3e7a102,ELEC-1095,137,0
0f300e01,ELEC-1063,261,1
5d67b51c,ELEC-1015,307,1
580c0538,ELEC-1046,242,0
9a1d3bef,ELEC-1006,217,0
b50160f0,ELEC-1010,280,1
2faea5c9,ELEC-1003,99,1
a97fe1dc,ELEC-1063,99,2
8bd49acd,ELEC-1061,192,0
2abe93b0,ELEC-1082,308,0
d52de792,ELEC-1045,105,0
91982309,ELEC-1019,323,1
4097d8ac,ELEC-1073,67,0
8971b73a,ELEC-1048,359,0
e0eef89b,ELEC-1011,291,0
e1e0a1d5,ELEC-1082,338,2
fb3f93d9,ELEC-1010,384,2
9e0b29d6,ELEC-1029,146,0
56929104,ELEC-1078,348,0
067dd3ff,ELEC-1046,358,0
bb335220,ELEC-1022,62,0
7b79b600,ELEC-1039,326,0
3334b18d,ELEC-1011,369,2
c0cfae3a,ELEC-1071,230,0
65053f0b,ELEC-1035,302,0
e999109f,ELEC-1007,321,0
2f9d3ddc,ELEC-1026,207,1
64337de8,ELEC-1001,359,0
e95166c5,ELEC-1080,284,0
c47a3a91,ELEC-1079,212,1
6fb2a970,ELEC-1042,365,0
d8dd8e1d,ELEC-1053,44,1
5448c586,ELEC-1035,172,0
d4d4235a,ELEC-1032,383,0
38878474,ELEC-1057,219,0
f8fae70c,ELEC-1005,34,0
f096ed3f,ELEC-1047,99,0
fabfce15,ELEC-1076,203,0
87c99527,ELEC-1071,216,0
33cf6481,ELEC-1072,170,0
5915da90,ELEC-1002,336,2
785ced59,ELEC-1097,120,0
4f450e49,ELEC-1025,97,0
97ed0fa0,ELEC-1061,56,0
407069ae,ELEC-1053,166,2
497cd8f8,ELEC-1065,267,0
e358cb17,ELEC-1054,267,1
a1003268,ELEC-1015,387,0
49051c2d,ELEC-1070,128,0
96654ad9,ELEC-1069,379,0
ffda3d11,ELEC-1017,376,0
845d42b0,ELEC-1052,374,0
9ce26cf2,ELEC-1008,313,0
714cf855,ELEC-1023,54,0
fceae582,ELEC-1090,79,0
43f3f768,ELEC-1029,262,0
cc8d8084,ELEC-1050,391,0
86f499de,ELEC-1009,197,2
fa6558fd,ELEC-1013,254,0
94908804,ELEC-1063,168,0
be059fb1,ELEC-1033,101,0
4fb6fd5e,ELEC-1056,354,0
536cad81,ELEC-1021,194,0
777dd8ff,ELEC-1045,380,0
6e44af35,ELEC-1077,52,0
f2b3dc01,ELEC-1021,74,0
a81fd3cb,ELEC-1068,181,0
9c7f6c38,ELEC-1030,348,2
cf0983c6,ELEC-1037,152,1
d62f8bc1,ELEC-1089,200,0
52e4592f,ELEC-1068,37,0
c16a2dda,ELEC-1014,106,0
540fd6b8,ELEC-1095,81,0
ed08b3b7,ELEC-1087,240,0
fa06b016,ELEC-1016,68,1
d16f7cf8,ELEC-1064,212,0
674a584b,ELEC-1017,53,0
76449024,ELEC-1005,52,0
8d7660ac,ELEC-1048,180,0
275d2a3a,ELEC-1078,157,2
dd63cb28,ELEC-1041,385,0
d1708280,ELEC-1086,60,1
a12fb4b6,ELEC-1068,302,0
56d5e775,ELEC-1087,319,1
ce4d0f58,ELEC-1089,333,0
86a59d31,ELEC-1024,202,0
95bf80d3,ELEC-1065,145,0
b8d37645,ELEC-1077,55,0
c330b8f3,ELEC-1097,21,0
af684c53,ELEC-1020,169,0
c0946619,ELEC-1086,131,1
5ff55c80,ELEC-1035,184,0
6c89141e,ELEC-1058,325,0
865cfe06,ELEC-1064,345,0
7b9f6383,ELEC-1008,281,0
623ca191,ELEC-1052,146,0
6f0d36bf,ELEC-1012,341,0
437c1e64,ELEC-1034,110,0
38e3beb0,ELEC-1025,218,0
8c30ffe0,ELEC-1039,88,2
0d3bb83b,ELEC-1018,207,0
cf39a0db,ELEC-1096,41,0
a2e78da2,ELEC-1013,192,1
17919e09,ELEC-1003,288,0
4fafbcee,ELEC-1071,351,1
e866c943,ELEC-1032,192,0
d919a413,ELEC-1051,49,0
5a73de6b,ELEC-1027,126,1
2de83113,ELEC-1003,79,2
0e234598,ELEC-1091,352,1
9f98fa88,ELEC-1049,144,0
cedae9ab,ELEC-1065,378,0
441a554e,ELEC-1012,152,0
f31deabd,ELEC-1026,156,0
4cbaaf32,ELEC-1041,92,1
7c387d60,ELEC-1033,255,0
28715373,ELEC-1008,226,0
e1c1c77d,ELEC-1023,250,0
d24ca8e1,ELEC-1043,390,0
76474899,ELEC-1037,205,0
52c7732d,ELEC-1038,396,0
1f606daf,ELEC-1029,307,0
c7074b59,ELEC-1005,150,0
1b1984e3,ELEC-1033,315,0
feade1db,ELEC-1016,141,0
2feeca40,ELEC-1064,77,0
59e073f2,ELEC-1082,267,0
60dd5c39,ELEC-1073,112,0
2799e573,ELEC-1014,189,1
21c19e3e,ELEC-1075,102,2
1b26fc55,ELEC-1014,218,0
0ad401c0,ELEC-1076,86,0
e7dbdeeb,ELEC-1094,360,0
46c9d054,ELEC-1082,381,0
399df06d,ELEC-1080,391,0
f75caf11,ELEC-1069,292,0
dbe6907a,ELEC-1039,189,2
ebe35ee5,ELEC-1011,163,1
7cc3e920,ELEC-1050,331,0
87f573d0,ELEC-1075,312,0
598c3d27,ELEC-1000,356,0
8eec4291,ELEC-1085,59,2
9ffca758,ELEC-1063,204,0
8bc60716,ELEC-1050,255,0
bae86846,ELEC-1032,232,2
8f9addf4,ELEC-1020,104,0
286ef98f,ELEC-1066,240,0
b713b4fd,ELEC-1008,246,0
946c132f,ELEC-1070,321,0
ceb91c46,ELEC-1069,352,0
16cf107b,ELEC-1046,238,0
cace3e4e,ELEC-1075,183,2
2f77aa32,ELEC-1028,205,0
a4e0bdd6,ELEC-1033,54,0
16d9e4f7,ELEC-1048,167,0
0a7cf6ca,ELEC-1094,296,0
a579e5a0,ELEC-1018,264,0
39eabe56,ELEC-1099,344,0
023760d9,ELEC-1076,179,0
8e34bfae,ELEC-1077,15,0
68986029,ELEC-1069,19,2
57366ba1,ELEC-1012,273,0
dbbd0020,ELEC-1083,232,0
bac235c5,ELEC-1001,67,0
33d45655,ELEC-1052,379,0
681299b6,ELEC-1035,307,0
34014b2f,ELEC-1040,165,0
535a8fee,ELEC-1002,275,0
0172433a,ELEC-1054,13,0
452afba9,ELEC-1070,192,0
caaf5d78,ELEC-1056,244,2
bde33a4c,ELEC-1031,273,0
6a5c069c,ELEC-1041,42,0
256c961f,ELEC-1056,193,0
6a48f3b1,ELEC-1060,123,0
89ee0b9e,ELEC-1093,64,2
6b5d9620,ELEC-1092,372,0
e6e8df73,ELEC-1084,233,0
56886a1e,ELEC-1079,201,0
5f89e3d4,ELEC-1003,370,0
3ab65267,ELEC-1059,224,0
1d81cd82,ELEC-1083,123,0
9d7be5ba,ELEC-1020,390,0
b2f902ba,ELEC-1045,163,0
3474e25a,ELEC-1092,176,0
2f36ac0b,ELEC-1087,27,0
4d177c29,ELEC-1033,110,2
761ff72d,ELEC-1056,201,0
d7880253,ELEC-1087,329,0
5aa553de,ELEC-1041,99,0
180d46b0,ELEC-1016,70,0
8f7a7181,ELEC-1011,18,2
5f072da1,ELEC-1066,47,0
b1faa122,ELEC-1083,191,0
0e5e2844,ELEC-1079,96,0
7821cd39,ELEC-1092,217,0
94247bdd,ELEC-1040,353,0
36b69ff6,ELEC-1019,350,0
91b0e128,ELEC-1044,243,1
11ec6fdc,ELEC-1033,80,0
e67d7d15,ELEC-1042,216,0
2cc0e22b,ELEC-1041,219,0
1cb70226,ELEC-1043,333,0
cbac5948,ELEC-1017,181,1
cb2da084,ELEC-1014,42,0
91d954d6,ELEC-1096,165,0
8759904f,ELEC-1054,384,0
7b052073,ELEC-1017,339,0
9cdd6c3a,ELEC-1026,293,0
9088fabb,ELEC-1044,308,0
a19faba7,ELEC-1065,37,2
8128a078,ELEC-1047,113,2
6f07efbc,ELEC-1019,159,1
054a169f,ELEC-1099,192,0
30413941,ELEC-1033,45,0
ebbf835b,ELEC-1052,42,0
038a19e7,ELEC-1091,365,0
1ff82e72,ELEC-1059,294,0
002edba1,ELEC-1071,334,0
de3b69f5,ELEC-1062,183,0
6c731575,ELEC-1018,331,1
cfd5aeed,ELEC-1012,84,0
e8ba15a7,ELEC-1054,197,0
e7cb6c7f,ELEC-1095,71,0
ae4c7631,ELEC-1041,155,0
03a76baf,ELEC-1014,333,0
04290abf,ELEC-1035,305,0
c8889f86,ELEC-1040,191,0
a254b843,ELEC-1030,185,0
b805d2ad,ELEC-1081,386,2
30185137,ELEC-1085,129,0
038cd6d9,ELEC-1048,34,0
e3a27b3f,ELEC-1061,145,0
aebfe700,ELEC-1079,213,0
ceed1afa,ELEC-1089,287,2
46c0a650,ELEC-1092,112,0
e8be4c12,ELEC-1056,28,0
fc13c634,ELEC-1023,88,0
167b3ed7,ELEC-1017,107,0
bc889f1c,ELEC-1036,142,1
a858e6e6,ELEC-1040,237,1
b0818548,ELEC-1004,391,0
ea104f20,ELEC-1041,233,1
0e1dbe73,ELEC-1092,72,0
6457a7c4,ELEC-1048,130,0
ba5adcdb,ELEC-1015,134,0
349245d9,ELEC-1012,101,0
1054b944,ELEC-1077,18,0
f0914557,ELEC-1030,310,0
8c9282ad,ELEC-1069,320,2
77663c0b,ELEC-1022,156,0
33329bc5,ELEC-1009,83,1
d1ad7e90,ELEC-1042,293,0
8b4901ac,ELEC-1076,308,0
7bb78a5f,ELEC-1073,21,0
bc262fe2,ELEC-1027,335,0
7e11a22b,ELEC-1017,142,0
9490c722,ELEC-1056,159,2
b09b504f,ELEC-1096,214,0
92be453a,ELEC-1048,96,0
37997bc3,ELEC-1065,360,0
8c437587,ELEC-1083,265,0
507fa8b7,ELEC-1089,208,0
69fd58ab,ELEC-1052,387,2
5ea58f98,ELEC-1057,140,0
b7b3ebcd,ELEC-1079,387,0
610d65ec,ELEC-1037,111,0
201f5025,ELEC-1005,115,0
bb98ceba,ELEC-1031,395,0
114dbd75,ELEC-1022,53,2
459bf450,ELEC-1018,310,0
3cb28b27,ELEC-1008,31,0
77518623,ELEC-1070,190,0
b82d0db6,ELEC-1052,219,0
129453cf,ELEC-1003,234,0
891a10a2,ELEC-1096,230,2
d5ea7ac9,ELEC-1011,111,1
77ce9fbf,ELEC-1078,212,0
68480b73,ELEC-1050,42,0
e3a57163,ELEC-1030,150,0
0b3647cb,ELEC-1035,156,0
6ba23b95,ELEC-1066,221,0
c191e62e,ELEC-1041,357,1
b1b03b68,ELEC-1052,258,0
64346b08,ELEC-1020,170,2
bf288dc7,ELEC-1077,271,0
7c4c2001,ELEC-1058,237,0
5ac65ed1,ELEC-1058,206,0
cb3d354f,ELEC-1070,388,0
1f06fef2,ELEC-1041,213,0
a5f19e14,ELEC-1062,14,0
b9caa30e,ELEC-1005,292,0
81ec0ccc,ELEC-1003,189,2
8b4552ce,ELEC-1061,284,0
a4a42d94,ELEC-1063,228,0
cb860856,ELEC-1027,343,0
584c1e25,ELEC-1032,260,0
a8b48a6b,ELEC-1012,45,2
291eff53,ELEC-1015,341,0
f4c93960,ELEC-1000,138,0
86664ac2,ELEC-1087,304,1
c581100b,ELEC-1031,300,0
cfad1487,ELEC-1048,294,0
3f762ec1,ELEC-1013,177,0
43cc1fc4,ELEC-1017,255,0
9663b8b9,ELEC-1096,378,0
72f857a3,ELEC-1008,87,0
10d715df,ELEC-1037,302,0
eb23656d,ELEC-1012,16,1
c1ea0a3a,ELEC-1097,82,0
3f2e4d49,ELEC-1021,153,1
185bb782,ELEC-1014,114,0
bc16d73f,ELEC-1029,389,0
7fcd469b,ELEC-1020,62,2
b69988c4,ELEC-1026,64,0
c3eb8076,ELEC-1079,324,0
4433c668,ELEC-1036,320,0
53996d02,ELEC-1087,91,0
ff7b16c7,ELEC-1098,354,0
2f5ae85b,ELEC-1076,227,0
d3aac7ef,ELEC-1047,114,0
810d5746,ELEC-1024,384,0
e9a1a5f0,ELEC-1035,311,0
91e45d4d,ELEC-1064,186,0
54b1b7fb,ELEC-1023,242,0
c45e6927,ELEC-1047,95,0
16025aa8,ELEC-1057,366,2
9e6769f8,ELEC-1012,32,2
ead9f16c,ELEC-1077,237,2
fcc62b87,ELEC-1009,85,0
aab37427,ELEC-1065,60,0
3b788fe6,ELEC-1035,14,0
d5ba7d4b,ELEC-1083,190,0
9866fb49,ELEC-1058,145,0
286d0375,ELEC-1076,142,0
84e8da6d,ELEC-1033,352,0
5a63dab5,ELEC-1031,172,0
14569a3b,ELEC-1013,174,0
4b309781,ELEC-1027,346,0
27d93942,ELEC-1024,314,0
fabcf42c,ELEC-1017,257,0
9009888e,ELEC-1065,138,0
6a145bdb,ELEC-1005,268,0
b054f738,ELEC-1082,39,1
774869c1,ELEC-1003,178,0
d7613de5,ELEC-1021,32,1
43b3fe56,ELEC-1097,138,0
7be948fe,ELEC-1068,311,0
b6921c08,ELEC-1033,234,0
2a6496e1,ELEC-1064,380,0
c9a59827,ELEC-1082,336,0
1ade3224,ELEC-1050,135,0
de3c9f16,ELEC-1065,151,0
88049ecb,ELEC-1032,172,0
7d2d2148,ELEC-1008,228,0
9a437148,ELEC-1052,40,0
a2bc38a8,ELEC-1098,376,0
6680457d,ELEC-1034,144,2
70057012,ELEC-1060,334,0
7001ef12,ELEC-1078,100,0
ef2ff2b0,ELEC-1089,124,0
30a666bc,ELEC-1062,362,0
142bbdc5,ELEC-1084,207,0
170576f0,ELEC-1034,105,0
ea47b2fb,ELEC-1075,278,0
40f8d0ab,ELEC-1083,361,1
bd2bcc0f,ELEC-1058,135,0
aca31b60,ELEC-1041,164,0
6a329c32,ELEC-1090,399,2
10f57e29,ELEC-1054,68,0
02e66093,ELEC-1071,41,1
0922eaf5,ELEC-1076,11,1
70e3565b,ELEC-1090,231,0
d8ebd057,ELEC-1053,334,0
73614142,ELEC-1009,389,2
2b38d62a,ELEC-1064,37,0
15cd67da,ELEC-1055,175,0
feec1a74,ELEC-1013,155,0
7af9a41d,ELEC-1032,67,0
5410da21,ELEC-1085,50,0
9fa5ad55,ELEC-1012,94,0
39ceb30f,ELEC-1018,250,0
6b64d6c7,ELEC-1036,19,1
4b5ebe39,ELEC-1033,358,0
945f47d3,ELEC-1057,39,0
4c85c49f,ELEC-1012,365,0
39acf35b,ELEC-1053,85,0
8b1eac6b,ELEC-1098,87,1
1b944d3e,ELEC-1041,131,0
07ae6eae,ELEC-1035,260,0
694faa36,ELEC-1031,48,0
90b54b70,ELEC-1008,96,1
045c766e,ELEC-1022,68,0
9879bdb9,ELEC-1054,194,2
0ada09e1,ELEC-1012,297,2
8fa74d9b,ELEC-1030,324,0
d2175408,ELEC-1047,361,0
59a333cb,ELEC-1036,242,0
81b56079,ELEC-1094,153,0
fac7c809,ELEC-1028,297,0
8aa1b65c,ELEC-1042,364,0
780122fb,ELEC-1065,49,0
e391c2de,ELEC-1087,396,0
d120d1e3,ELEC-1079,346,0
5abdbc6b,ELEC-1009,163,1
fa7f9e72,ELEC-1054,10,0
995edfd5,ELEC-1056,10,0
ed6d6b1b,ELEC-1092,119,0
cc39c007,ELEC-1063,207,0
e1ae7818,ELEC-1074,267,1
921f4814,ELEC-1024,365,2
1c12db0b,ELEC-1080,316,0
31f8070e,ELEC-1005,351,0
89b16df5,ELEC-1063,79,0
c707f6f6,ELEC-1093,164,0
984ff578,ELEC-1048,297,0
0c794867,ELEC-1087,130,0
0a677b34,ELEC-1099,152,2
b698f97d,ELEC-1032,271,0
808f3e08,ELEC-1058,157,0
04b6423e,ELEC-1065,352,0
9a707712,ELEC-1038,345,0
8fe7f20e,ELEC-1075,193,0
28995bda,ELEC-1053,286,2
81da5992,ELEC-1071,83,0
7018c23d,ELEC-1054,376,0
5e5d6afd,ELEC-1043,79,0
f9280266,ELEC-1075,257,0
08535806,ELEC-1092,265,1
50441a5a,ELEC-1009,399,0
63dc7d59,ELEC-1009,359,0
7b532591,ELEC-1006,321,0
94e867dd,ELEC-1063,279,1
d3643228,ELEC-1082,384,0
f53dcb77,ELEC-1097,27,0
ab8e3354,ELEC-1040,172,0
b6204f6b,ELEC-1084,351,0
d7564624,ELEC-1044,256,0
4c6579d9,ELEC-1010,289,0
1bf4c109,ELEC-1084,166,0
3ce29f58,ELEC-1047,86,0
b8844880,ELEC-1055,303,0
675c9ab4,ELEC-1028,78,0
bf5062a3,ELEC-1005,61,0
c5f00d69,ELEC-1082,379,0
b894b887,ELEC-1086,80,2
ae005d8c,ELEC-1064,121,0
ead6d6f2,ELEC-1097,136,1
93ff9501,ELEC-1074,124,2
cb26840c,ELEC-1049,86,1
fc86184f,ELEC-1034,297,0
dfadfe2e,ELEC-1066,287,0
21746ba0,ELEC-1094,384,1
a5216fd3,ELEC-1087,82,0
2d7fc6ef,ELEC-1077,94,0
61257470,ELEC-1038,278,1
4407d89b,ELEC-1098,336,0
4eca0796,ELEC-1035,74,0
88299159,ELEC-1026,310,1
4962cdba,ELEC-1073,270,0
f0087460,ELEC-1033,242,0
5926b512,ELEC-1002,182,0
3f732fec,ELEC-1038,307,0
3cd348dd,ELEC-1052,279,0
c2b12672,ELEC-1030,145,0
6d41c5f3,ELEC-1039,346,2
bac003e9,ELEC-1007,281,1
3ede1777,ELEC-1011,243,0
349eacaf,ELEC-1066,399,0
af40a2ee,ELEC-1005,139,1
fa9215da,ELEC-1077,387,0
361b17ac,ELEC-1059,342,0
c43f31c2,ELEC-1035,185,0
2fa03e31,ELEC-1054,78,0
a72537e1,ELEC-1046,22,0
4af80fcd,ELEC-1029,259,0
5df07ba4,ELEC-1069,311,0
2cd8fb9c,ELEC-1029,89,2
681cdb4d,ELEC-1045,372,1
58365494,ELEC-1083,237,0
5b9d788a,ELEC-1066,225,0
60010162,ELEC-1066,23,0
4c4a43e3,ELEC-1085,29,0
a964d604,ELEC-1065,124,0
92ff8b31,ELEC-1016,129,0
56e453ba,ELEC-1026,164,0
43bd0e97,ELEC-1036,394,0
e4a967a5,ELEC-1058,80,0
f31163cd,ELEC-1083,55,0
2b11c834,ELEC-1018,164,0
b3de7fec,ELEC-1090,76,0
405c1421,ELEC-1020,300,0
cc9d87c0,ELEC-1071,288,0
a45271c8,ELEC-1096,55,0
c3ae1864,ELEC-1038,225,0
688ebea6,ELEC-1056,270,2
9ce32357,ELEC-1092,31,0
ea168516,ELEC-1089,130,1
3936fcbe,ELEC-1030,199,0
d0eacc69,ELEC-1053,377,0
02922741,ELEC-1013,304,0
ab12d422,ELEC-1099,254,0
3f6847d8,ELEC-1018,41,0
637c2267,ELEC-1096,289,0
318e8af1,ELEC-1030,135,2
5968f9e7,ELEC-1053,25,0
26a9e3e8,ELEC-1099,257,1
fc902e48,ELEC-1007,15,0
cdf87282,ELEC-1053,149,0
ac88e44a,ELEC-1009,218,0
d62ab046,ELEC-1060,223,0
8054b85c,ELEC-1071,141,0
e6ba00fb,ELEC-1055,39,0
699780ed,ELEC-1034,128,0
02cf897b,ELEC-1080,11,0
b06af0ef,ELEC-1019,75,0
32a6d86b,ELEC-1071,62,0
02788504,ELEC-1036,363,2
d049f605,ELEC-1028,61,0
1a685c07,ELEC-1047,35,0
c53f64c3,ELEC-1020,148,0
4f07cbf9,ELEC-1010,123,0
0bb59662,ELEC-1080,281,2
0ffb0995,ELEC-1092,79,0
3ac99471,ELEC-1048,142,0
7b51e19d,ELEC-1095,14,0
7df8c900,ELEC-1040,328,0
74c0e97c,ELEC-1092,12,0
99bc9a93,ELEC-1001,395,0
5e05840e,ELEC-1076,118,0
5e874e7e,ELEC-1016,115,1
d5a31d2f,ELEC-1086,104,0
42625ff5,ELEC-1076,49,0
d85ea0e5,ELEC-1037,98,0
c0251b3e,ELEC-1036,391,0
c1b80039,ELEC-1076,399,0
1ccac183,ELEC-1028,42,2
b65d86f5,ELEC-1036,282,0
662289b6,ELEC-1097,80,0
3eea542c,ELEC-1012,89,0
57dcaf4f,ELEC-1023,154,0
defbc7e4,ELEC-1024,101,0
ef64be5d,ELEC-1086,269,0
12cd02c9,ELEC-1055,85,0
a3deb3fb,ELEC-1039,91,0
1b20938e,ELEC-1075,198,2
5dfc87c7,ELEC-1039,352,0
e97ea77e,ELEC-1016,311,0
905d4c31,ELEC-1064,358,2
53a9cd87,ELEC-1029,37,0
63a12ba4,ELEC-1007,135,0
b02eb891,ELEC-1094,149,0
a1abfeba,ELEC-1000,43,2
c627a873,ELEC-1039,115,0
324597ef,ELEC-1078,341,0
07eb542f,ELEC-1066,162,0
b8a4b6a5,ELEC-1088,197,2
5218b8a1,ELEC-1034,149,0
4c44aad8,ELEC-1025,204,0
cd77452b,ELEC-1008,321,0
06fd321b,ELEC-1061,294,0
d4e79023,ELEC-1081,114,0
6763f374,ELEC-1021,148,0
d9da502d,ELEC-1055,103,0
6d54f150,ELEC-1026,164,0
b3d9ea66,ELEC-1000,384,0
00d648e2,ELEC-1027,281,0
9ab6d784,ELEC-1062,234,0
409dc041,ELEC-1068,127,0
93052050,ELEC-1004,108,0
05c1749d,ELEC-1024,360,0
9347c1d8,ELEC-1088,174,2
3a6f5968,ELEC-1051,10,0
7c21b5a7,ELEC-1010,113,0
4d4fbdee,ELEC-1038,235,0
060c7000,ELEC-1060,63,0
e1754e17,ELEC-1067,201,0
975d378a,ELEC-1065,236,0
ad8101c4,ELEC-1092,217,0
ca1a8455,ELEC-1043,20,0
d91853d9,ELEC-1057,12,0
5d680a74,ELEC-1091,355,0
04f2a30f,ELEC-1078,98,1
ee065145,ELEC-1043,298,0
58b6497e,ELEC-1082,83,0
93adcfc1,ELEC-1042,308,0
f985786e,ELEC-1066,233,0
4325f593,ELEC-1041,302,2
e87801eb,ELEC-1051,204,0
4b601fc7,ELEC-1066,331,0
92a901a2,ELEC-1042,35,2
a683cdc0,ELEC-1014,345,0
2d14aae0,ELEC-1070,322,0
5adc72a6,ELEC-1036,97,0
5ace961b,ELEC-1061,208,0
dda33af7,ELEC-1020,50,0
f399f28b,ELEC-1088,254,1
57a8edb5,ELEC-1047,379,0
136a1241,ELEC-1075,125,0
84dc15c8,ELEC-1085,19,0
a8ff80b2,ELEC-1064,315,0
e3ab32c2,ELEC-1052,295,0
e6551d1d,ELEC-1045,74,1
6839df65,ELEC-1003,122,1
31411bde,ELEC-1036,222,0
9b352a49,ELEC-1025,81,0
510148b4,ELEC-1084,258,0
d17bd9f8,ELEC-1080,195,0
145a5862,ELEC-1025,220,0
9a504a9a,ELEC-1058,382,0
65073e75,ELEC-1054,248,0
547ebaa8,ELEC-1030,363,0
336702aa,ELEC-1007,148,0
e40af5d0,ELEC-1095,43,0
a7291bc7,ELEC-1034,348,1
918d4a8b,ELEC-1005,186,1
71c10eec,ELEC-1053,29,0
c76b8e73,ELEC-1010,372,0
986b9330,ELEC-1095,55,1
09a29c2b,ELEC-1072,120,0
c4b4f2c9,ELEC-1033,98,0
7a1790cb,ELEC-1062,149,2
d4c1acfb,ELEC-1010,243,2
a2c9e905,ELEC-1056,125,0
7c5c8848,ELEC-1029,369,0
2d2e5d19,ELEC-1094,230,2
2197a97e,ELEC-1056,304,0
ec7c1ded,ELEC-1096,72,0
5a0ead14,ELEC-1068,268,0
1ed9b7fd,ELEC-1061,59,0
443b9225,ELEC-1017,398,0
44f6af65,ELEC-1056,399,0
ab3dd580,ELEC-1050,90,1
1e31ea2f,ELEC-1007,345,0
b3ced1bb,ELEC-1060,114,0
91d1d2a9,ELEC-1009,264,0
1aa68759,ELEC-1099,194,1
42d6541f,ELEC-1098,349,2
3cad881f,ELEC-1099,399,0
242521b6,ELEC-1015,307,0
d95a9dd2,ELEC-1044,250,0
e3426aa7,ELEC-1036,15,0
1180e104,ELEC-1023,361,0
67c13380,ELEC-1019,353,0
003c7d44,ELEC-1046,230,0
7fd5f357,ELEC-1043,117,1
be54b248,ELEC-1026,280,0
0e1c0c96,ELEC-1052,55,0
376e972e,ELEC-1028,258,0
c83e155b,ELEC-1091,229,2
28abeb77,ELEC-1028,285,0
ab08f47c,ELEC-1011,139,0
10370bca,ELEC-1006,312,0
df2b219c,ELEC-1019,363,0
47da955f,ELEC-1073,129,1
61d70491,ELEC-1062,29,0
ef4a7ebe,ELEC-1027,89,0
a2ba5332,ELEC-1031,29,0
e9f6ef9b,ELEC-1075,367,0
7ce6d16e,ELEC-1099,72,0
804c8949,ELEC-1085,272,0
4aa789c5,ELEC-1095,127,0
35fa3d99,ELEC-1086,248,0
babcd79f,ELEC-1059,317,0
d99550b6,ELEC-1062,342,0
b0a74693,ELEC-1027,331,0
ef2ec342,ELEC-1059,290,0
3c2099a0,ELEC-1005,28,1
06a5bdec,ELEC-1051,32,0
bee792d7,ELEC-1076,27,1
eb581965,ELEC-1099,327,0
04d5783e,ELEC-1052,71,0
e02ebf78,ELEC-1091,89,0
893baadf,ELEC-1031,117,2
f397f18a,ELEC-1019,172,0
cf88e59c,ELEC-1021,12,1
0bcd7c1b,ELEC-1060,388,0
12e9d5ff,ELEC-1002,16,0
c6395dcb,ELEC-1068,40,0
593d7415,ELEC-1043,354,0
756bfdaf,ELEC-1073,335,2
bb88b7d0,ELEC-1059,230,1
db74ed38,ELEC-1097,89,0
9a3f3c2a,ELEC-1093,225,0
36d55de5,ELEC-1083,69,0
3158fe42,ELEC-1020,148,0
17850861,ELEC-1027,220,0
d2533456,ELEC-1068,327,0
30b41777,ELEC-1044,318,0
3c482187,ELEC-1020,137,2
76d4ea10,ELEC-1001,360,0
d851062c,ELEC-1079,373,0
fb9575c1,ELEC-1031,83,2
1b035ea1,ELEC-1006,40,0
57040f7c,ELEC-1057,390,0
2ed55f0a,ELEC-1070,38,0
838162e7,ELEC-1035,324,2
8dcb7905,ELEC-1069,252,0
8e485f9c,ELEC-1054,128,0
44873a38,ELEC-1092,231,0
7fd18d4d,ELEC-1026,225,0
574a16ff,ELEC-1004,10,0
0b7bcd1f,ELEC-1010,268,0
2680680e,ELEC-1064,267,0
dbfd10d9,ELEC-1037,11,0
717180b5,ELEC-1021,380,0
b8e408fb,ELEC-1051,43,1
77a32549,ELEC-1004,199,1
edb38dc1,ELEC-1041,356,0
35d99f57,ELEC-1089,142,0
ce0f23af,ELEC-1027,396,0
4dc7103a,ELEC-1082,186,2
15640c5d,ELEC-1004,56,0
f5579ab7,ELEC-1064,145,0
df1309af,ELEC-1070,270,0
7dd537d0,ELEC-1095,348,0
d613997c,ELEC-1016,340,0
5dbf8fd1,ELEC-1084,201,0
efd24eef,ELEC-1011,189,0
83231e62,ELEC-1056,398,0
a07ec5a0,ELEC-1060,195,0
174f84a4,ELEC-1078,351,2
e15df1ba,ELEC-1048,274,1
48e8912d,ELEC-1025,258,0
a78a6e54,ELEC-1051,364,1
46dba811,ELEC-1036,177,0
9397c193,ELEC-1048,135,0
5c58d826,ELEC-1047,190,0
08139e91,ELEC-1014,178,2
b0e5db54,ELEC-1074,118,2
a8e996f4,ELEC-1027,295,0
e03b0959,ELEC-1053,129,0
407c53b3,ELEC-1092,309,0
cf5f663a,ELEC-1072,236,0
9e6556f0,ELEC-1017,114,1
cf89d4bd,ELEC-1002,380,0
0d89120d,ELEC-1060,14,1
7cc42c5c,ELEC-1075,154,0
e1a465f5,ELEC-1046,249,0
86cddf72,ELEC-1038,156,0
b6086aae,ELEC-1021,113,0
bf9210cd,ELEC-1057,97,0
71e96563,ELEC-1020,356,0
700ac166,ELEC-1054,366,0
4deea081,ELEC-1064,306,1
650ceee6,ELEC-1057,181,0
8116a6eb,ELEC-1076,194,0
ae83788c,ELEC-1007,360,0
15e65a1b,ELEC-1065,157,0
578a6380,ELEC-1081,255,0
2059c8cb,ELEC-1014,179,0
bf5a91aa,ELEC-1029,40,1
ca79257f,ELEC-1057,40,0
a1002b85,ELEC-1028,132,0
7e54ade0,ELEC-1032,193,0
5f15839e,ELEC-1012,116,1
805db09d,ELEC-1010,222,0
5fe656d7,ELEC-1053,46,0
b10ce4b9,ELEC-1086,268,0
0db41d4b,ELEC-1055,191,0
06a5790f,ELEC-1056,275,0
02f42bbc,ELEC-1094,263,0
9f7e4f28,ELEC-1018,136,0
7837050d,ELEC-1026,178,0
cea438b2,ELEC-1099,315,0
38a7114d,ELEC-1025,88,0
9f4a53e7,ELEC-1066,232,0
17d1c438,ELEC-1097,72,1
96bafc92,ELEC-1066,342,0
166946d1,ELEC-1090,359,2
0609b003,ELEC-1044,193,0
05e4192d,ELEC-1099,286,0
e1b0b695,ELEC-1043,245,0
963f1bd8,ELEC-1079,79,0
7d5629e8,ELEC-1072,379,0
191a7944,ELEC-1092,362,1
40757f58,ELEC-1009,356,0
1ed7b43b,ELEC-1070,90,0
a97711ae,ELEC-1042,188,0
4abafedf,ELEC-1093,81,2
2ceb45ed,ELEC-1028,165,0
4759afad,ELEC-1003,22,0
86d2119f,ELEC-1043,384,0
726b6095,ELEC-1077,332,0
80b665c8,ELEC-1063,360,0
efd94da0,ELEC-1023,27,1
1a908ee2,ELEC-1095,60,0
59f59790,ELEC-1002,205,0
dc8b19b6,ELEC-1065,332,0
760667ab,ELEC-1071,206,1
1c9ac1bd,ELEC-1066,127,0
bf4f7655,ELEC-1064,184,0
59a7c5ee,ELEC-1059,232,0
079ec42e,ELEC-1015,38,2
92769260,ELEC-1059,185,0
e0ecb60f,ELEC-1008,96,0
d02f02be,ELEC-1014,280,0
99a0b3cb,ELEC-1040,157,0
0a665d19,ELEC-1041,143,0
1c9e6bb2,ELEC-1039,325,0
948c96f1,ELEC-1055,198,1
75453d9a,ELEC-1073,171,1
f1ae2e97,ELEC-1034,261,0
adfb4a41,ELEC-1063,300,0
7e897f5d,ELEC-1048,326,0
d13b7ce7,ELEC-1066,262,0
0fbed1a4,ELEC-1009,332,0
5e5fbc56,ELEC-1063,155,0
9852940a,ELEC-1065,262,0
9bf73123,ELEC-1030,266,1
fde33d00,ELEC-1037,90,0
ec86c83a,ELEC-1099,310,0
89133186,ELEC-1099,65,0
84507e5c,ELEC-1042,16,0
baf9fce2,ELEC-1078,184,2
6f36bc50,ELEC-1050,180,0
41025bff,ELEC-1074,229,0
f8ef2b42,ELEC-1043,64,0
b260f735,ELEC-1085,208,0
41d182ab,ELEC-1029,25,2
d7c9bec1,ELEC-1020,35,0
f688e8fe,ELEC-1071,296,0
1ed71a03,ELEC-1083,364,2
6ae826da,ELEC-1032,227,1
fdc5aa76,ELEC-1028,249,2
209d79ab,ELEC-1095,392,0
87f9a942,ELEC-1063,35,0
382099eb,ELEC-1067,280,2
c71cad53,ELEC-1060,163,1
adb5dae6,ELEC-1099,173,0
9c7f8b0e,ELEC-1031,33,0
eb7a961e,ELEC-1061,109,0
8ae19313,ELEC-1098,101,0
e01483f0,ELEC-1066,62,0
b3140422,ELEC-1084,91,0
a2db9a20,ELEC-1003,291,0
5eca2152,ELEC-1013,19,0
5193c9f0,ELEC-1076,104,0
9ee93710,ELEC-1004,170,0
027b4bda,ELEC-1031,76,2
5d12ea6c,ELEC-1010,237,0
0aa3b5a0,ELEC-1019,378,0
dbcdd642,ELEC-1036,131,0
bfde3513,ELEC-1051,336,2
1298260a,ELEC-1013,250,0
530278a0,ELEC-1076,296,0
8d0f4ffc,ELEC-1098,347,1
38053210,ELEC-1098,293,0
43ad82a4,ELEC-1003,333,0
eca623e9,ELEC-1089,151,2
9b3c4a39,ELEC-1062,71,0
b2f78163,ELEC-1029,313,0
ae20fac2,ELEC-1039,28,0
da1d5624,ELEC-1082,151,0
6282f510,ELEC-1040,184,0
16406775,ELEC-1046,137,2
78200bf5,ELEC-1044,312,0
e470105d,ELEC-1083,235,2
954012c5,ELEC-1085,302,0
a08b4d61,ELEC-1091,64,0
e5d02d3c,ELEC-1064,368,2
d933e272,ELEC-1009,40,0
92110e6d,ELEC-1086,35,0
89374b38,ELEC-1030,250,0
e9bd84a4,ELEC-1028,62,1
27c1b044,ELEC-1091,98,0
a9211c84,ELEC-1085,142,0
a9d2e4bc,ELEC-1032,147,0
599e74dd,ELEC-1060,146,0
6a930c20,ELEC-1012,44,1
15f326df,ELEC-1041,34,0
4281a00c,ELEC-1004,111,0
7aa50d14,ELEC-1068,88,0
bc3c2127,ELEC-1031,31,0
4001aed0,ELEC-1094,219,0
dab8d5d9,ELEC-1097,110,1
dea32ae4,ELEC-1033,59,0
47eb8e75,ELEC-1014,394,0
ec7b050b,ELEC-1013,10,0
e569b7a0,ELEC-1010,176,0
3b0f4c36,ELEC-1094,314,2
e6abc4ee,ELEC-1011,228,2
1787d954,ELEC-1091,342,0
6f9553cc,ELEC-1032,96,0
2c771c46,ELEC-1003,282,0
7a477ea4,ELEC-1069,207,1
c056fd31,ELEC-1035,237,0
47340e32,ELEC-1046,59,0
70bbadcf,ELEC-1088,87,0
f06e2b6f,ELEC-1019,392,0
8d36aa77,ELEC-1096,103,0
1e0e24b2,ELEC-1030,146,0
7e65afc2,ELEC-1080,86,2
f5efa2fa,ELEC-1070,302,0
3989b9e4,ELEC-1026,322,0
a81e8386,ELEC-1046,267,2
63495f9c,ELEC-1060,27,0
7961505f,ELEC-1036,117,0
20f78f4c,ELEC-1024,386,0
1287e52c,ELEC-1032,68,0
12f23961,ELEC-1065,290,0
198fdcf0,ELEC-1069,396,2
9fd90940,ELEC-1006,216,0
2a71d751,ELEC-1046,206,0
e3c32f0f,ELEC-1018,385,0
b35346cb,ELEC-1030,56,0
b04daa95,ELEC-1005,140,0
ba1fdd90,ELEC-1029,88,0
049c3797,ELEC-1076,185,0
5b5555df,ELEC-1090,358,0
70c43f23,ELEC-1005,381,0
dc1976d1,ELEC-1009,133,0
01f1c17c,ELEC-1027,213,0
02ece158,ELEC-1018,332,0
705d7807,ELEC-1088,48,0
6ecacaa5,ELEC-1045,293,0
01c9fc0c,ELEC-1056,91,0
e7c5ae13,ELEC-1075,162,0
60b11cd8,ELEC-1006,331,0
64d99995,ELEC-1084,100,0
e49d2033,ELEC-1019,287,0
90b12d1f,ELEC-1027,122,0
89eda005,ELEC-1023,155,1
9b34d98a,ELEC-1049,40,0
4e865420,ELEC-1066,290,0
e40abb9d,ELEC-1025,370,1
2a047a5a,ELEC-1029,31,0
11d7a9b0,ELEC-1010,156,0
2d2619e5,ELEC-1079,98,0
3d60a61b,ELEC-1075,160,0
66a65f57,ELEC-1055,299,0
f812d034,ELEC-1003,142,0
ec5cf9a8,ELEC-1076,268,0
12df8572,ELEC-1059,17,0
10527146,ELEC-1023,296,0
3ee84c3a,ELEC-1002,180,0
98e0b980,ELEC-1099,88,0
701d569c,ELEC-1043,283,0
8ab71415,ELEC-1044,323,0
52783696,ELEC-1023,209,0
00d6969a,ELEC-1004,97,0
f6608b40,ELEC-1032,367,0
6dec0039,ELEC-1006,202,0
f051f621,ELEC-1060,133,0
c919ebf1,ELEC-1071,155,0
34419976,ELEC-1013,245,1
f1df5530,ELEC-1026,365,0
cfd4ecbc,ELEC-1036,60,0
efd6b02b,ELEC-1091,110,0
11d152df,ELEC-1099,65,1
cfd24b51,ELEC-1000,39,0
86d31498,ELEC-1007,13,2
98ff84b2,ELEC-1073,71,0
e156a18d,ELEC-1076,340,0
5f53101f,ELEC-1093,171,1
fd20b85f,ELEC-1046,217,0
103f5818,ELEC-1033,368,0
5b56ca00,ELEC-1055,219,0
7c9d0fca,ELEC-1043,252,0
6cc71776,ELEC-1093,34,0
72e80d5b,ELEC-1082,266,0
b0a074f5,ELEC-1095,55,0
f230fec2,ELEC-1068,171,0
2769e2f0,ELEC-1076,31,1
5ccd21a7,ELEC-1087,39,0
dc065a0c,ELEC-1020,44,0
897b165a,ELEC-1072,237,0
1e0a6ad9,ELEC-1050,151,0
28140125,ELEC-1006,71,2
1bb9750e,ELEC-1099,121,0
e9080abc,ELEC-1092,241,0
423fa92b,ELEC-1085,296,1
0cbad272,ELEC-1055,72,0
cb2a805d,ELEC-1029,351,0
bd6ada78,ELEC-1042,352,0
9703321d,ELEC-1025,385,0
9e578d5c,ELEC-1028,315,2
9f438106,ELEC-1075,274,0
12987ece,ELEC-1024,120,0
3d687b00,ELEC-1032,304,0
ec4b815d,ELEC-1061,312,0
b1132456,ELEC-1083,97,2
36529713,ELEC-1021,250,0
711cbcf9,ELEC-1065,170,0
179b7535,ELEC-1050,102,2
a0da2281,ELEC-1068,63,1
225bf536,ELEC-1067,54,2
2ffb84b8,ELEC-1017,394,0
08f3d85b,ELEC-1009,321,0
52f05631,ELEC-1078,88,0
928c4132,ELEC-1020,56,1
e0100377,ELEC-1035,207,0
b0c3f079,ELEC-1019,140,0
ba2dd927,ELEC-1041,370,0
24f59201,ELEC-1097,32,1
7df74359,ELEC-1013,245,0
de6ef162,ELEC-1047,162,0
7f843782,ELEC-1038,358,0
92949d5b,ELEC-1030,167,0
f74bb837,ELEC-1094,260,0
2488b604,ELEC-1019,345,1
95a4d7be,ELEC-1039,349,0
51824da7,ELEC-1028,323,0
3914a0c2,ELEC-1041,367,0
d323c27d,ELEC-1066,389,0
3106dc97,ELEC-1079,350,0
6a05d9f8,ELEC-1018,357,0
b4012304,ELEC-1075,326,2
50c138a7,ELEC-1082,256,0
f746d562,ELEC-1029,197,0
65669d85,ELEC-1079,361,0
8db0afd5,ELEC-1013,117,0
ba7d5d62,ELEC-1008,141,0
e6b820ad,ELEC-1060,381,0
8f81c191,ELEC-1059,11,0
576ced44,ELEC-1012,363,0
1ed39096,ELEC-1083,286,0
4a34e050,ELEC-1009,348,1
870431cc,ELEC-1083,98,0
ce01abff,ELEC-1068,91,1
8c5d32c2,ELEC-1093,214,0
e682f517,ELEC-1019,329,0
950712db,ELEC-1068,13,0
ef6f3248,ELEC-1064,168,0
dc9d8c72,ELEC-1028,348,0
6b254fda,ELEC-1061,242,2
fda5c0fc,ELEC-1082,278,2
58682371,ELEC-1044,147,1
5e29fe9c,ELEC-1051,190,0
8f953314,ELEC-1000,142,0
38972bc9,ELEC-1071,39,0
485def0b,ELEC-1020,131,0
844eef3b,ELEC-1005,363,0
c4143b6d,ELEC-1070,68,0
e8029c54,ELEC-1019,265,0
78d00d64,ELEC-1028,131,0
407846e9,ELEC-1036,135,0
499e3a25,ELEC-1059,83,0
7d162340,ELEC-1068,390,0
84358d21,ELEC-1099,144,0
8f99d192,ELEC-1044,39,0
073880aa,ELEC-1063,189,0
1ed3b7a9,ELEC-1051,276,0
3b27f630,ELEC-1041,65,0
84f4490f,ELEC-1047,169,0
7b006e77,ELEC-1067,351,0
66be8f8d,ELEC-1065,94,0
1dc1130d,ELEC-1070,154,0
4a6e9fd7,ELEC-1003,120,0
0c5a60d6,ELEC-1021,111,0
282643d6,ELEC-1014,99,0
482b9e58,ELEC-1079,30,1
5a375437,ELEC-1077,269,0
13e67f00,ELEC-1042,48,0
b2667a3c,ELEC-1098,140,2
0c1f10a9,ELEC-1027,340,0
3302aa62,ELEC-1059,220,0
cd12084d,ELEC-1082,361,0
d4c55438,ELEC-1082,105,0
2cd18128,ELEC-1012,97,0
1d3ef3fb,ELEC-1052,291,0
74062870,ELEC-1026,238,0
e202028c,ELEC-1005,350,0
8ee6bb5f,ELEC-1095,203,0
0a7f7c76,ELEC-1052,153,0
2939a87a,ELEC-1088,179,2
a43da233,ELEC-1080,137,0
294c8c44,ELEC-1080,280,0
b77d95ad,ELEC-1082,66,1
99df4399,ELEC-1059,300,0
9fa2a5c3,ELEC-1064,258,0
423ea965,ELEC-1033,120,0
f8af10bf,ELEC-1008,64,0
bb01fd79,ELEC-1046,97,0
e42a30ca,ELEC-1074,76,0
6bb2e199,ELEC-1068,346,0
b9a840c0,ELEC-1056,88,0
dc42e8f7,ELEC-1090,151,0
ee72cce7,ELEC-1017,275,0
cd3061bc,ELEC-1065,331,0
71d91d6d,ELEC-1042,114,1
78ae5c4d,ELEC-1009,301,1
9c5f0ab4,ELEC-1099,148,0
531ecd53,ELEC-1027,342,0
d7a36e13,ELEC-1024,51,0
b2baebc4,ELEC-1013,315,1
277771e4,ELEC-1067,221,2
15bb40d5,ELEC-1088,299,0
5c847d16,ELEC-1028,362,2
3537059f,ELEC-1022,272,0
b550632f,ELEC-1084,79,0
59464537,ELEC-1045,366,2
cca2059d,ELEC-1085,231,0
1496edb2,ELEC-1036,300,1
42d37caa,ELEC-1098,336,2
946e100e,ELEC-1019,233,0
5a0c5617,ELEC-1004,317,0
8bd4f9b1,ELEC-1080,10,0
9282700e,ELEC-1082,50,0
249cf43c,ELEC-1042,382,0
34f041fc,ELEC-1040,167,0
82bd886e,ELEC-1093,147,0
6d08849a,ELEC-1074,122,0
8b244c9a,ELEC-1060,22,0
d9bc3cb2,ELEC-1098,85,0
d48d6b1a,ELEC-1057,280,0
2248fd52,ELEC-1015,316,0
2c1062c1,ELEC-1035,21,0
94977d9b,ELEC-1008,69,0
3ccf8090,ELEC-1011,397,0
cdadb612,ELEC-1067,157,0
119510d3,ELEC-1044,203,0
95c137d2,ELEC-1005,138,0
4b70d0c4,ELEC-1007,80,0
e444eff3,ELEC-1003,251,0
426d85ce,ELEC-1046,120,0
21be2dee,ELEC-1074,169,0
3f562963,ELEC-1028,233,0
fb1d9cc7,ELEC-1010,316,0
9ea88b7f,ELEC-1080,15,0
d7d8a6dd,ELEC-1094,386,0
62b42957,ELEC-1001,199,0
a3beefb7,ELEC-1080,70,0
a020d3be,ELEC-1036,187,2
757f2b39,ELEC-1007,250,0
27004985,ELEC-1012,282,0
1843ffa9,ELEC-1041,221,0
13593cda,ELEC-1067,272,0
9dd64029,ELEC-1099,318,0
1cde4873,ELEC-1068,339,0
0e2a7081,ELEC-1082,368,0
2ed70365,ELEC-1041,321,1
9db3496b,ELEC-1038,82,0
890d043f,ELEC-1000,21,0
10cbdc1a,ELEC-1004,164,1
7d1c351c,ELEC-1090,322,0
68b8cea0,ELEC-1007,149,0
afd5a424,ELEC-1033,83,0
3398baa4,ELEC-1044,37,0
66452c80,ELEC-1080,386,1
7d2a6ac1,ELEC-1014,334,0
577467df,ELEC-1034,61,0
7f257f4f,ELEC-1039,89,2
c1a4f4b9,ELEC-1043,266,1
74eff1f8,ELEC-1096,267,0
558943ad,ELEC-1077,392,0
feedce62,ELEC-1091,218,0
4f6a4794,ELEC-1043,48,2
327c8eab,ELEC-1072,159,1
19e79484,ELEC-1017,357,0
0dd9eee8,ELEC-1054,44,0
5dcd4001,ELEC-1029,305,0
611ea0b5,ELEC-1044,225,0
b51e44b0,ELEC-1032,212,0
60ec89e5,ELEC-1017,286,0
3f5ccf0e,ELEC-1053,125,0
1bb266f1,ELEC-1058,329,1
f58e6001,ELEC-1082,74,0
9df6170c,ELEC-1087,41,1
c5427c06,ELEC-1047,311,2
58611d73,ELEC-1083,194,1
5702afff,ELEC-1071,374,2
e3b26438,ELEC-1036,131,0
a49842d8,ELEC-1093,33,0
d824c5b9,ELEC-1066,343,1
dc0cc651,ELEC-1030,53,1
1037a180,ELEC-1081,256,0
64581a28,ELEC-1098,267,0
5c646037,ELEC-1006,121,0
18c5a61d,ELEC-1098,295,2
22a0238f,ELEC-1062,150,0
bcbb1fe0,ELEC-1016,108,2
a3129035,ELEC-1007,37,0
77d1ffc9,ELEC-1009,391,1
18fc20d0,ELEC-1067,64,2
6754627a,ELEC-1098,159,0
9ed85408,ELEC-1063,11,1
8c68ea23,ELEC-1067,137,0
bfbc1dd2,ELEC-1009,87,0
c243457d,ELEC-1045,248,0
bb9baf4b,ELEC-1002,258,0
189906ca,ELEC-1013,130,0
a169f959,ELEC-1032,246,0
90e881bb,ELEC-1053,378,0
a1427b34,ELEC-1058,193,0
f6b79a50,ELEC-1007,386,0
1247710d,ELEC-1062,118,0
6ebda7e1,ELEC-1049,163,0
26c88645,ELEC-1044,269,0
50ee093f,ELEC-1091,86,0
c6a0eb3c,ELEC-1098,37,1
e049aaed,ELEC-1034,251,0
fc780508,ELEC-1006,171,1
96cd9062,ELEC-1070,230,0
4b3b87cf,ELEC-1038,98,1
24fb8b18,ELEC-1009,143,0
723a199a,ELEC-1057,188,0
e0ebd27c,ELEC-1041,172,0
1d8668c6,ELEC-1066,276,0
dc23178f,ELEC-1070,17,0
aeb6e134,ELEC-1090,247,0
e81291ab,ELEC-1039,205,1
b6f1e673,ELEC-1032,220,2
a779cdf2,ELEC-1051,319,0
899ca018,ELEC-1035,251,0
10926927,ELEC-1016,127,0
81f0dc0b,ELEC-1006,47,0
e609bf6d,ELEC-1066,391,0
6c560e80,ELEC-1099,249,0
b5e16da1,ELEC-1074,85,0
bc8220e1,ELEC-1060,13,2
73c756f1,ELEC-1079,73,0
e492cd5e,ELEC-1052,329,1
5b1efd53,ELEC-1098,209,2
f2bd2d22,ELEC-1010,330,0
a6cfb7a9,ELEC-1090,353,0
5524c9d6,ELEC-1098,189,0
7b6b92f1,ELEC-1063,202,2
4e3c5076,ELEC-1080,194,0
fbb55288,ELEC-1002,308,0
19b2afe1,ELEC-1086,259,0
63e30e7b,ELEC-1066,212,0
7f3bc1a7,ELEC-1065,314,0
63d6cc54,ELEC-1050,151,0
29ee8fcf,ELEC-1085,294,1
6dfcc2d5,ELEC-1019,287,0
6c894984,ELEC-1053,245,0
c28e8d78,ELEC-1031,201,0
d75b26f0,ELEC-1077,156,0
635e6839,ELEC-1086,58,0
6e90442c,ELEC-1081,391,0
51ededa8,ELEC-1074,133,0
26ecbb07,ELEC-1011,342,0
89cea287,ELEC-1034,212,0
64c809d7,ELEC-1094,170,0
945768b2,ELEC-1010,43,0
afa57515,ELEC-1021,35,0
d37fe863,ELEC-1093,333,0
4f6a7a4c,ELEC-1055,329,0
39ae185e,ELEC-1044,90,0
988f9760,ELEC-1032,66,0
41b0aa90,ELEC-1065,288,0
dec24cdb,ELEC-1020,311,0
541140a9,ELEC-1056,71,2
d00a142d,ELEC-1098,71,0
cf82c537,ELEC-1081,229,0
17cdd9dd,ELEC-1075,54,2
4baa0927,ELEC-1052,330,0
43fb1cf2,ELEC-1002,10,0
83f7fe43,ELEC-1066,224,0
8a7c665d,ELEC-1034,16,0
20983fd1,ELEC-1037,360,0
a5ba0ea0,ELEC-1028,243,1
8a76a8b7,ELEC-1091,41,0
8c79ac22,ELEC-1099,219,2
5fe49dac,ELEC-1002,212,0
9b8219d6,ELEC-1040,159,0
2701c968,ELEC-1042,181,0
11bb83b8,ELEC-1083,89,2
c6793511,ELEC-1076,153,0
34dd3fbb,ELEC-1001,30,0
7731c2da,ELEC-1067,222,0
4516511c,ELEC-1076,226,0
13a07ff0,ELEC-1067,366,1
74ea03a8,ELEC-1020,359,1
7ac3a0d4,ELEC-1098,68,0
48223cd9,ELEC-1048,112,0
ff6b9305,ELEC-1026,95,0
ece6ee15,ELEC-1054,105,2
b450a39f,ELEC-1088,363,0
86c19f96,ELEC-1028,205,1
b6e1b34f,ELEC-1077,127,2
17e1e817,ELEC-1052,40,0
3fae9e6f,ELEC-1093,308,0
b3788700,ELEC-1073,397,0
6ab2b8ac,ELEC-1071,263,0
ab5f19ff,ELEC-1074,180,2
e5454910,ELEC-1020,295,0
9f77e2c0,ELEC-1019,225,0
c437069a,ELEC-1074,251,0
58e75238,ELEC-1014,360,0
a2a71b3d,ELEC-1067,156,0
f062ce2d,ELEC-1060,83,0
888d9cfb,ELEC-1044,215,0
caa68632,ELEC-1010,16,0
44dcd424,ELEC-1095,383,0
55f68880,ELEC-1051,249,0
8cd57daa,ELEC-1065,106,0
ce10d968,ELEC-1027,63,0
833a0d7b,ELEC-1070,42,0
b0aace15,ELEC-1020,95,0
a05723c7,ELEC-1031,57,0
93095f49,ELEC-1034,135,0
f8fe9725,ELEC-1054,327,0
52d5ee8a,ELEC-1032,63,0
4dc9732b,ELEC-1055,337,1
a6efca18,ELEC-1029,341,2
38c4544e,ELEC-1036,338,0
e627e07c,ELEC-1035,176,0
deff9b27,ELEC-1042,235,1
d612509c,ELEC-1095,357,0
c1a49553,ELEC-1059,324,1
c7ef1f38,ELEC-1076,36,0
eaca6f53,ELEC-1043,348,0
7d14c3c4,ELEC-1058,86,0
00693f31,ELEC-1066,41,0
bbbc4302,ELEC-1081,344,0
9e195d67,ELEC-1093,72,2
ef720991,ELEC-1060,148,1
c23ac938,ELEC-1098,315,0
3b6f5299,ELEC-1043,61,0
15584f4b,ELEC-1063,156,1
f3c8c31f,ELEC-1006,320,0
63f699dd,ELEC-1039,187,0
2908eb35,ELEC-1057,59,0
af860581,ELEC-1023,59,0
e966d30a,ELEC-1088,26,0
3ff89af5,ELEC-1041,182,2
4a0c94c3,ELEC-1090,24,0
2f5190bd,ELEC-1099,166,0
36cfd438,ELEC-1086,117,2
649e9df2,ELEC-1083,111,0
ffb6760f,ELEC-1073,122,0
318a53cc,ELEC-1059,315,0
25ffe3aa,ELEC-1043,242,0
470d0a37,ELEC-1003,366,0
d572289f,ELEC-1069,98,2
818017b5,ELEC-1062,198,0
936f078a,ELEC-1046,354,0
18d8e8d4,ELEC-1031,14,0
6d07f12b,ELEC-1000,386,0
3ea2bb29,ELEC-1058,383,2
c234e8f4,ELEC-1009,62,0
093aae77,ELEC-1031,77,0
68410695,ELEC-1020,128,0
5299ae84,ELEC-1069,28,0
f0887153,ELEC-1058,150,2
3abc7a89,ELEC-1064,349,0
76d18dc9,ELEC-1077,182,0
6cc57e1d,ELEC-1072,337,0
4d5dbd02,ELEC-1061,339,0
a532721d,ELEC-1045,197,0
05779201,ELEC-1005,367,0
31233070,ELEC-1034,342,0
b43e08b9,ELEC-1081,330,1
f86324c9,ELEC-1022,223,0
87f8066f,ELEC-1015,228,0
6a859336,ELEC-1065,186,0
20cc26e6,ELEC-1079,129,0
6a9a666f,ELEC-1060,88,0
eb112dcb,ELEC-1097,97,0
e53488d8,ELEC-1007,328,1
1c3ccd5d,ELEC-1097,318,0
d92b311e,ELEC-1004,281,0
d9f0c10c,ELEC-1005,212,0
178dc94e,ELEC-1001,227,2
c29b22b0,ELEC-1061,302,2
28a7fc97,ELEC-1055,185,0
8c5c9881,ELEC-1080,94,0
9725a4f3,ELEC-1075,105,0
d0919361,ELEC-1022,202,0
7f5d586d,ELEC-1062,203,0
da813ce1,ELEC-1021,157,0
3af002c9,ELEC-1044,336,0
fa02a00d,ELEC-1066,110,1
c8f4f2b9,ELEC-1097,108,0
f8f4ef52,ELEC-1072,137,0
e73a6712,ELEC-1030,131,0
18586176,ELEC-1092,166,1
07c50aa4,ELEC-1061,351,0
52decf07,ELEC-1034,209,0
3cdf1f0d,ELEC-1070,281,0
47ac2442,ELEC-1090,273,0
70c40b8a,ELEC-1047,212,0
b9fd51bf,ELEC-1043,146,0
5f215e53,ELEC-1079,99,0
407732e6,ELEC-1008,281,0
633418d2,ELEC-1096,367,0
9cf8132b,ELEC-1006,72,0
cff92a61,ELEC-1039,48,0
057344f0,ELEC-1070,373,0
53613640,ELEC-1094,24,2
c03decef,ELEC-1077,134,0
9609ebfa,ELEC-1038,156,0
ea4a7484,ELEC-1015,303,0
11992447,ELEC-1099,174,0
904c24a1,ELEC-1070,193,0
7cfe463a,ELEC-1042,224,2
7694aa0c,ELEC-1007,305,2
ce5542f2,ELEC-1076,161,0
7293beb8,ELEC-1062,370,0
74946fa7,ELEC-1024,321,0
700316da,ELEC-1085,312,0
718a802b,ELEC-1000,109,1
42a87400,ELEC-1041,95,2
94a57180,ELEC-1080,371,0
43da9572,ELEC-1063,199,2
13504fcf,ELEC-1034,92,2
34d56ba2,ELEC-1026,219,0
50dc4aed,ELEC-1000,305,1
cfa0967f,ELEC-1070,202,0
1107cde5,ELEC-1073,350,2
486b9a21,ELEC-1077,366,0
484df936,ELEC-1054,223,1
ee4b7d05,ELEC-1042,312,0
0eaa7b3e,ELEC-1018,82,2
45a332d5,ELEC-1054,257,0
3568c494,ELEC-1060,149,0
b9321053,ELEC-1040,95,0
c7c398fd,ELEC-1057,212,0
da26b015,ELEC-1021,43,1
d3f65d7e,ELEC-1088,312,0
fe01cb79,ELEC-1059,230,0
68d7d387,ELEC-1002,145,0
eb78c182,ELEC-1097,194,1
27e3296e,ELEC-1039,277,0
3170a9eb,ELEC-1028,82,0
2a9a0c3f,ELEC-1004,32,0
7c1e661b,ELEC-1088,139,0
16b8e6e2,ELEC-1097,127,0
f6494b1e,ELEC-1067,226,0
be686918,ELEC-1029,233,1
edbca212,ELEC-1092,398,1
14dd16ec,ELEC-1016,177,0
50000917,ELEC-1068,41,0
7afad1d8,ELEC-1028,161,1
7247e37f,ELEC-1090,107,0
6fd8aa06,ELEC-1098,310,0
c7a61b24,ELEC-1045,232,0
6c99ab87,ELEC-1066,194,1
fa020217,ELEC-1035,103,1
ecdd4511,ELEC-1034,282,0
1a1eee30,ELEC-1000,331,0
059c74a3,ELEC-1051,200,0
7581abc1,ELEC-1065,147,0
928e0ea4,ELEC-1053,13,0
16d4c68a,ELEC-1050,77,0
a7f5614f,ELEC-1071,171,0
6807a560,ELEC-1052,330,0
bc1290de,ELEC-1096,64,1
d3740b53,ELEC-1049,116,0
6e138aaf,ELEC-1068,333,0
6a5f3388,ELEC-1040,49,0
52937820,ELEC-1000,162,0
7716d786,ELEC-1055,259,0
b41b61b9,ELEC-1040,282,0
84a98f0d,ELEC-1075,246,0
75602aca,ELEC-1042,174,0
e81f4f47,ELEC-1085,376,2
50105f77,ELEC-1096,99,0
b576396f,ELEC-1093,207,0
b05c473d,ELEC-1064,225,2
029c424c,ELEC-1083,226,0
ab53e60a,ELEC-1010,229,0
94e086b7,ELEC-1023,149,0
99e9a978,ELEC-1052,234,1
dee0b568,ELEC-1076,138,0
420147e9,ELEC-1084,368,0
6b408b84,ELEC-1067,234,0
90138fbf,ELEC-1049,288,1
ae261846,ELEC-1089,19,0
5f59f521,ELEC-1078,334,0
1add5bf6,ELEC-1056,183,0
3b014146,ELEC-1009,152,0
6f73ca18,ELEC-1065,358,2
8038d2ce,ELEC-1094,63,0
4435ac70,ELEC-1017,217,0
58424252,ELEC-1001,85,0
397d29b9,ELEC-1078,274,2
611e4dcf,ELEC-1090,148,0
065b98ed,ELEC-1058,337,0
5a629039,ELEC-1021,127,0
879558d3,ELEC-1066,202,0
b023cb0c,ELEC-1004,106,0
551d7c72,ELEC-1034,254,0
4e9c65b2,ELEC-1074,341,0
892602cf,ELEC-1044,10,0
986eea0e,ELEC-1069,349,1
1a9d2772,ELEC-1067,249,1
5c6c1952,ELEC-1053,335,0
72f86dc5,ELEC-1099,222,0
8fda0b32,ELEC-1040,115,1
a9ad57d9,ELEC-1022,114,0
6e3029b2,ELEC-1076,378,0
5d494a63,ELEC-1010,59,0
91247dbe,ELEC-1081,396,1
82ad98c5,ELEC-1011,170,0
1eb43cb7,ELEC-1086,340,0
26d27c66,ELEC-1057,221,0
19598456,ELEC-1088,372,0
87b3a610,ELEC-1014,255,0
55f9e1ab,ELEC-1053,215,0
f658c23e,ELEC-1002,185,0
ffb43fc0,ELEC-1004,241,0
a6f6124c,ELEC-1095,194,0
0da0833a,ELEC-1074,97,1
2daa2103,ELEC-1031,379,0
76b14186,ELEC-1028,156,0
ebe03089,ELEC-1082,397,0
4f13ade4,ELEC-1003,26,0
92df074b,ELEC-1060,132,0
391f3602,ELEC-1047,20,2
993a38d7,ELEC-1086,321,1
e3815db4,ELEC-1069,364,0
9773bcf7,ELEC-1009,22,0
fb00949c,ELEC-1001,328,0
044e9753,ELEC-1091,368,0
ee081f14,ELEC-1051,176,0
15d4aae6,ELEC-1001,208,0
8743fb96,ELEC-1071,193,0
990fe04a,ELEC-1046,70,0
75b39633,ELEC-1066,160,0
555aa8b8,ELEC-1019,128,0
abb31ea2,ELEC-1038,139,1
bf988657,ELEC-1068,82,0
4ec73681,ELEC-1065,334,2
e0894b47,ELEC-1036,274,0
c8b32dfb,ELEC-1039,159,0
86b3e273,ELEC-1039,372,0
72ae48bd,ELEC-1047,239,0
6c45e931,ELEC-1097,106,0
ce98b255,ELEC-1059,57,1
90d97185,ELEC-1074,352,0
cdf4a6b5,ELEC-1038,283,0
7b6ab54c,ELEC-1060,202,0
1070d456,ELEC-1084,177,2
ad472fbd,ELEC-1022,53,1
9196f5e2,ELEC-1037,175,0
9493ba8f,ELEC-1028,124,0
928e4ecb,ELEC-1050,96,0
72498da1,ELEC-1005,104,0
45a9f461,ELEC-1086,212,2
2de408bb,ELEC-1037,209,0
a4edcf05,ELEC-1019,106,0
8ff9ca68,ELEC-1050,90,0
5b1259bd,ELEC-1000,25,1
6994a35a,ELEC-1078,159,0
0f584c0f,ELEC-1030,338,2
bb2c9ac4,ELEC-1013,165,1
09dd2be7,ELEC-1004,185,0
7106b09b,ELEC-1098,330,0
107426a5,ELEC-1043,85,0
d4226b1e,ELEC-1091,340,0
4016e363,ELEC-1099,136,0
772a2427,ELEC-1089,175,0
39306ae1,ELEC-1019,286,0
bf792081,ELEC-1099,153,0
87eed918,ELEC-1098,286,0
57b48c4d,ELEC-1054,221,0
fbb28599,ELEC-1072,369,0
8aa5f757,ELEC-1004,55,0
9b0fded9,ELEC-1088,200,0
c527d983,ELEC-1049,152,0
15e6bd1e,ELEC-1010,39,2
f0b6e043,ELEC-1060,113,1
1a250e4b,ELEC-1069,256,0
fdfdc08e,ELEC-1049,47,1
b5d9c968,ELEC-1098,94,2
eb280537,ELEC-1038,224,0
c41cc620,ELEC-1016,258,0
7d98af84,ELEC-1061,82,0
0126d9e7,ELEC-1047,371,0
c7b9b3ab,ELEC-1049,315,0
f330fba6,ELEC-1046,245,0
ec140f27,ELEC-1020,284,1
0201f410,ELEC-1090,172,0
f06ada91,ELEC-1098,234,1
005334bc,ELEC-1038,43,0
817d1190,ELEC-1096,170,0
808acc9f,ELEC-1051,52,0
94ed5cdb,ELEC-1046,85,0
31ac6359,ELEC-1074,239,1
bf9cd812,ELEC-1026,288,0
d2bbf231,ELEC-1092,395,0
4f99027e,ELEC-1036,58,1
f13a0665,ELEC-1086,282,2
b63c0567,ELEC-1042,129,0
793e370b,ELEC-1087,143,1
6b33a6ab,ELEC-1054,232,0
e1bc0b7c,ELEC-1048,157,0
585cf3c9,ELEC-1049,265,0
686c8cd9,ELEC-1000,73,0
7e837974,ELEC-1007,148,0
68734854,ELEC-1022,133,2
4b2da2a9,ELEC-1086,311,1
54f32afd,ELEC-1022,369,0
c715536a,ELEC-1007,375,2
b097f907,ELEC-1047,177,0
728a0f26,ELEC-1039,40,0
2111d4d8,ELEC-1038,69,2
ca9c00af,ELEC-1067,214,0
666c7ad7,ELEC-1080,282,0
670da4e8,ELEC-1095,354,0
edbb5016,ELEC-1037,352,0
c68f2750,ELEC-1051,70,0
4f0613a5,ELEC-1058,98,0
906c92fc,ELEC-1018,219,0
233b80d8,ELEC-1024,321,2
38745bf2,ELEC-1071,260,1
fb718e6c,ELEC-1051,158,0
e0cdb38f,ELEC-1078,342,0
ded3edb6,ELEC-1035,40,2
ce76a8b2,ELEC-1064,100,0
09a667a3,ELEC-1083,43,1
e70b4b47,ELEC-1078,48,0
2bc6b7dd,ELEC-1010,52,0
e0d426c4,ELEC-1092,223,0
4b8ce5e1,ELEC-1061,95,0
c5135f8f,ELEC-1063,91,0
60035904,ELEC-1066,340,0
4607ae74,ELEC-1020,372,0
b5f8bcba,ELEC-1078,382,0
1d3c3411,ELEC-1092,329,0
1c879f3f,ELEC-1054,290,0
c5d2128f,ELEC-1010,156,0
7766f3b6,ELEC-1087,288,0
58ac664c,ELEC-1034,226,0
4dc43d08,ELEC-1084,191,0
2dd1186c,ELEC-1084,189,0
b3d6cbd9,ELEC-1001,328,0
09f186c3,ELEC-1040,205,0
00edb74b,ELEC-1079,167,0
347499b8,ELEC-1069,368,2
93b3336d,ELEC-1070,115,0
62fbb6f2,ELEC-1094,366,0
56c28ff6,ELEC-1066,65,0
978ff615,ELEC-1041,245,0
9cb18214,ELEC-1053,75,1
f0305a08,ELEC-1049,235,1
9fa8632a,ELEC-1022,334,0
7f933b76,ELEC-1048,168,0
a8f109cf,ELEC-1028,119,0
0af3575c,ELEC-1016,385,0
310ab461,ELEC-1017,89,0
e5566795,ELEC-1041,133,1
107e24ea,ELEC-1061,238,0
436fd722,ELEC-1016,274,0
24e362ff,ELEC-1072,217,0
05aab8d9,ELEC-1070,247,0
4c22fdc6,ELEC-1090,346,0
cdb0902e,ELEC-1052,180,0
503b148b,ELEC-1007,48,0
fead00ef,ELEC-1070,124,0
3713ef37,ELEC-1099,394,0
105c0adc,ELEC-1006,247,1
d34aaf93,ELEC-1094,266,0
af255a5a,ELEC-1015,364,0
7f7f2e10,ELEC-1059,79,0
dab559d9,ELEC-1030,43,0
1769000d,ELEC-1054,82,0
48eab4c4,ELEC-1059,361,0
236e0b44,ELEC-1092,341,0
1c0eb965,ELEC-1074,20,0
48e58cf0,ELEC-1061,145,0
dc7e6b60,ELEC-1089,214,0
ba3e4713,ELEC-1023,207,2
83642741,ELEC-1010,189,0
211b707a,ELEC-1048,294,0
368659fc,ELEC-1018,380,1
601731dc,ELEC-1075,237,0
5a27070c,ELEC-1062,281,2
830a6b26,ELEC-1042,278,0
61e1d130,ELEC-1037,207,0
7e938341,ELEC-1033,122,0
07f92b78,ELEC-1037,325,0
cecab48d,ELEC-1008,256,0
1d947cd5,ELEC-1096,68,0
b57cec2d,ELEC-1070,311,2
41d46c4f,ELEC-1091,376,0
1fd3a8a2,ELEC-1067,296,0
f1e86bae,ELEC-1066,129,1
6662d2fd,ELEC-1014,157,0
c6b8db47,ELEC-1088,129,0
d7dfa331,ELEC-1085,244,0
9c8685dd,ELEC-1038,175,0
e1ab882c,ELEC-1052,348,1
4ddb32b7,ELEC-1082,250,0
9048d12c,ELEC-1091,253,1
1ee8f0bf,ELEC-1096,51,1
3e77e3bc,ELEC-1042,134,0
68994670,ELEC-1003,97,1
dc3fa51c,ELEC-1024,83,0
e3acbb70,ELEC-1019,25,0
eeb22ca2,ELEC-1029,331,0
2ff09573,ELEC-1092,318,0
b318f034,ELEC-1011,264,0
a566e891,ELEC-1094,213,2
40ee7d19,ELEC-1009,137,0
7ab7e6a9,ELEC-1010,229,0
5848df2f,ELEC-1099,68,0
be82563a,ELEC-1030,113,0
8fc73d3f,ELEC-1025,238,0
dc3eaabf,ELEC-1048,279,0
2b0a95e8,ELEC-1002,326,0
ff2129a5,ELEC-1067,187,0
16308d81,ELEC-1067,194,0
7fabc350,ELEC-1064,62,0
68d33328,ELEC-1001,73,0
507aecac,ELEC-1036,273,0
68357346,ELEC-1015,166,1
18e8aee9,ELEC-1020,101,0
7041de8d,ELEC-1032,91,1
9b48ac12,ELEC-1066,227,1
91694bba,ELEC-1070,187,0
9421eba2,ELEC-1026,161,1
38efd28c,ELEC-1051,142,0
8d8e5df2,ELEC-1066,338,0
4793bcad,ELEC-1073,56,2
edf0b115,ELEC-1076,252,0
b9781d51,ELEC-1068,110,0
c61b3282,ELEC-1038,113,0
97a98cbb,ELEC-1014,240,0
63e8484f,ELEC-1013,182,0
36be8167,ELEC-1038,44,2
60b591d9,ELEC-1088,212,0
b8d7c548,ELEC-1078,206,0
0237dd81,ELEC-1019,329,0
e3afabc8,ELEC-1006,214,0
a06646d3,ELEC-1058,92,2
fed5465c,ELEC-1032,153,0
319c0b3d,ELEC-1087,281,0
13ac3cd6,ELEC-1014,113,0
fe9f3214,ELEC-1017,262,0
b76701f9,ELEC-1036,375,0
f98e3acc,ELEC-1055,98,0
0d31e00f,ELEC-1029,328,0
02afbf4d,ELEC-1036,132,0
93506b40,ELEC-1087,10,0
146ccdba,ELEC-1001,40,2
14d6d06c,ELEC-1061,128,0
4b8480a6,ELEC-1064,80,1
eb6c854e,ELEC-1059,14,0
ab8517ad,ELEC-1029,108,1
9ba9c5e3,ELEC-1029,86,0
889d15af,ELEC-1000,205,0
e2f44ce8,ELEC-1075,182,0
3185b878,ELEC-1062,312,0
5bfd9069,ELEC-1024,274,0
dea7fea2,ELEC-1060,117,0
986dff02,ELEC-1032,26,0
15ff2373,ELEC-1064,64,0
3b88d42a,ELEC-1056,313,0
4154be7b,ELEC-1023,306,0
22cceaa1,ELEC-1093,230,2
858d5579,ELEC-1003,308,0
5bc0f454,ELEC-1099,372,0
2809fe62,ELEC-1067,36,0
b41e828a,ELEC-1025,293,0
07e0d6a1,ELEC-1034,70,2
517061f2,ELEC-1047,385,2
788a6d80,ELEC-1029,316,2
016073f8,ELEC-1058,230,2
934fb913,ELEC-1087,201,0
d7c8342d,ELEC-1014,270,0
fa9fb57e,ELEC-1054,363,0
a6e4cee5,ELEC-1037,54,0
c3d962b4,ELEC-1088,302,0
53713e75,ELEC-1017,329,1
2b956d32,ELEC-1017,72,0
0e4fd857,ELEC-1035,267,0
22ee6f60,ELEC-1029,176,0
21e35387,ELEC-1076,103,0
b04ed156,ELEC-1002,158,0
2152c4c7,ELEC-1098,242,0
a7e95e2a,ELEC-1087,157,0
f30d88db,ELEC-1020,370,0
05a47e18,ELEC-1008,11,0
5a380acd,ELEC-1028,150,1
55a61c21,ELEC-1021,372,0
05d90071,ELEC-1002,270,0
46f37332,ELEC-1065,78,2
59cdee34,ELEC-1081,289,0
805520eb,ELEC-1063,274,0
5891c73c,ELEC-1056,251,0
ade5b967,ELEC-1069,144,0
deda7bdd,ELEC-1017,305,0
efedf49f,ELEC-1091,43,0
f994e713,ELEC-1059,277,1
17cb030c,ELEC-1017,181,0
e23ad55c,ELEC-1087,25,0
27712327,ELEC-1098,150,1
63d121db,ELEC-1078,74,0
69590730,ELEC-1083,178,0
61918235,ELEC-1045,239,0
a03b2f2d,ELEC-1088,219,0
c0cc4505,ELEC-1051,22,0
ebb5294b,ELEC-1085,131,0
da63682f,ELEC-1019,46,0
4ad89a9c,ELEC-1077,387,0
337355b4,ELEC-1032,199,0
2321fc91,ELEC-1017,351,0
ca93f4c3,ELEC-1054,42,2
8355b6eb,ELEC-1090,326,0
df19ebec,ELEC-1053,27,0
16182695,ELEC-1020,117,0
de2591ba,ELEC-1073,235,2
58fa2cf4,ELEC-1019,226,0
cee71358,ELEC-1011,259,0
507763fa,ELEC-1065,266,0
78ec1be4,ELEC-1046,254,2
f281a308,ELEC-1098,265,0
5a45b654,ELEC-1054,127,0
1441fb6f,ELEC-1062,24,0
c6b177ce,ELEC-1087,362,0
a069847d,ELEC-1007,31,0
3f3a7d93,ELEC-1099,233,0
50cc8ae6,ELEC-1031,232,0
f034c757,ELEC-1005,247,0
6db02c3c,ELEC-1008,260,0
3bbe4207,ELEC-1063,21,1
7410b633,ELEC-1020,49,1
61ea49d5,ELEC-1044,31,0
f2ed9395,ELEC-1011,79,0
49bae9e7,ELEC-1027,342,0
d3e4c1e6,ELEC-1070,130,1
c18aa946,ELEC-1024,158,0
6702650d,ELEC-1042,223,0
28fd592a,ELEC-1089,104,0
8235889c,ELEC-1024,61,0
01050d58,ELEC-1037,140,0
b5bf7081,ELEC-1020,99,0
eec1d1ff,ELEC-1032,82,0
f69b5c25,ELEC-1094,180,1
d3bdaabf,ELEC-1089,17,0
efa92817,ELEC-1016,206,0
9e1d21d9,ELEC-1082,42,0
b8adef50,ELEC-1065,21,2
b56ac92f,ELEC-1019,353,0
0d260bde,ELEC-1061,199,0
042e6e7c,ELEC-1022,185,1
604f07ee,ELEC-1004,46,0
2887cacc,ELEC-1085,237,0
751f0fa0,ELEC-1003,115,1
f5bd8316,ELEC-1083,117,0
4cb7e877,ELEC-1014,356,0
0a717863,ELEC-1018,172,0
e8f7c3f9,ELEC-1078,89,0
c0201116,ELEC-1019,286,0
0d9e7713,ELEC-1055,64,0
2fc50fed,ELEC-1088,30,2
1e316cbd,ELEC-1062,363,0
2a352a65,ELEC-1088,139,0
271eb35d,ELEC-1052,11,0
5a8f5815,ELEC-1067,163,0
287d6575,ELEC-1041,263,0
65b77840,ELEC-1086,157,0
cd73af32,ELEC-1083,133,0
4d6ee5ee,ELEC-1015,323,0
bc45c2fd,ELEC-1083,46,0
f89c163d,ELEC-1070,148,2
22b83a88,ELEC-1092,190,0
8e81e78c,ELEC-1064,156,0
5f87df75,ELEC-1038,23,0
af523e28,ELEC-1059,324,1
4e4c4025,ELEC-1011,104,2
3c354a32,ELEC-1004,318,0
2085e932,ELEC-1085,113,0
eb54c0a2,ELEC-1044,298,0
3e06837c,ELEC-1021,330,0
8f8a4155,ELEC-1023,372,0
ddc52c2a,ELEC-1009,363,1
572a69eb,ELEC-1012,42,0
1e09b2f7,ELEC-1038,271,0
7ea6fa29,ELEC-1058,33,0
0456332d,ELEC-1086,144,0
34c52da8,ELEC-1088,94,0
26e30bc3,ELEC-1004,184,0
bc98840c,ELEC-1063,240,0
db8998d4,ELEC-1046,296,0
d94575dc,ELEC-1014,174,0
28135fb8,ELEC-1015,373,1
2251c9d1,ELEC-1005,304,0
9b6dd3eb,ELEC-1008,156,0
c0fa8011,ELEC-1091,232,0
2d570d8a,ELEC-1003,92,0
48658722,ELEC-1064,24,0
faf13590,ELEC-1014,256,0
d6d712c7,ELEC-1012,279,0
54e12871,ELEC-1094,32,0
ab9fdcb4,ELEC-1059,289,0
1e7668db,ELEC-1014,240,0
de82aae3,ELEC-1037,34,0
527c1301,ELEC-1076,92,0
a38381e2,ELEC-1082,200,0
528f88d2,ELEC-1051,340,0
58cc68d6,ELEC-1054,281,2
82523e61,ELEC-1077,245,2
6211f5f7,ELEC-1092,304,0
664b1356,ELEC-1075,364,0
fc476f1e,ELEC-1019,196,0
bb6b63a0,ELEC-1030,377,2
e47395b0,ELEC-1027,180,0
3d2874df,ELEC-1033,355,1
9c21ee38,ELEC-1056,247,1
40b3c7d5,ELEC-1027,396,1
fa3b346c,ELEC-1085,242,0
0384a303,ELEC-1002,288,0
5cb7d38d,ELEC-1029,382,0
5a4880fd,ELEC-1029,190,1
745fb068,ELEC-1037,153,0
d55a7a4e,ELEC-1060,118,0
2bb1f168,ELEC-1049,104,0
7a278cee,ELEC-1079,153,1
cc4a0a70,ELEC-1038,166,0
6d85e38e,ELEC-1056,281,0
c17e94f9,ELEC-1032,305,0
fd13cc38,ELEC-1042,323,2
45383f32,ELEC-1040,31,0
ea774642,ELEC-1004,395,0
d8127270,ELEC-1005,223,0
b35afd36,ELEC-1089,41,0
b59f4f4d,ELEC-1046,367,0
7f059185,ELEC-1050,38,0
1125ccbf,ELEC-1084,66,1
411118cf,ELEC-1047,329,0
954c2266,ELEC-1053,75,2
68a8ab81,ELEC-1099,122,0
047ef1dd,ELEC-1003,246,0
09abc4e6,ELEC-1001,74,1
98e75b71,ELEC-1093,95,0
2dc6bbe2,ELEC-1039,36,0
b1861c65,ELEC-1000,182,0
341cddfc,ELEC-1075,20,1
afae6130,ELEC-1052,108,1
0d6e6e56,ELEC-1007,349,2
4b87158c,ELEC-1055,85,0
46cc3b8b,ELEC-1020,16,2
0fbd8f35,ELEC-1072,69,1
36e8cf6d,ELEC-1038,393,0
ba4ae35d,ELEC-1070,42,0
4365bd23,ELEC-1045,234,2
2fb4056e,ELEC-1053,399,0
2ae36946,ELEC-1014,166,0
fbf64065,ELEC-1090,289,0
0d6a25cf,ELEC-1088,276,0
c3687d6c,ELEC-1098,53,1
175d8ca4,ELEC-1097,226,0
0f6dcec8,ELEC-1024,68,0
d820376f,ELEC-1085,145,0
cdf181da,ELEC-1061,62,0
48202de2,ELEC-1072,155,0
4b8018d0,ELEC-1056,291,0
8dd1dce4,ELEC-1080,322,0
191559a8,ELEC-1098,42,2
41989533,ELEC-1021,75,0
d5021b68,ELEC-1096,44,2
341320fb,ELEC-1093,313,0
543da662,ELEC-1061,396,0
b98259d0,ELEC-1058,199,0
68b8c6a6,ELEC-1083,166,0
327a4755,ELEC-1083,96,0
3ebcfb41,ELEC-1000,61,0
eadb500f,ELEC-1003,318,0
dd820b66,ELEC-1008,141,0
cf747258,ELEC-1022,91,0
935515a2,ELEC-1042,96,0
6a165add,ELEC-1018,371,0
6a307181,ELEC-1096,304,0
cb2f6dc2,ELEC-1032,195,0
5ce813b2,ELEC-1081,33,2
d1a7e621,ELEC-1067,282,0
f1402b50,ELEC-1059,390,1
67a6504e,ELEC-1003,74,0
889e94f8,ELEC-1063,262,0
141d0d51,ELEC-1053,174,0
b9b0e932,ELEC-1037,394,0
df8a5300,ELEC-1055,229,0
d4655733,ELEC-1062,75,2
8379872f,ELEC-1094,241,0
721ee5a7,ELEC-1078,98,0
77e5f8e6,ELEC-1019,21,0
71cc2382,ELEC-1066,12,0
0d653879,ELEC-1036,336,0
ede4de12,ELEC-1034,229,0
47b49687,ELEC-1010,145,0
42dc0210,ELEC-1054,321,0
fdd141bd,ELEC-1016,116,0
b5d0ef6a,ELEC-1046,356,1
9b471f4b,ELEC-1096,294,0
7c365beb,ELEC-1045,376,0
b253b920,ELEC-1075,176,0
214ac6cc,ELEC-1005,145,0
167ca3bc,ELEC-1052,75,0
893592fa,ELEC-1081,21,2
c6d1008a,ELEC-1076,144,1
80ffef86,ELEC-1059,49,0
c8d1090f,ELEC-1086,215,0
d313dd31,ELEC-1036,28,0
235a1a68,ELEC-1051,40,0
c52f8e66,ELEC-1067,388,0
5794060a,ELEC-1087,358,0
215c7141,ELEC-1034,269,0
d19967e5,ELEC-1066,194,0
2d091f8c,ELEC-1048,191,0
cf4cda5c,ELEC-1022,69,0
b5bf7b04,ELEC-1051,225,0
f6571c99,ELEC-1043,155,0
53d30b3d,ELEC-1059,315,0
acc62e22,ELEC-1060,267,1
7f6c457b,ELEC-1069,113,0
80e579c7,ELEC-1027,311,0
8edaf9a1,ELEC-1034,144,2
b61c14b3,ELEC-1074,255,0
abd4eb8d,ELEC-1020,118,0
3809a892,ELEC-1004,164,0
529e266e,ELEC-1034,325,0
14d49fb8,ELEC-1017,392,0
296da0e3,ELEC-1032,278,0
cf37ef2b,ELEC-1032,33,1
b42380a0,ELEC-1083,327,0
9448951c,ELEC-1020,199,0
529c34bc,ELEC-1011,54,0
b29d63f2,ELEC-1025,398,0
75b3c716,ELEC-1024,386,0
a22e4c07,ELEC-1091,58,0
af67d813,ELEC-1038,319,0
4e8be387,ELEC-1081,182,0
c9922ce1,ELEC-1055,324,0
00d25bd8,ELEC-1055,239,0
6b11fb52,ELEC-1082,58,2
1c48d472,ELEC-1030,332,0
6bdc7a76,ELEC-1032,154,2
21a0df7f,ELEC-1059,77,1
d80534e0,ELEC-1045,43,0
545edf6e,ELEC-1066,191,1
3f3769aa,ELEC-1007,238,0
6c3da181,ELEC-1072,205,0
9bf7fe4f,ELEC-1044,377,0
71f7705c,ELEC-1023,149,2
e80df711,ELEC-1045,286,0
5b05b1ab,ELEC-1048,377,0
bbf2f3d5,ELEC-1091,198,0
e469d351,ELEC-1003,334,0
38bfff4e,ELEC-1064,102,0
10ed7a41,ELEC-1008,323,0
c2819369,ELEC-1092,93,0
ae26e400,ELEC-1025,369,0
42bfc7eb,ELEC-1076,345,1
2824b95f,ELEC-1050,342,0
63587371,ELEC-1091,308,0
988a2723,ELEC-1071,277,0
622008c0,ELEC-1059,224,0
65b76da9,ELEC-1096,349,0
4de13f01,ELEC-1063,158,0
95deb32d,ELEC-1096,81,2
9a6df422,ELEC-1085,346,0
925f892e,ELEC-1029,248,0
c41da5bb,ELEC-1099,35,2
42660c55,ELEC-1063,249,0
2384db4b,ELEC-1080,329,0
bfc62326,ELEC-1065,273,0
fa73aaa2,ELEC-1078,256,0
fae43804,ELEC-1006,303,0
a624bb37,ELEC-1083,107,1
67b3dfed,ELEC-1020,312,0
b7145087,ELEC-1017,63,0
3a683d52,ELEC-1069,126,1
81ddb8a6,ELEC-1046,381,1
883d87a2,ELEC-1075,138,2
553a424a,ELEC-1079,54,0
1aeb8ea4,ELEC-1085,124,0
dad86fb8,ELEC-1077,25,0
984ca5c7,ELEC-1012,389,0
7e8e9a2b,ELEC-1029,106,2
a948469a,ELEC-1036,285,0
e96586af,ELEC-1058,63,0
5fddd1d6,ELEC-1049,239,0
f2e9b0a9,ELEC-1025,10,0
d8f60c50,ELEC-1063,78,2
ab746aca,ELEC-1071,95,0
f9a61e61,ELEC-1068,226,0
2006092d,ELEC-1090,377,0
7fa48ef1,ELEC-1018,14,0
b22ef1a1,ELEC-1040,185,0
b739e6c6,ELEC-1025,54,1
cea23a4f,ELEC-1004,370,0
997e9a3a,ELEC-1034,355,0
73b529ff,ELEC-1036,232,0
50832994,ELEC-1024,42,0
9a6b710c,ELEC-1013,237,1
e4c308e8,ELEC-1047,224,0
41651942,ELEC-1038,189,0
098c9bcf,ELEC-1088,261,1
45b20ee0,ELEC-1082,20,0
8ff293de,ELEC-1096,245,0
29955ecd,ELEC-1017,231,0
7ba59bc0,ELEC-1051,256,2
11e41676,ELEC-1098,387,0
1be0defc,ELEC-1077,382,0
145192a6,ELEC-1007,348,0
306c751e,ELEC-1031,259,0
71e71421,ELEC-1073,50,0
b45b3a45,ELEC-1020,373,0
0ece9896,ELEC-1030,159,0
48a9cdaa,ELEC-1034,365,2
792705f8,ELEC-1031,337,1
8d9ce5a2,ELEC-1072,358,0
1ee8c8b2,ELEC-1079,128,0
78216d50,ELEC-1086,335,1
6e316e2a,ELEC-1025,351,0
4743ffc9,ELEC-1092,81,1
0aef8669,ELEC-1068,289,2
1471cb73,ELEC-1073,250,0
c147d0f1,ELEC-1004,155,0
90715c72,ELEC-1061,54,2
7e5dfec1,ELEC-1052,370,0
99694134,ELEC-1075,328,0
44ce95dc,ELEC-1019,173,0
fa74c829,ELEC-1011,293,2
ba665474,ELEC-1009,230,0
4428d48d,ELEC-1057,366,0
ed1d3709,ELEC-1047,245,0
4fd1d395,ELEC-1074,308,2
18cb6edd,ELEC-1076,288,0
ed0d155d,ELEC-1007,247,0
d46d553b,ELEC-1050,218,0
12853572,ELEC-1018,200,0
57c678b6,ELEC-1041,194,0
5732659e,ELEC-1027,350,0
de466909,ELEC-1036,278,0
32eeb960,ELEC-1049,118,0
9a651520,ELEC-1016,128,0
a16218a5,ELEC-1090,204,0
13e64268,ELEC-1005,392,0
ee30bb98,ELEC-1098,149,0
39b97b83,ELEC-1075,116,0
ec755c1d,ELEC-1090,129,0
00d07d05,ELEC-1046,66,0
427a5857,ELEC-1046,173,2
87578842,ELEC-1030,353,2
2cfaa438,ELEC-1017,141,0
06148a3b,ELEC-1091,228,0
90225587,ELEC-1038,174,0
12191276,ELEC-1062,170,0
3f9d1eed,ELEC-1088,57,0
f288505d,ELEC-1094,266,0
6a5e5d58,ELEC-1058,218,0
1532f76a,ELEC-1011,329,0
e40cc72b,ELEC-1090,237,1
2daba649,ELEC-1041,303,1
4b7a12bd,ELEC-1029,320,1
ba16947e,ELEC-1042,48,0
d12620b4,ELEC-1031,237,0
03db2ab5,ELEC-1027,277,0
e6a66ad8,ELEC-1094,278,1
0c2a16d0,ELEC-1011,249,0
60af13c6,ELEC-1060,73,1
8e55730b,ELEC-1091,364,0
013d518b,ELEC-1008,123,0
dd2ae7d2,ELEC-1096,114,2
9ee0cfe6,ELEC-1073,67,0
3217ff4a,ELEC-1061,59,2
bc3a5723,ELEC-1067,104,0
7d86aadf,ELEC-1045,213,0
072f402c,ELEC-1016,232,2
cc946047,ELEC-1076,81,0
7ee61f89,ELEC-1068,116,0
f5854cb8,ELEC-1074,148,0
8c53fd76,ELEC-1076,98,1
b550a236,ELEC-1038,352,0
50ba7651,ELEC-1039,128,0
46a7d716,ELEC-1078,236,0
9d65e954,ELEC-1075,224,0
4ee22faf,ELEC-1043,376,1
90594257,ELEC-1006,360,0
132a1219,ELEC-1077,19,1
77a8cf84,ELEC-1023,380,0
0d7d323e,ELEC-1026,318,0
d100ec50,ELEC-1081,118,0
58a8bd44,ELEC-1018,329,0
9d48338e,ELEC-1075,355,0
25a0f2c6,ELEC-1028,322,0
2017f71f,ELEC-1061,15,0
05200f07,ELEC-1068,178,0
bda98141,ELEC-1017,106,0
5d34005c,ELEC-1066,231,0
827e6298,ELEC-1002,88,0
4a7ff253,ELEC-1003,41,0
7c6d5316,ELEC-1030,398,0
ef3f9749,ELEC-1099,305,0
9a0d2fb5,ELEC-1066,243,0
3d70db72,ELEC-1003,156,2
76783454,ELEC-1092,313,0
d16abd78,ELEC-1089,157,1
5478e8e3,ELEC-1093,164,0
faaca622,ELEC-1086,202,0
d82a8bf9,ELEC-1050,280,0
bb1c4bd8,ELEC-1019,10,0
b8e057e2,ELEC-1055,377,0
564a532a,ELEC-1015,94,0
32a638a7,ELEC-1060,231,1
7c2c75a6,ELEC-1074,93,2
638d2dee,ELEC-1081,272,0
1822f45e,ELEC-1055,111,0
ce73afce,ELEC-1031,126,2
b20dcfcc,ELEC-1041,261,1
6f28b7b5,ELEC-1027,362,0
3fc3895a,ELEC-1044,394,0
e6646bbb,ELEC-1091,382,0
b7222f2e,ELEC-1057,360,0
9bd113c9,ELEC-1083,280,0
6ce35006,ELEC-1011,386,0
b8c8f65c,ELEC-1089,125,0
54c027f6,ELEC-1098,213,0
567c2f6d,ELEC-1001,60,0
9a4ee3a1,ELEC-1067,46,0
20bd4675,ELEC-1019,120,0
25434a53,ELEC-1013,236,0
697d3c43,ELEC-1009,195,0
e762c340,ELEC-1041,60,0
df29d7be,ELEC-1070,366,2
db10669e,ELEC-1083,99,0
6e3e5d4f,ELEC-1048,217,0
adea03a7,ELEC-1010,219,0
52c1b7e3,ELEC-1056,206,0
8f989f34,ELEC-1066,275,0
932fbb38,ELEC-1025,265,0
06d60f45,ELEC-1077,22,0
d9835f80,ELEC-1034,234,2
0c2d158c,ELEC-1016,152,0
43d4512c,ELEC-1077,274,0
c80e6817,ELEC-1006,348,0
5f8e278a,ELEC-1000,122,2
89d67899,ELEC-1032,27,0
b2dabc70,ELEC-1064,329,0
c43aad28,ELEC-1078,26,0
2faabf41,ELEC-1011,189,0
37269cfd,ELEC-1087,148,1
68a594f4,ELEC-1077,368,0
dba2dc87,ELEC-1007,137,2
72fd837b,ELEC-1035,256,0
e3ea8a7f,ELEC-1035,148,2
c81b2071,ELEC-1028,13,1
9b925e2c,ELEC-1003,80,0
c247782c,ELEC-1006,217,0
9894a57b,ELEC-1099,280,0
6c58e0ed,ELEC-1022,126,0
a553b590,ELEC-1012,48,0
53af00f8,ELEC-1052,120,0
8413db4b,ELEC-1050,171,2
acf0cece,ELEC-1006,285,0
eefaa407,ELEC-1086,203,2
88f76741,ELEC-1015,336,2
b8c772e2,ELEC-1095,96,0
4807cf49,ELEC-1062,314,0
b45d4079,ELEC-1000,148,2
e6be0a05,ELEC-1096,313,0
c5671bac,ELEC-1078,218,2
17d7a924,ELEC-1013,79,0
966422d0,ELEC-1013,200,0
3a54e9b9,ELEC-1098,21,2
3ac92cf7,ELEC-1073,105,0
c4c0ed98,ELEC-1079,331,0
5cca4810,ELEC-1006,97,0
8cb9aca4,ELEC-1017,124,0
6035bcbe,ELEC-1021,357,0
3b038ea6,ELEC-1001,344,0
8026828b,ELEC-1077,158,0
0feeb67b,ELEC-1050,178,0
f68d0c38,ELEC-1082,116,0
47c96296,ELEC-1019,251,0
711be789,ELEC-1005,109,0
405b3aa8,ELEC-1009,25,1
3fbaf37e,ELEC-1065,234,0
97351fc4,ELEC-1049,385,0
183317b7,ELEC-1093,297,0
3c9f08c0,ELEC-1016,159,0
80d5f054,ELEC-1000,282,0
35fc0c2d,ELEC-1010,172,0
8e7c84f7,ELEC-1024,244,1
5415d0be,ELEC-1013,291,0
13d2455a,ELEC-1070,378,0
f7f576e4,ELEC-1034,202,0
315bdad1,ELEC-1044,169,0
6d7b4d43,ELEC-1091,214,2
cd2ce0c8,ELEC-1042,306,0
8681e26a,ELEC-1026,13,0
3217e776,ELEC-1098,282,0
ee286b92,ELEC-1093,207,1
3133af58,ELEC-1042,177,0
9044f9af,ELEC-1064,304,0
36182f34,ELEC-1004,62,0
25c8362b,ELEC-1003,341,0
390dfbe3,ELEC-1082,313,0
babbec03,ELEC-1041,165,0
018c1bbe,ELEC-1088,191,0
3fd3069c,ELEC-1016,20,0
fe5fd729,ELEC-1007,327,0
8012c054,ELEC-1034,101,0
ff89c3d6,ELEC-1051,83,1
24ec7855,ELEC-1056,62,0
b9450b68,ELEC-1061,230,2
fc803ee8,ELEC-1040,71,0
08382cf0,ELEC-1020,220,1
83b7b90d,ELEC-1019,69,0
8c2ca5cb,ELEC-1017,105,0
eca2e360,ELEC-1074,131,0
f79e7981,ELEC-1036,323,0
25c9022e,ELEC-1094,86,1
3d165c22,ELEC-1066,117,0
d7866eaa,ELEC-1052,366,0
004fd9a7,ELEC-1006,110,0
6dce26fe,ELEC-1050,348,1
f061b0b0,ELEC-1064,277,2
685c4160,ELEC-1065,276,0
eb09c0b8,ELEC-1080,249,2
0ef5f4a0,ELEC-1076,369,0
e0e1916a,ELEC-1033,91,1
3a0af5e8,ELEC-1070,228,0
9d7fcfcf,ELEC-1097,24,0
9d3d64ce,ELEC-1087,68,0
5ebdc99a,ELEC-1099,186,0
cd98eae2,ELEC-1067,238,0
28011e00,ELEC-1019,13,0
3345ea68,ELEC-1063,145,0
531a39a0,ELEC-1016,136,0
57eae554,ELEC-1016,302,0
b3fce6a7,ELEC-1026,42,0
ddd54d0d,ELEC-1071,253,0
f6f8b66b,ELEC-1058,397,0
e12b3959,ELEC-1098,298,0
46d35b39,ELEC-1078,399,0
362bee5c,ELEC-1006,294,0
f450c47b,ELEC-1052,166,0
a78c5103,ELEC-1000,139,0
e1602aaa,ELEC-1079,99,0
3d604da2,ELEC-1005,323,0
f689fb91,ELEC-1027,266,0
cae26ab8,ELEC-1022,189,0
f44e0c6e,ELEC-1072,152,0
02e45a1e,ELEC-1031,121,0
4360d47b,ELEC-1085,311,0
a510f534,ELEC-1082,386,0
26ede6f7,ELEC-1048,11,0
221f3ecc,ELEC-1050,244,0
53e605e7,ELEC-1035,251,0
284c4da6,ELEC-1054,218,0
bcd82bee,ELEC-1020,376,0
aa9bd487,ELEC-1092,49,0
35c841f5,ELEC-1091,341,0
385d6662,ELEC-1028,152,0
d6799285,ELEC-1081,294,0
ef87ebc0,ELEC-1041,98,0
e5ec992a,ELEC-1073,300,0
126cdec9,ELEC-1005,360,0
2738919b,ELEC-1080,241,0
9a7b1f6a,ELEC-1054,122,0
05386fd1,ELEC-1043,189,2
ef6005a8,ELEC-1091,65,0
081828b2,ELEC-1023,365,0
a09c9af5,ELEC-1000,216,2
98a8459c,ELEC-1004,123,0
8fa0bd89,ELEC-1054,65,2
88c95c37,ELEC-1082,178,1
5bdac451,ELEC-1031,45,0
3649f6af,ELEC-1063,108,0
dc10d09e,ELEC-1066,369,0
9c7880f5,ELEC-1080,391,1
f0fe4424,ELEC-1047,88,2
0b1aca90,ELEC-1038,316,0
b9a205b9,ELEC-1017,259,0
7d2f4461,ELEC-1074,206,2
1bb7f000,ELEC-1049,125,0
7282bda7,ELEC-1013,261,1
ea5b0927,ELEC-1034,92,0
f6a328e5,ELEC-1075,398,0
3610e0aa,ELEC-1008,167,0
2020ce71,ELEC-1007,92,0
ed4b6f2a,ELEC-1036,99,0
09ab26c8,ELEC-1070,162,1
3c188478,ELEC-1057,345,0
e8228eae,ELEC-1075,246,2
3ee85e83,ELEC-1006,230,0
53417447,ELEC-1039,76,2
0b483d87,ELEC-1031,142,0
da1e5948,ELEC-1028,95,0
d85b2c5f,ELEC-1060,37,0
0c2347a0,ELEC-1008,59,0
0c800b5e,ELEC-1083,342,0
98bd15e7,ELEC-1063,246,0
f278673a,ELEC-1031,34,0
729c8e57,ELEC-1068,267,0
cd6b7399,ELEC-1011,127,0
6d442b3d,ELEC-1049,161,0
5933e2bb,ELEC-1054,81,0
80ecf903,ELEC-1045,186,0
6eb69fb5,ELEC-1028,163,0
75907a35,ELEC-1037,394,0
cd59e054,ELEC-1070,278,0
03e80a90,ELEC-1064,191,0
c067d8bd,ELEC-1004,350,0
1e0c0348,ELEC-1065,43,2
ac6e122e,ELEC-1089,221,0
d65ade42,ELEC-1007,253,0
b4cae2a2,ELEC-1024,206,2
624f4876,ELEC-1041,21,0
16238d0a,ELEC-1060,28,0
1426cbe6,ELEC-1014,379,0
554c5d25,ELEC-1090,98,2
3c8fbd47,ELEC-1027,306,0
4f9038a4,ELEC-1063,399,0
63fe89f9,ELEC-1059,338,0
5f24aeac,ELEC-1021,252,0
3fe40f9a,ELEC-1091,218,0
767701a5,ELEC-1025,228,0
9f958ea5,ELEC-1091,136,0
b821fbbc,ELEC-1035,18,2
6ab79003,ELEC-1023,293,0
f74b585b,ELEC-1073,256,0
b27c8c47,ELEC-1000,149,2
bb6d451e,ELEC-1053,391,0
7b2f85e4,ELEC-1072,23,0
55d7192e,ELEC-1047,169,1
3a713048,ELEC-1081,335,0
52680049,ELEC-1058,396,0
6418cbbd,ELEC-1009,32,1
dc532355,ELEC-1005,75,0
6a245e6c,ELEC-1011,167,0
3a9ea745,ELEC-1089,159,1
6f3da910,ELEC-1097,42,0
a751729d,ELEC-1078,37,0
5b307dcb,ELEC-1081,259,0
91e87128,ELEC-1053,396,0
5b87f255,ELEC-1063,284,2
4f155579,ELEC-1095,334,0
4e2c6517,ELEC-1083,323,2
3bb4825b,ELEC-1084,106,1
2d700414,ELEC-1046,303,0
fa5ca249,ELEC-1009,310,0
3bbadca7,ELEC-1010,110,0
8371e766,ELEC-1008,100,0
77aee376,ELEC-1096,228,0
2f29b797,ELEC-1012,244,0
52010c70,ELEC-1077,238,0
b038d099,ELEC-1011,204,0
94f63dfe,ELEC-1040,20,0
38a7a9d9,ELEC-1041,148,0
7b9ccf54,ELEC-1061,179,0
5c30121c,ELEC-1020,57,0
c13e7afa,ELEC-1027,317,0
a0f5935f,ELEC-1026,213,0
fc91760b,ELEC-1051,165,1
414febbf,ELEC-1006,253,0
d441d3de,ELEC-1008,26,0
85270550,ELEC-1007,381,0
f45ba0b3,ELEC-1065,375,0
ea3492bc,ELEC-1065,339,0
a382f841,ELEC-1062,233,0
15386279,ELEC-1090,334,2
195da929,ELEC-1087,231,0
28dc2267,ELEC-1067,227,0
476e07bb,ELEC-1035,165,1
68c8f762,ELEC-1019,338,0
7e34a366,ELEC-1027,98,0
b6d183bf,ELEC-1035,331,0
6e3684da,ELEC-1018,346,2
0f369c64,ELEC-1093,362,1
b9c90078,ELEC-1029,288,0
cefbfd1b,ELEC-1024,228,0
838d8452,ELEC-1060,37,0
bba39449,ELEC-1005,90,0
c855faa5,ELEC-1016,311,0
2572239d,ELEC-1005,174,0
6db1d3cb,ELEC-1087,100,0
d958d7f7,ELEC-1027,30,0
db5e92ac,ELEC-1086,285,0
b46813d8,ELEC-1085,325,2
1eef32b7,ELEC-1078,251,0
e9a8f73c,ELEC-1052,178,0
8c41e3c6,ELEC-1063,266,0
a56a276f,ELEC-1095,49,0
45c58078,ELEC-1021,287,0
87abd121,ELEC-1049,309,0
6ee01625,ELEC-1056,292,0
0b64a419,ELEC-1064,154,2
1c0cb832,ELEC-1074,342,0
46528cd0,ELEC-1099,130,0
75511b92,ELEC-1006,387,1
bf9b74d8,ELEC-1032,368,0
bcdcb134,ELEC-1000,215,2
3bd15f24,ELEC-1010,198,2
e2336514,ELEC-1091,216,2
df357eab,ELEC-1030,277,2
e63fcbd5,ELEC-1092,201,0
cc3d3d97,ELEC-1006,97,0
711c5646,ELEC-1056,373,0
78a47cad,ELEC-1067,135,0
fe7bc9b1,ELEC-1002,178,0
c15bc302,ELEC-1007,258,1
bebac760,ELEC-1056,145,0
a9efde1b,ELEC-1016,377,0
1b29ed36,ELEC-1043,36,2
86aa6d01,ELEC-1099,106,0
a62d78a2,ELEC-1042,104,0
e562fa6c,ELEC-1007,388,0
85017c1f,ELEC-1081,224,0
d69bf376,ELEC-1073,213,0
f8f840d2,ELEC-1090,211,0
af89bb6f,ELEC-1018,266,1
6ac75689,ELEC-1022,290,0
0ccd0f60,ELEC-1043,397,0
2d89e475,ELEC-1018,374,0
81dac7e7,ELEC-1023,16,0
0069e7a2,ELEC-1065,232,1
712c2cea,ELEC-1015,334,1
a253a013,ELEC-1026,75,0
f622be2e,ELEC-1043,124,2
81407c21,ELEC-1009,236,0
f61d6dc0,ELEC-1091,295,0
ec94fd12,ELEC-1014,111,0
5ebe103f,ELEC-1063,272,0
8e465f44,ELEC-1022,63,1
ba3ba103,ELEC-1048,134,1
a3d058e6,ELEC-1010,247,2
72147695,ELEC-1088,355,0
379a5e8d,ELEC-1079,71,0
7aacb9fb,ELEC-1001,193,0
265b0b2b,ELEC-1054,316,0
671d28c8,ELEC-1039,308,1
5e3d676b,ELEC-1002,60,2
b5bfd3cc,ELEC-1058,218,0
9f8469ed,ELEC-1068,317,0
f34e8a5b,ELEC-1031,103,1
c6efc1b8,ELEC-1045,390,0
76bd3bce,ELEC-1087,356,0
c2ece072,ELEC-1006,175,0
6252ee36,ELEC-1043,153,0
1688cec5,ELEC-1002,272,0
f8b22749,ELEC-1001,129,2
32614342,ELEC-1064,85,0
c734c884,ELEC-1068,26,0
df18ea65,ELEC-1064,359,0
89b27772,ELEC-1035,197,0
8130db9e,ELEC-1062,376,0
18fc8f34,ELEC-1089,364,0
e157e1de,ELEC-1029,217,0
e01650ac,ELEC-1084,167,0
bd899f81,ELEC-1032,235,0
fd93caa2,ELEC-1059,76,0
16b917e4,ELEC-1056,58,0
8525eadc,ELEC-1094,346,0
cddc27ca,ELEC-1058,390,0
0cf36ba4,ELEC-1007,14,0
198406a0,ELEC-1034,183,0
f35f2614,ELEC-1045,103,0
63172025,ELEC-1013,107,0
7585a638,ELEC-1041,326,0
27bae223,ELEC-1013,87,0
062720ee,ELEC-1032,50,0
c902ca47,ELEC-1048,317,0
8f24ff5e,ELEC-1049,222,0
9436d546,ELEC-1007,293,1
b63a6576,ELEC-1026,313,1
f738335f,ELEC-1075,90,1
f4b59fe2,ELEC-1089,277,0
a74332c8,ELEC-1087,224,1
6d20d6f5,ELEC-1078,273,1
f0bb6867,ELEC-1092,144,0
f1a450e7,ELEC-1034,254,0
e1490cb3,ELEC-1091,201,0
94708233,ELEC-1076,206,0
ecb8191b,ELEC-1046,66,0
77dbab1e,ELEC-1008,391,0
ee62b2c2,ELEC-1083,231,0
f3550cd4,ELEC-1008,126,0
91a7d75c,ELEC-1089,162,0
5a7d59e7,ELEC-1097,16,0
3a4dc4e1,ELEC-1026,31,0
02696671,ELEC-1064,142,0
84fe9356,ELEC-1019,181,0
558d23a5,ELEC-1081,201,0
888e8706,ELEC-1083,216,2
aacba628,ELEC-1050,106,0
8e1ff196,ELEC-1014,205,0
c5489fd6,ELEC-1011,337,2
102cef9c,ELEC-1023,236,2
2332286c,ELEC-1014,324,0
a2c74af6,ELEC-1019,261,0
9371ddce,ELEC-1080,243,0
cccc58a1,ELEC-1003,350,1
d8c9ec98,ELEC-1054,216,0
79ba5567,ELEC-1028,75,0
6b88bd67,ELEC-1089,317,0
55c38f46,ELEC-1072,260,0
a9a478d5,ELEC-1054,337,0
4f9769db,ELEC-1084,155,0
342aabf1,ELEC-1060,123,0
b9854102,ELEC-1053,218,0
166c1afc,ELEC-1046,110,0
89790b1a,ELEC-1027,291,0
88a095f4,ELEC-1088,16,2
2ee565b7,ELEC-1014,186,0
cb3e46cc,ELEC-1063,87,0
0fe334d6,ELEC-1034,334,0
8954b53d,ELEC-1020,68,0
7867e07e,ELEC-1055,272,1
de77e7ed,ELEC-1048,361,0
2e2238e8,ELEC-1014,139,1
d9ce7491,ELEC-1078,252,1
6a4e6759,ELEC-1007,12,1
445cb3c8,ELEC-1022,191,0
8230039a,ELEC-1078,286,0
206ee24b,ELEC-1090,93,0
abfb95b4,ELEC-1058,198,0
087ad616,ELEC-1058,315,2
d44a8077,ELEC-1082,386,0
7b20d319,ELEC-1090,338,0
dcafc670,ELEC-1080,383,2
5de5ec58,ELEC-1056,153,0
84bb121d,ELEC-1094,287,0
87a68e48,ELEC-1081,69,0
3cf286e7,ELEC-1084,382,0
fd6d8e43,ELEC-1030,254,1
e60246b6,ELEC-1034,232,0
57157cae,ELEC-1048,81,0
b88845d5,ELEC-1031,143,0
14d9ed55,ELEC-1023,28,0
1c1d6829,ELEC-1035,330,0
41c3a183,ELEC-1024,114,0
2e21865b,ELEC-1064,257,0
09a739bd,ELEC-1034,332,0
d5b37dfc,ELEC-1095,13,1
31a6b5a7,ELEC-1025,318,1
b5d14825,ELEC-1029,292,0
256b53e8,ELEC-1011,135,0
fe3f4758,ELEC-1067,381,0
cae4f89a,ELEC-1032,257,0
22e491e5,ELEC-1069,41,0
d436884f,ELEC-1032,133,0
89512a0f,ELEC-1068,181,0
32173622,ELEC-1074,94,0
dad1820a,ELEC-1064,60,0
b247df54,ELEC-1020,46,2
4c9dd01d,ELEC-1072,18,0
68e8995f,ELEC-1044,105,0
177373c7,ELEC-1003,278,0
0782a8b6,ELEC-1036,225,2
541564b4,ELEC-1063,371,0
11935a44,ELEC-1056,260,2
0ba86299,ELEC-1018,71,2
16460cde,ELEC-1050,206,2
7eb41bbd,ELEC-1090,231,0
2cc6c9dd,ELEC-1031,120,0
f4a09ab1,ELEC-1048,233,0
5c555529,ELEC-1067,73,0
aecf0e96,ELEC-1056,29,0
aada0503,ELEC-1028,110,0
4a92f185,ELEC-1081,13,0
6a5daf58,ELEC-1014,124,0
a16d5c45,ELEC-1039,304,1
32fb8f73,ELEC-1074,292,0
443a23fb,ELEC-1022,308,2
070d0ab7,ELEC-1023,109,0
4556240b,ELEC-1075,396,0
3949b99b,ELEC-1041,261,0
74d821b4,ELEC-1034,355,0
627d7e26,ELEC-1078,256,0
7df9e449,ELEC-1064,36,2
20933d07,ELEC-1073,287,2
4d3562fa,ELEC-1080,351,0
aa607d35,ELEC-1014,358,0
0e92f3bb,ELEC-1021,387,0
4c265e5a,ELEC-1053,86,0
07bba7fd,ELEC-1022,201,2
ec796ec0,ELEC-1081,138,0
43514719,ELEC-1010,172,0
67dda97f,ELEC-1095,75,0
98bb818f,ELEC-1079,169,0
d82a100e,ELEC-1014,80,0
4c459dc0,ELEC-1061,147,0
ac1b07b6,ELEC-1061,249,0
d3d3b70b,ELEC-1082,78,0
a14a02d2,ELEC-1052,312,0
bc9c5ef4,ELEC-1044,171,0
66579316,ELEC-1086,318,0
9e0e1467,ELEC-1026,281,0
fde43e1b,ELEC-1050,95,0
80f223fd,ELEC-1073,334,0
d39ca427,ELEC-1010,121,0
d25df477,ELEC-1022,278,0
805241f2,ELEC-1036,219,0
d3ecf728,ELEC-1050,173,0
fa4015e5,ELEC-1042,45,0
1d208710,ELEC-1093,305,2
3edfe7d1,ELEC-1037,254,0
947e574d,ELEC-1033,294,0
bfa412af,ELEC-1067,40,0
7d96c172,ELEC-1081,334,2
06db8e6a,ELEC-1022,115,0
1b953a3b,ELEC-1097,381,0
73db611d,ELEC-1022,56,1
d76626ae,ELEC-1028,382,0
0e99aa61,ELEC-1016,46,0
9313e6f6,ELEC-1055,275,0
61c4f718,ELEC-1043,47,0
83342ea6,ELEC-1082,194,2
bba99f30,ELEC-1045,17,0
e40d344e,ELEC-1014,62,0
423526a2,ELEC-1076,152,0
33a1ea1a,ELEC-1055,150,0
e0018060,ELEC-1021,98,1
64a6e47c,ELEC-1028,90,0
f2bae4f0,ELEC-1001,127,0
4fb800d6,ELEC-1000,140,0
e3ef87c6,ELEC-1010,365,0
9430904b,ELEC-1055,375,0
c102ca80,ELEC-1054,233,0
0d13a943,ELEC-1032,162,0
c8508531,ELEC-1054,386,0
03d6c08b,ELEC-1010,155,0
425d0d4e,ELEC-1013,274,0
9b48bdc1,ELEC-1028,193,0
9a837c21,ELEC-1090,104,0
b4788448,ELEC-1089,50,2
a4389cdc,ELEC-1044,26,1
bad577d5,ELEC-1044,304,0
751781cf,ELEC-1087,368,0
4aa33d1e,ELEC-1050,311,2
a856f7f3,ELEC-1072,257,1
c2393b0d,ELEC-1050,223,2
6dfc500f,ELEC-1000,67,0
ac058056,ELEC-1070,273,2
b6dd3bf8,ELEC-1094,266,0
6340716e,ELEC-1057,28,0
9cbf71c4,ELEC-1079,46,1
e3fe4d8a,ELEC-1016,204,0
1df1fcb1,ELEC-1044,50,0
a3c787ba,ELEC-1051,200,0
30cdf8c5,ELEC-1050,342,0
d6f977ec,ELEC-1060,52,1
96498c32,ELEC-1053,111,1
de228694,ELEC-1023,159,2
09712dd9,ELEC-1060,308,0
e7dbcb8c,ELEC-1016,284,0
ba8f3eb5,ELEC-1079,316,0
7c4b1644,ELEC-1065,23,2
08c4a7a5,ELEC-1008,149,0
e1b868f5,ELEC-1002,189,0
98f21c63,ELEC-1096,142,0
73022c63,ELEC-1053,128,0
cd749cef,ELEC-1094,189,0
0016cf79,ELEC-1027,106,0
29865e3a,ELEC-1076,74,0
e12bf63b,ELEC-1097,78,0
c31df3e7,ELEC-1034,280,1
455d7ff1,ELEC-1089,325,0
905c8646,ELEC-1007,277,2
d2c331cb,ELEC-1011,136,0
dc2e68ed,ELEC-1082,188,0
14d50ad8,ELEC-1000,202,0
7e08b44e,ELEC-1098,217,0
6a7ee218,ELEC-1007,37,2
1f8f94bc,ELEC-1012,227,0
f442a509,ELEC-1016,81,0
87dd0e1b,ELEC-1063,388,0
e21b7fe9,ELEC-1018,41,0
11a31468,ELEC-1021,120,0
b72cb086,ELEC-1016,141,0
6569d3be,ELEC-1070,241,0
9f2c4041,ELEC-1093,352,1
106630a5,ELEC-1039,325,0
fe07cf16,ELEC-1064,267,1
34ff1e4d,ELEC-1090,107,1
bff23c9b,ELEC-1094,223,2
7e0a01c4,ELEC-1003,141,0
f7af7be1,ELEC-1062,209,0
6ca44f8d,ELEC-1090,214,2
84ca0950,ELEC-1069,257,2
b7d3a549,ELEC-1098,103,0
eb11ec11,ELEC-1027,158,0
e589473c,ELEC-1066,384,0
d3e20088,ELEC-1099,89,0
78c6d8c3,ELEC-1006,172,0
368a095e,ELEC-1073,245,0
a5310662,ELEC-1048,69,0
25ed395f,ELEC-1079,164,0
b5d91525,ELEC-1001,279,0
adbce7b7,ELEC-1010,264,0
f2dc432a,ELEC-1007,200,0
107049f4,ELEC-1052,263,0
2cc3ec78,ELEC-1023,252,0
b9dee47d,ELEC-1041,200,1
798e56c1,ELEC-1052,166,0
86e2d202,ELEC-1058,190,0
eb6505fb,ELEC-1072,69,0
7b0819d9,ELEC-1039,89,0
09e9647f,ELEC-1056,358,0
bb27571a,ELEC-1096,343,0
bdad6c42,ELEC-1048,211,0
25a538fa,ELEC-1019,320,0
7d87807c,ELEC-1022,167,2
26691ebc,ELEC-1029,148,0
89a8703c,ELEC-1002,87,0
f8e5a386,ELEC-1061,30,0
5e032888,ELEC-1067,11,0
6ec539ff,ELEC-1089,195,1
16db7797,ELEC-1031,82,0
a60dc799,ELEC-1082,274,0
2c52a276,ELEC-1037,397,0
e235519d,ELEC-1082,356,0
088f42a6,ELEC-1051,353,0
5dd20012,ELEC-1058,20,0
b0a71d4e,ELEC-1054,386,2
d30cb5bf,ELEC-1048,334,0
3a1c1dcd,ELEC-1049,316,2
14e15611,ELEC-1039,210,0
f3760caa,ELEC-1058,371,0
2983929e,ELEC-1062,371,0
16fce64d,ELEC-1061,271,0
ca788f4c,ELEC-1077,291,0
92d55f40,ELEC-1064,189,1
f6be0821,ELEC-1068,25,0
931cd8e7,ELEC-1093,352,2
35d7a93a,ELEC-1090,385,0
36ab129e,ELEC-1003,33,0
d83cfeb9,ELEC-1035,390,0
acde3964,ELEC-1045,138,0
7e9700f0,ELEC-1025,228,0
6a621644,ELEC-1038,141,2
5c688454,ELEC-1089,259,1
2cd30f9a,ELEC-1018,359,0
7df1fefe,ELEC-1051,225,0
ae80e08d,ELEC-1053,203,2
3a6bd29e,ELEC-1097,112,0
feba2d12,ELEC-1020,80,0
4dc84c72,ELEC-1006,360,0
6322a181,ELEC-1063,175,0
0c0b6104,ELEC-1062,343,0
e903d592,ELEC-1008,49,0
d1f1081d,ELEC-1053,54,0
27207d3b,ELEC-1076,21,0
06c562d6,ELEC-1027,146,0
11d9ef2a,ELEC-1002,255,0
6f465e2e,ELEC-1077,186,0
9a9a3496,ELEC-1058,247,2
bd32e989,ELEC-1031,61,0
0d873d2d,ELEC-1086,247,0
eafd28d2,ELEC-1001,215,2
8ad43a14,ELEC-1061,129,0
10a1c8b1,ELEC-1042,96,2
a1ffd106,ELEC-1075,45,0
808f7368,ELEC-1029,339,0
883d7775,ELEC-1012,32,0
e7a1f529,ELEC-1034,63,0
1c0f7843,ELEC-1094,73,0
130fa211,ELEC-1056,56,0
9983e8d6,ELEC-1067,337,0
f512ae54,ELEC-1081,362,2
db1ebcc8,ELEC-1086,68,0
dfe25a15,ELEC-1066,335,0
683c48d0,ELEC-1063,202,0
9cec071b,ELEC-1021,111,0
29ebaf82,ELEC-1068,65,0
d46e7dd5,ELEC-1005,215,0
ee2fa346,ELEC-1097,78,0
2fe81fcd,ELEC-1083,256,1
2ac055d4,ELEC-1070,366,0
bf24dbdf,ELEC-1027,161,0
6a1a0515,ELEC-1016,351,0
2949594c,ELEC-1090,301,1
98e434b6,ELEC-1087,264,0
c2dc147e,ELEC-1019,222,0
0f3c211a,ELEC-1063,96,0
b1f7fe9c,ELEC-1084,96,0
c8ec0a75,ELEC-1027,370,0
d528a459,ELEC-1046,310,0
f07a36bc,ELEC-1048,22,0
e3e9e8bd,ELEC-1007,317,0
2b0d1f4a,ELEC-1069,172,0
9b9541ba,ELEC-1041,314,2
ee4f17e1,ELEC-1055,57,0
2030ac0d,ELEC-1073,229,0
fd4d6fff,ELEC-1012,122,0
b3bcccd7,ELEC-1005,159,0
0cf633a1,ELEC-1038,83,2
1f2e9021,ELEC-1067,67,2
041417b3,ELEC-1062,322,0
3a84576b,ELEC-1071,250,0
7575434b,ELEC-1073,209,1
ef72fb9c,ELEC-1069,300,0
18a0fbd8,ELEC-1037,214,0
00f1beca,ELEC-1009,390,1
1dfc3d0a,ELEC-1081,47,0
d67a80f6,ELEC-1080,328,0
5d429e00,ELEC-1010,273,2
b0397a40,ELEC-1076,194,0
70d7c706,ELEC-1019,151,0
81aa7d21,ELEC-1003,380,0
9a0a8389,ELEC-1029,159,2
b4e7827d,ELEC-1071,52,0
c0afbc32,ELEC-1075,227,0
8f707689,ELEC-1024,18,0
5c421270,ELEC-1062,326,0
b51956f6,ELEC-1092,67,0
121140b9,ELEC-1001,101,0
79ea1f27,ELEC-1036,197,0
649117aa,ELEC-1018,18,2
676ceab5,ELEC-1087,30,0
18c431f0,ELEC-1093,62,2
5a0959c3,ELEC-1020,294,2
5d91d893,ELEC-1014,190,1
79dfefa4,ELEC-1081,117,2
e75096c2,ELEC-1073,291,0
e3ca01d2,ELEC-1055,105,0
debafee3,ELEC-1062,24,0
5f9a0da6,ELEC-1051,68,0
1f51ee24,ELEC-1092,38,0
80ebc28e,ELEC-1038,109,0
47cd1ae1,ELEC-1019,302,0
a1d3443b,ELEC-1016,380,0
ec778663,ELEC-1073,185,0
4e275bdb,ELEC-1093,184,0
14f5afae,ELEC-1009,270,1
9e08c300,ELEC-1024,317,0
23ab9673,ELEC-1084,251,0
a93b8a9b,ELEC-1095,137,0
3a5da7fe,ELEC-1024,207,0
a0ce9c8e,ELEC-1018,367,0
a5f0ab8b,ELEC-1053,46,2
f1534e01,ELEC-1087,76,0
4ba2b1cb,ELEC-1087,365,0
2911c61b,ELEC-1000,221,1
66319135,ELEC-1045,210,0
d37daa9d,ELEC-1036,337,0
03921347,ELEC-1035,187,0
44d6195b,ELEC-1058,46,0
84012007,ELEC-1007,191,0
c0916df6,ELEC-1087,51,0
84c47549,ELEC-1096,49,0
1f623734,ELEC-1026,312,0
438f4a8d,ELEC-1086,377,1
65cfa3b5,ELEC-1082,94,0
70a6781c,ELEC-1097,317,0
5e2b1878,ELEC-1051,62,1
b4f65585,ELEC-1051,234,0
c1c8a5aa,ELEC-1070,147,0
7b38a031,ELEC-1041,137,2
99e27482,ELEC-1092,219,0
055b2b44,ELEC-1088,253,0
636e82cb,ELEC-1077,74,0
74e27fb8,ELEC-1011,203,2
e7413924,ELEC-1002,46,0
1ecc68a7,ELEC-1069,140,0
77604246,ELEC-1096,88,0
a65f4a0c,ELEC-1044,210,0
10664432,ELEC-1078,151,0
c2750d0d,ELEC-1005,267,0
5f70f873,ELEC-1063,86,0
99d467dd,ELEC-1070,207,0
1d040cab,ELEC-1057,53,2
a32db106,ELEC-1060,344,0
c581b1d1,ELEC-1074,361,0
a006f796,ELEC-1052,19,0
0b7ccd4f,ELEC-1097,204,0
ec6b8b4f,ELEC-1069,390,1
b4bd3db8,ELEC-1006,43,0
acfb7723,ELEC-1090,252,0
d3723a2d,ELEC-1027,126,0
7f1aeb2f,ELEC-1064,118,0
af93471f,ELEC-1011,235,0
0c44c67b,ELEC-1051,127,0
f52a91d3,ELEC-1010,261,1
8041664b,ELEC-1029,361,1
7495df5b,ELEC-1049,224,0
01522661,ELEC-1033,260,0
c43fca87,ELEC-1040,286,0
9c92e121,ELEC-1096,318,2
dcab47a1,ELEC-1004,19,0
a5cb9a51,ELEC-1005,361,0
afe41a32,ELEC-1080,300,0
8db0ea8a,ELEC-1075,116,0
2031783d,ELEC-1029,157,0
ae6ef5c1,ELEC-1057,57,1
9917fef5,ELEC-1027,257,0
d14ad71e,ELEC-1026,204,0
cfb413ac,ELEC-1028,19,0
8303d668,ELEC-1053,195,0
fc638185,ELEC-1044,398,0
6f9f088d,ELEC-1058,140,2
feede0c6,ELEC-1094,289,0
030ecc63,ELEC-1025,283,0
1e001a3b,ELEC-1063,195,0
4e1754c8,ELEC-1014,153,0
df5474a5,ELEC-1030,327,0
4a5c4145,ELEC-1049,46,0
998e54e8,ELEC-1038,219,0
711625f8,ELEC-1009,342,0
cb493c21,ELEC-1058,286,0
41d3a567,ELEC-1013,132,0
65ebb7d1,ELEC-1057,146,0
f34aedce,ELEC-1096,330,0
9ad1421d,ELEC-1039,34,0
6f3b029c,ELEC-1012,16,0
a35538f4,ELEC-1078,232,1
88dd0ba9,ELEC-1039,341,0
fa81523b,ELEC-1044,98,1
7f79022f,ELEC-1071,312,0
d965755c,ELEC-1064,47,2
79a8a8ed,ELEC-1015,66,0
e415a3e6,ELEC-1051,155,0
36d6fe2d,ELEC-1081,274,0
71ed9c21,ELEC-1026,129,0
2a1241fa,ELEC-1066,193,0
faa6bad9,ELEC-1031,244,2
74787ab6,ELEC-1088,127,2
5c4bb38a,ELEC-1024,151,2
489eaa11,ELEC-1058,365,2
f844f46b,ELEC-1074,40,1
01b32f2f,ELEC-1088,100,0
46450198,ELEC-1058,216,0
6186b271,ELEC-1079,373,0
395225cf,ELEC-1069,333,0
03cccf1a,ELEC-1018,344,0
f2285462,ELEC-1043,329,0
6febc64a,ELEC-1079,370,0
76861e2f,ELEC-1076,333,0
e83f2d79,ELEC-1088,22,0
6fd8549e,ELEC-1074,179,0
76511c0f,ELEC-1028,125,0
c1ca36ea,ELEC-1030,348,0
2c7f92c7,ELEC-1037,286,0
d11dfe7c,ELEC-1099,323,0
d771b2f1,ELEC-1021,114,0
cffe2a23,ELEC-1010,296,0
be5fcf64,ELEC-1046,198,0
52ace765,ELEC-1058,77,0
8da1f8c4,ELEC-1013,217,0
b81ae9b8,ELEC-1058,353,0
ef24ea1a,ELEC-1054,392,0
4b0d47b0,ELEC-1011,89,1
d295716f,ELEC-1093,282,0
4510a5ab,ELEC-1061,397,0
0c337fd7,ELEC-1051,85,0
09133552,ELEC-1073,127,0
9cd7437f,ELEC-1093,358,0
6da89a1c,ELEC-1034,346,1
9ad13237,ELEC-1088,44,0
72e683c3,ELEC-1017,106,0
cb521949,ELEC-1076,10,1
29194125,ELEC-1028,37,0
b1899fc9,ELEC-1020,159,0
b640e7e1,ELEC-1069,322,0
8ddf27d6,ELEC-1038,247,0
e0175746,ELEC-1023,296,0
30e62be7,ELEC-1090,107,0
cb34d5a8,ELEC-1043,24,0
9cf1f1de,ELEC-1040,262,0
0f124637,ELEC-1033,156,0
2d687f80,ELEC-1023,39,0
a40e707a,ELEC-1043,332,0
f7454ce0,ELEC-1002,111,0
4929d42f,ELEC-1014,84,0
16bc560f,ELEC-1072,321,0
d9c00dcf,ELEC-1030,290,0
13fcb551,ELEC-1035,161,0
82390cb3,ELEC-1005,273,0
333f13d2,ELEC-1088,284,0
df664405,ELEC-1043,288,0
80891b80,ELEC-1060,350,0
abffae5a,ELEC-1034,230,0
70f98504,ELEC-1014,176,0
8b548661,ELEC-1034,157,0
87c307fc,ELEC-1089,103,2
99a0aa00,ELEC-1077,98,0
341095f2,ELEC-1091,392,0
d4f6fb22,ELEC-1018,353,0
73487615,ELEC-1064,169,1
a4551320,ELEC-1066,348,0
b4739120,ELEC-1087,371,0
36f74f31,ELEC-1022,207,0
83aa132d,ELEC-1094,111,1
077a6dac,ELEC-1065,26,0
ab54c197,ELEC-1050,381,0
ef350c5f,ELEC-1074,299,0
a6396ea8,ELEC-1013,295,1
5f37d5c4,ELEC-1099,212,0
dbc0de95,ELEC-1030,39,0
88adbdd2,ELEC-1010,108,0
03cdb860,ELEC-1086,324,1
060a0ddf,ELEC-1045,101,0
5a8f2e22,ELEC-1022,178,2
e92a32da,ELEC-1065,313,1
5bfbd7cb,ELEC-1083,13,0
640597f8,ELEC-1038,186,0
645a03e0,ELEC-1036,390,2
9eb0f1e1,ELEC-1076,290,0
e9b26711,ELEC-1099,179,2
0e94920b,ELEC-1083,91,0
d79a8536,ELEC-1086,78,0
a1afa923,ELEC-1062,376,0
ee8d2df1,ELEC-1009,233,0
c098e2ef,ELEC-1042,172,0
f7db84c5,ELEC-1080,119,0
13c2c336,ELEC-1040,34,0
147d144a,ELEC-1092,290,0
fee8d56f,ELEC-1037,215,0
41e2aaa7,ELEC-1041,145,0
701071c1,ELEC-1007,116,0
78fc35aa,ELEC-1022,32,2
fe153377,ELEC-1068,342,0
f5011bf9,ELEC-1001,395,0
d13f6128,ELEC-1063,212,0
05d7b2a8,ELEC-1040,344,0
d42b15ca,ELEC-1051,112,0
059d0470,ELEC-1071,26,0
8819a116,ELEC-1098,235,1
f6ac6852,ELEC-1080,203,0
ccd431c5,ELEC-1001,384,2
94629be8,ELEC-1052,227,0
639594e1,ELEC-1015,137,0
e1d5db38,ELEC-1033,391,0
4dd7428d,ELEC-1059,60,0
0638a1a1,ELEC-1099,354,1
19823818,ELEC-1061,221,0
f24f457e,ELEC-1041,302,0
3ee97593,ELEC-1017,244,1
1becd1eb,ELEC-1003,372,0
b0987ee0,ELEC-1043,56,0
081853f6,ELEC-1055,360,0
8fde017b,ELEC-1014,368,0
8f5e198f,ELEC-1063,138,0
f3f742d1,ELEC-1043,185,0
e0509dc7,ELEC-1085,304,1
152f51a2,ELEC-1088,198,0
46bc0714,ELEC-1087,183,0
81bd39a5,ELEC-1004,19,1
0038aad1,ELEC-1053,299,0
6683aac6,ELEC-1088,42,0
8ae8d99a,ELEC-1044,331,0
05af79f4,ELEC-1065,64,0
6a47e905,ELEC-1070,148,0
9d156f40,ELEC-1085,133,0
dbf70daf,ELEC-1011,259,0
4432240a,ELEC-1006,65,2
0f497ec8,ELEC-1036,57,0
f9ac5ace,ELEC-1062,227,0
0ab1b97d,ELEC-1014,10,0
2a200285,ELEC-1066,149,0
116a7aa4,ELEC-1083,234,1
00bb057f,ELEC-1047,259,1
a5872356,ELEC-1059,247,0
13d4e19e,ELEC-1014,256,1
4c6f4289,ELEC-1067,264,0
ef467305,ELEC-1039,323,1
df37eaaa,ELEC-1054,329,0
3b93bd01,ELEC-1084,129,0
ba55ec2c,ELEC-1084,218,0
cf484a95,ELEC-1017,147,0
d1eccebf,ELEC-1083,197,1
33dc0b06,ELEC-1084,206,2
b9569c9a,ELEC-1008,210,0
43e92fa1,ELEC-1076,266,0
3c44348b,ELEC-1028,208,0
16652c2a,ELEC-1065,261,0
becc0652,ELEC-1078,103,0
3c6d616c,ELEC-1039,367,0
fdb1753e,ELEC-1004,304,0
f80e4520,ELEC-1030,356,0
50fe8f50,ELEC-1005,177,1
5b9068ca,ELEC-1006,371,1
d988b76a,ELEC-1078,299,0
ffb74c1c,ELEC-1027,267,0
cd91b292,ELEC-1042,54,0
6fde8d74,ELEC-1009,147,0
93e71f0c,ELEC-1068,394,0
a25694de,ELEC-1001,370,2
0848bede,ELEC-1040,75,0
830d28ed,ELEC-1025,345,0
0fa64d79,ELEC-1080,227,0
cfbede2f,ELEC-1004,378,0
078a726c,ELEC-1088,233,0
7fdf4cea,ELEC-1007,366,0
88ec85b2,ELEC-1009,349,2
023b8519,ELEC-1007,15,2
7655ed88,ELEC-1003,159,0
a3e17c57,ELEC-1095,249,0
4d169e55,ELEC-1025,371,2
3cab766b,ELEC-1085,120,0
55106430,ELEC-1081,145,0
4e216b3d,ELEC-1065,277,0
1354ec6b,ELEC-1031,152,0
f00597b7,ELEC-1001,86,0
946e5d17,ELEC-1040,74,0
be161fd7,ELEC-1095,326,0
1756fecd,ELEC-1064,42,0
49bd16a0,ELEC-1076,310,0
76adac86,ELEC-1036,215,2
fec3b6a6,ELEC-1044,245,1
e4a38f2f,ELEC-1081,347,0
e1836f70,ELEC-1081,72,0
9133272b,ELEC-1075,212,0
9ac3b7b0,ELEC-1085,338,0
6df071ad,ELEC-1004,82,0
226d4b93,ELEC-1011,219,0
cbb9db51,ELEC-1070,246,0
ccc2e65e,ELEC-1038,242,1
486710eb,ELEC-1077,28,0
46790cec,ELEC-1076,293,0
b81fbd57,ELEC-1011,320,0
d00c1a74,ELEC-1059,186,0
e1046134,ELEC-1040,377,0
e0771f2d,ELEC-1080,324,2
83f6865f,ELEC-1032,239,2
86a0ffd5,ELEC-1048,60,0
e7bfcf78,ELEC-1097,236,0
5d040088,ELEC-1059,95,0
24a1c519,ELEC-1088,33,0
41e4ba1b,ELEC-1074,374,0
d84286dd,ELEC-1034,385,0
2ec9e456,ELEC-1063,29,0
d6fc3afd,ELEC-1008,363,0
2ca8ee16,ELEC-1037,119,0
28b001ce,ELEC-1063,39,0
2842c0d1,ELEC-1054,10,0
dc763cb6,ELEC-1077,204,1
a1947c9e,ELEC-1044,106,0
f94e72b8,ELEC-1051,21,0
bd12c515,ELEC-1024,272,2
4d2091bd,ELEC-1052,226,1
58274fbc,ELEC-1085,308,0
2ea1c851,ELEC-1036,196,0
7c06175b,ELEC-1055,255,1
ac43810e,ELEC-1075,343,0
08275eca,ELEC-1003,61,0
43e7e124,ELEC-1018,229,2
2aa0b1d7,ELEC-1050,280,0
6a157b12,ELEC-1050,71,0
6823aa78,ELEC-1028,146,0
31f0adb6,ELEC-1078,282,0
60121b53,ELEC-1077,140,0
2c9fd8e2,ELEC-1043,313,0
ab6244d0,ELEC-1003,311,1
99fe25b3,ELEC-1089,328,2
eb1de70f,ELEC-1071,355,0
54049785,ELEC-1078,353,0
c577d272,ELEC-1085,135,0
e5609d3d,ELEC-1008,281,0
f0c29833,ELEC-1073,149,0
6bb5c6f8,ELEC-1076,393,0
874cdca3,ELEC-1017,83,0
67490d9c,ELEC-1093,12,0
ccad1d47,ELEC-1087,297,0
b87f111b,ELEC-1089,189,0
6af398c0,ELEC-1083,137,0
62f5424f,ELEC-1048,212,0
3238993c,ELEC-1041,88,0
3aab683d,ELEC-1024,99,0
fd96e5a1,ELEC-1031,155,0
d79728b9,ELEC-1011,205,0
5488e61d,ELEC-1061,133,0
0eb54391,ELEC-1057,229,0
8cf8b1d8,ELEC-1042,372,0
9ddbc5ec,ELEC-1095,250,0
77aad046,ELEC-1086,98,0
3c573e5e,ELEC-1059,378,0
1ed96539,ELEC-1012,18,0
219f8ec9,ELEC-1027,287,0
9281c499,ELEC-1067,235,0
1b64d8f4,ELEC-1041,51,0
646bef24,ELEC-1064,175,1
f7695521,ELEC-1039,75,0
1345b7c4,ELEC-1007,82,0
95e699a7,ELEC-1041,63,0
dd63ed86,ELEC-1000,41,0
aaafa9ed,ELEC-1055,191,0
dbfb5508,ELEC-1081,264,0
1621b044,ELEC-1070,208,0
c9b14346,ELEC-1095,259,0
5a994028,ELEC-1097,43,0
7cf94bff,ELEC-1047,330,0
5caef560,ELEC-1079,339,0
45c9ebb2,ELEC-1093,370,0
3aeb30bd,ELEC-1092,261,1
a545615e,ELEC-1055,221,0
8ca69862,ELEC-1061,131,0
88561b8a,ELEC-1092,216,2
2f2fee48,ELEC-1078,385,0
908add53,ELEC-1075,36,0
42ac5410,ELEC-1025,45,2
c3f04cd8,ELEC-1075,157,0
d100563e,ELEC-1048,334,0
32c0947a,ELEC-1010,269,0
9244727d,ELEC-1029,398,0
6af81e20,ELEC-1021,388,0
a4175db4,ELEC-1001,213,0
918ea5aa,ELEC-1059,290,0
4188f890,ELEC-1083,273,0
0524a008,ELEC-1019,177,0
e4437b58,ELEC-1044,118,0
022047a8,ELEC-1000,341,0
81e58316,ELEC-1075,191,0
4442d487,ELEC-1079,105,0
4c19fe44,ELEC-1054,383,0
54dee96e,ELEC-1098,290,0
8b608f3f,ELEC-1076,284,0
19a5edf1,ELEC-1024,258,0
31b33c0e,ELEC-1046,324,1
3e41297c,ELEC-1086,79,0
2f0ccb9c,ELEC-1062,174,0
6149d611,ELEC-1044,170,0
fab227ad,ELEC-1098,143,0
756808fe,ELEC-1032,153,0
9d20cc41,ELEC-1080,159,0
1ff77652,ELEC-1082,49,0
da84b3d4,ELEC-1052,162,0
a0b4c294,ELEC-1059,372,0
ba5edecf,ELEC-1040,371,0
9aea4013,ELEC-1027,52,0
7366c833,ELEC-1053,167,2
c511791e,ELEC-1090,200,0
441373d0,ELEC-1091,279,0
03c05a44,ELEC-1038,244,0
50d1aad1,ELEC-1044,224,0
30e49f91,ELEC-1062,89,1
a1e29792,ELEC-1066,362,0
dc305e34,ELEC-1024,320,0
bb06d0c3,ELEC-1087,313,0
c5127164,ELEC-1078,42,0
057ef610,ELEC-1093,229,0
de9a5a59,ELEC-1096,273,0
93d4b101,ELEC-1077,263,1
49b3481e,ELEC-1015,337,0
9df06ec4,ELEC-1025,340,0
dfd8eab3,ELEC-1041,399,0
d480e0f4,ELEC-1040,176,1
1ab58c81,ELEC-1004,313,0
50e1703e,ELEC-1027,123,0
b26bce08,ELEC-1062,363,0
7c3a9172,ELEC-1021,268,0
bb2fce77,ELEC-1077,290,2
43d1f33d,ELEC-1019,137,1
4351bf88,ELEC-1025,23,0
8ecdc2a6,ELEC-1089,103,0
212a5818,ELEC-1025,28,0
dcb7811c,ELEC-1076,17,1
f3524a90,ELEC-1046,69,0
26a243d3,ELEC-1005,271,0
ad2c8752,ELEC-1067,399,0
28b176ee,ELEC-1098,56,0
73dd3440,ELEC-1057,109,0
34a202d2,ELEC-1064,309,2
1c9fc9f8,ELEC-1071,95,0
b52d198d,ELEC-1037,283,0
8191afa5,ELEC-1047,239,0
0ad3d7cc,ELEC-1052,235,1
f2774734,ELEC-1025,263,2
7131d6a1,ELEC-1000,46,1
5716fa88,ELEC-1051,194,2
152c2033,ELEC-1087,243,0
6166dd26,ELEC-1055,172,0
b56dca18,ELEC-1044,160,1
734f88f5,ELEC-1028,187,0
07f3c99c,ELEC-1022,269,0
2dfd6831,ELEC-1040,168,0
92ccdc3f,ELEC-1049,161,0
ec81654b,ELEC-1011,97,0
c8417be8,ELEC-1062,394,0
f941cdfc,ELEC-1040,253,0
45a1d771,ELEC-1027,289,0
a93f99eb,ELEC-1034,326,0
64651be7,ELEC-1046,327,0
0f5e75ea,ELEC-1088,377,0
2e743805,ELEC-1088,138,0
707692f6,ELEC-1060,202,0
20eca227,ELEC-1099,222,0
cad756d7,ELEC-1091,35,0
ae64a73b,ELEC-1015,38,1
739f1ecd,ELEC-1015,325,0
bf2d7470,ELEC-1039,256,2
b00aacec,ELEC-1018,349,0
f29bd3f2,ELEC-1093,340,0
13170392,ELEC-1096,324,0
4aa0c790,ELEC-1041,364,0
a2a0b0a3,ELEC-1077,340,0
de2b2964,ELEC-1030,397,0
6cba4273,ELEC-1074,333,0
c8d1ccd4,ELEC-1025,40,0
b86c71cc,ELEC-1070,369,0
3c275236,ELEC-1033,66,0
529654d5,ELEC-1097,41,0
6bbaf6f9,ELEC-1036,369,0
9b18f2cd,ELEC-1042,215,0
fb433926,ELEC-1016,324,1
5a4233fb,ELEC-1058,177,0
39a2edf9,ELEC-1050,325,0
5069ef45,ELEC-1073,50,0
fc4d79d8,ELEC-1012,342,0
621c728a,ELEC-1099,296,0
11916ab6,ELEC-1032,296,0
5c65bf87,ELEC-1040,393,0
0b1f2abe,ELEC-1089,214,2
ff152250,ELEC-1027,245,1
733830c3,ELEC-1012,323,0
f8ffbbc9,ELEC-1005,361,0
a521e637,ELEC-1077,306,0
642ece90,ELEC-1007,140,0
4eba210e,ELEC-1014,117,0
8e0915f8,ELEC-1040,117,1
9877c08a,ELEC-1089,365,0
a90095d4,ELEC-1013,361,0
3a171a7d,ELEC-1089,131,0
cd89844e,ELEC-1026,210,0
a588ffbf,ELEC-1098,44,0
a8665b2c,ELEC-1042,175,0
d20e89fd,ELEC-1012,314,0
20fa6be4,ELEC-1015,235,0
41d0ec44,ELEC-1014,377,1
4bb04fa1,ELEC-1058,30,0
36bfbe85,ELEC-1067,292,0
2ff6fe6a,ELEC-1059,377,0
c112ebef,ELEC-1098,172,0
39597cde,ELEC-1063,325,0
df4c12f6,ELEC-1050,44,0
d6d77f33,ELEC-1054,311,2
c7e942af,ELEC-1035,129,0
c256fc41,ELEC-1097,269,0
3bb78a56,ELEC-1050,48,0
48112eba,ELEC-1030,320,2
e753096a,ELEC-1003,71,0
393ff446,ELEC-1037,123,0
09a4eb8a,ELEC-1093,286,2
7eea84af,ELEC-1021,395,0
bbd32f61,ELEC-1063,217,0
2d88f120,ELEC-1005,78,0
dac27f3c,ELEC-1086,42,0
90b24c3a,ELEC-1047,80,0
c5850d58,ELEC-1007,369,0
8ce8a425,ELEC-1050,46,1
416ceb76,ELEC-1021,202,1
3df8572c,ELEC-1046,58,0
c5507fb9,ELEC-1076,267,0
e32b3616,ELEC-1084,370,0
63dc41f7,ELEC-1014,22,0
35bfc6d1,ELEC-1013,374,1
214f2384,ELEC-1084,312,0
307e9f76,ELEC-1026,226,0
1af94ec8,ELEC-1069,68,0
ea30d5d1,ELEC-1017,47,0
10fad547,ELEC-1041,39,0
b376fb79,ELEC-1007,303,0
2b4b0e78,ELEC-1005,233,0
c4d0e49d,ELEC-1016,303,0
e0fbadb2,ELEC-1030,381,0
3cc9e7f6,ELEC-1014,153,0
069ba317,ELEC-1005,106,0
102e2dd1,ELEC-1047,297,2
6799225e,ELEC-1054,30,0
622821c4,ELEC-1060,57,1
4e87f277,ELEC-1037,37,0
df017ca4,ELEC-1094,183,0
9881d0b4,ELEC-1021,192,0
7c4244da,ELEC-1058,46,0
f7913ebb,ELEC-1043,72,2
5e1f890c,ELEC-1015,109,2
0e6b18df,ELEC-1033,288,0
b5a5c446,ELEC-1042,201,2
f57f7605,ELEC-1061,162,1
75aac5e0,ELEC-1021,195,0
21b732a4,ELEC-1060,33,0
03be35d0,ELEC-1089,312,1
71ebc56b,ELEC-1033,226,0
ae2ca24c,ELEC-1018,166,0
5cacd4eb,ELEC-1041,337,0
d7e3c636,ELEC-1091,105,1
8272cc15,ELEC-1084,178,0
1cbb720f,ELEC-1003,66,0
c66354cf,ELEC-1085,301,0
611b30e6,ELEC-1007,273,1
aa026195,ELEC-1041,328,0
7cba9a41,ELEC-1038,370,0
3000abb8,ELEC-1064,301,0
5d74b910,ELEC-1089,203,0
2f28daae,ELEC-1039,271,0
c5b61811,ELEC-1056,95,0
58e6cef7,ELEC-1027,57,1
42107d58,ELEC-1015,14,0
cb637455,ELEC-1045,227,1
ba26b9c0,ELEC-1020,374,0
c4139abd,ELEC-1042,327,0
1436c817,ELEC-1000,304,0
5e19d0af,ELEC-1033,128,0
0fc4d8ed,ELEC-1097,368,0
70d1957d,ELEC-1040,78,0
8783dfa3,ELEC-1003,154,2
594d9362,ELEC-1006,348,0
51c50135,ELEC-1061,371,2
6416e015,ELEC-1044,170,0
0c060a44,ELEC-1086,34,0
85c503e9,ELEC-1077,100,0
a9d1672b,ELEC-1062,104,0
7b457a48,ELEC-1003,165,0
cbc4e6bf,ELEC-1059,132,0
7a8c080c,ELEC-1078,259,0
bd56b011,ELEC-1018,321,0
f7aa1765,ELEC-1053,398,2
5fb8ac0b,ELEC-1007,78,0
2749adba,ELEC-1055,398,0
b787c695,ELEC-1069,303,2
8f4b39fc,ELEC-1041,325,0
ed7fa886,ELEC-1068,36,0
c73e5046,ELEC-1036,68,0
1cb368e7,ELEC-1027,213,0
f54bad8a,ELEC-1064,186,0
71ca45cb,ELEC-1077,262,0
0a80e435,ELEC-1038,137,0
5f713248,ELEC-1072,40,0
e01a4a0a,ELEC-1082,319,0
2bd8d026,ELEC-1088,397,0
475b7cd9,ELEC-1017,84,0
03799c05,ELEC-1059,146,0
3c168022,ELEC-1064,175,0
95840b72,ELEC-1072,247,0
f15cce73,ELEC-1055,61,0
ab1311dd,ELEC-1041,130,0
4364f898,ELEC-1026,388,0
8c7357fc,ELEC-1014,350,0
1b8665ac,ELEC-1016,316,0
f8e872d9,ELEC-1087,384,0
a9b2e320,ELEC-1070,17,0
67a9dcd9,ELEC-1074,53,0
053275c0,ELEC-1077,291,0
750e411b,ELEC-1079,89,1
a0b08774,ELEC-1071,46,0
a351d083,ELEC-1041,347,2
ab772e21,ELEC-1014,216,0
12c2697d,ELEC-1041,100,0
684b6b31,ELEC-1028,170,0
78b6721c,ELEC-1055,45,0
2277998a,ELEC-1057,224,1
ebca15a3,ELEC-1086,377,0
f6510b90,ELEC-1065,232,0
1ccde1a1,ELEC-1029,85,0
90377d11,ELEC-1076,241,0
7067d64e,ELEC-1037,267,1
d253a266,ELEC-1089,385,0
3815d936,ELEC-1032,347,0
f6a5bedd,ELEC-1079,274,0
40e52a40,ELEC-1004,152,0
038fbd4a,ELEC-1049,273,1
acdd6ac2,ELEC-1091,235,0
2a9afa30,ELEC-1066,372,0
c2668f20,ELEC-1081,154,2
70bda0e8,ELEC-1034,91,0
91773153,ELEC-1032,156,0
95e87239,ELEC-1092,364,0
c1bdead6,ELEC-1084,353,2
c201aa8b,ELEC-1062,101,0
5610ebae,ELEC-1023,10,0
fac57399,ELEC-1007,178,0
c2ced2c9,ELEC-1034,253,0
bc50d84b,ELEC-1010,327,2
38332e0c,ELEC-1078,33,0
09d8e077,ELEC-1074,117,0
e483f643,ELEC-1087,295,0
b9c46036,ELEC-1086,59,0
28e495d2,ELEC-1094,397,1
06fce075,ELEC-1049,386,0
7dcef65c,ELEC-1047,107,0
f02c4550,ELEC-1060,198,2
873ca456,ELEC-1084,285,0
0f478928,ELEC-1023,103,0
df1abd4e,ELEC-1010,201,1
87e1e7f0,ELEC-1012,113,0
7a33b2cd,ELEC-1083,300,0
fa6ba57b,ELEC-1061,72,0
a8eacedf,ELEC-1050,191,0
505f7b71,ELEC-1025,204,0
bcc151a8,ELEC-1053,288,0
f84fb64f,ELEC-1021,207,0
21d9e171,ELEC-1076,48,0
c1595826,ELEC-1068,76,0
ba895eca,ELEC-1041,228,0
32c81b00,ELEC-1016,147,0
34f8a590,ELEC-1052,191,1
a19a94d1,ELEC-1027,128,0
fff8a782,ELEC-1046,29,2
16bc8200,ELEC-1045,38,0
bc0dc802,ELEC-1079,384,0
10cff54d,ELEC-1064,345,0
217f2dce,ELEC-1011,277,2
a146a390,ELEC-1099,328,1
2ec5d0d2,ELEC-1016,96,0
9b3b2328,ELEC-1088,174,0
6219cd0a,ELEC-1007,261,0
6b050255,ELEC-1055,191,1
d132acb6,ELEC-1085,284,0
dca20580,ELEC-1004,86,0
ef08d0d1,ELEC-1038,117,0
0b71cdf2,ELEC-1011,372,0
d7ccb9a3,ELEC-1001,170,0
c038f4a2,ELEC-1002,43,0
27872b23,ELEC-1019,265,0
e68228b9,ELEC-1005,354,2
2a07c863,ELEC-1024,347,1
3d1aac46,ELEC-1055,83,0
e99ba29a,ELEC-1082,329,0
94717e90,ELEC-1015,371,0
b1651aaf,ELEC-1021,155,0
a7db5333,ELEC-1081,11,1
aa4b5dc4,ELEC-1099,266,2
1a0fc0a7,ELEC-1092,204,0
815a98a4,ELEC-1099,272,2
8dcd3ec6,ELEC-1008,20,0
56bde36f,ELEC-1068,221,0
d446ff61,ELEC-1099,64,1
062cb9d2,ELEC-1046,227,2
2b73f7ad,ELEC-1098,322,0
5123faa9,ELEC-1014,38,0
b089cc72,ELEC-1054,156,0
2410498c,ELEC-1049,57,0
a3f74b20,ELEC-1088,94,0
6caa05ac,ELEC-1002,380,2
b00b57d6,ELEC-1062,80,2
44805a63,ELEC-1066,49,0
1f871be2,ELEC-1070,14,0
aab53d93,ELEC-1063,337,0
9c67fac3,ELEC-1066,131,0
ac23d4fb,ELEC-1092,358,0
78ba3779,ELEC-1074,152,2
ffdf2638,ELEC-1087,12,0
47eddf80,ELEC-1036,221,2
11abcc40,ELEC-1037,383,0
c645a0e9,ELEC-1019,152,0
f1fcf49a,ELEC-1099,336,0
4d579917,ELEC-1068,235,0
e1351d4f,ELEC-1082,212,0
b375a663,ELEC-1093,172,2
6f40be53,ELEC-1092,226,0
e5b8bd4c,ELEC-1090,333,1
9378bf3f,ELEC-1077,132,0
97ea1ac1,ELEC-1064,340,0
924c5122,ELEC-1052,23,0
bc142e9d,ELEC-1027,258,0
3e5e5904,ELEC-1004,321,0
c02ded94,ELEC-1015,19,2
d8daf3ed,ELEC-1054,221,0
5efcb84c,ELEC-1049,158,0
c06a3483,ELEC-1009,389,0
51228673,ELEC-1038,129,0
06402149,ELEC-1001,81,0
d2623d37,ELEC-1076,151,0
1a431992,ELEC-1061,275,0
6709d3d4,ELEC-1082,77,0
6f9adae6,ELEC-1091,293,0
ad7caad6,ELEC-1078,287,0
b6e34b45,ELEC-1086,370,0
91604772,ELEC-1050,59,0
4dc0a488,ELEC-1097,187,0
babce0b0,ELEC-1001,181,0
7b9db402,ELEC-1046,245,1
ac8f5037,ELEC-1000,324,2
fa3ddea3,ELEC-1028,153,1
f4ff9b57,ELEC-1019,290,0
427c898f,ELEC-1018,391,0
8313ae3c,ELEC-1074,48,2
1a4715c0,ELEC-1044,262,0
795457f5,ELEC-1034,149,2
3cbfa225,ELEC-1043,198,0
c9e9eee0,ELEC-1067,204,1
1d8e3c70,ELEC-1019,201,0
bf583f29,ELEC-1018,219,0
37c83313,ELEC-1042,155,1
ba03876e,ELEC-1075,347,2
39310990,ELEC-1066,198,0
d2f5a9ca,ELEC-1010,133,0
24521540,ELEC-1072,85,0
0bef122c,ELEC-1064,178,0
7cdebafa,ELEC-1065,53,0
6951ad05,ELEC-1022,371,0
fad3c522,ELEC-1045,317,0
7578d7f3,ELEC-1043,331,2
c2fa996e,ELEC-1063,370,2
5ebce205,ELEC-1006,120,0
44993f4f,ELEC-1048,352,0
960c5406,ELEC-1073,308,2
ee3b5314,ELEC-1078,219,0
669396cd,ELEC-1026,264,1
4bba5595,ELEC-1098,313,2
6d832eb5,ELEC-1063,327,2
3025c3c3,ELEC-1073,323,1
7ce016b5,ELEC-1025,303,0
db7a94e2,ELEC-1013,330,1
a564efc0,ELEC-1046,36,0
95fca91f,ELEC-1037,304,0
096af200,ELEC-1039,215,2
30fbaec2,ELEC-1073,94,0
cbd67661,ELEC-1027,398,0
2678324c,ELEC-1011,154,0
1dbf9362,ELEC-1011,372,1
4ad33854,ELEC-1004,372,0
c4195b72,ELEC-1051,388,2
cb897ebc,ELEC-1044,113,0
9a848aab,ELEC-1080,55,0
b0fde216,ELEC-1014,397,0
48d5adf2,ELEC-1097,217,0
2c2795ec,ELEC-1062,293,0
26f185b1,ELEC-1033,348,0
66f3f09a,ELEC-1009,125,2
225ea1fa,ELEC-1068,253,0
1d254dbf,ELEC-1073,73,1
f6cc64e9,ELEC-1023,391,0
dde9c96a,ELEC-1094,60,0
80a39a49,ELEC-1002,132,0
79a49ae8,ELEC-1088,341,1
f5c1143f,ELEC-1042,14,2
b9d56bde,ELEC-1069,335,0
8730cafa,ELEC-1079,55,0
e445c24b,ELEC-1004,26,0
aa36a80a,ELEC-1021,30,0
7df172bb,ELEC-1040,156,0
342c923c,ELEC-1070,160,1
545caa0a,ELEC-1079,338,0
85a4b77b,ELEC-1020,312,0
8c8f088c,ELEC-1040,312,0
5340e38a,ELEC-1039,80,0
18fa9ce7,ELEC-1097,374,1
057feb5a,ELEC-1058,161,0
8bed4aba,ELEC-1067,194,0
41e1fe7a,ELEC-1009,134,0
9670c4a3,ELEC-1025,338,0
772026f9,ELEC-1023,315,0
9231f617,ELEC-1046,359,0
2eec7640,ELEC-1075,390,0
b1800056,ELEC-1074,29,0
1a73dc99,ELEC-1086,244,0
4309b273,ELEC-1089,321,0
25ed8ceb,ELEC-1043,94,0
1ddbc3f7,ELEC-1015,14,0
5a471084,ELEC-1054,219,0
dee00c77,ELEC-1095,259,0
9df0cc5d,ELEC-1091,109,0
300b9c82,ELEC-1047,253,0
6d8a6c75,ELEC-1032,304,0
4c321010,ELEC-1086,342,0
eebdda86,ELEC-1021,322,0
0bb938fc,ELEC-1003,182,0
6e9e8b28,ELEC-1074,248,0
5030333b,ELEC-1089,309,0
5e31a0d6,ELEC-1094,168,0
d00fcd55,ELEC-1041,160,2
5a88dde3,ELEC-1027,302,0
7535995b,ELEC-1024,198,0
b7c4d234,ELEC-1052,22,0
0e468332,ELEC-1022,70,0
36ab2477,ELEC-1054,49,0
91756665,ELEC-1006,77,0
db6cbfbc,ELEC-1096,258,0
d56bad61,ELEC-1066,104,0
6e67eb9b,ELEC-1036,135,0
5f1ca8e7,ELEC-1063,340,0
1942e200,ELEC-1089,268,0
0720a048,ELEC-1088,26,0
b3f783ae,ELEC-1094,398,0
bd1114df,ELEC-1078,317,0
f65ee915,ELEC-1069,138,0
36c18d87,ELEC-1056,236,0
e0116616,ELEC-1023,125,1
04dc000a,ELEC-1045,53,1
4d79fcf4,ELEC-1088,391,2
96b65b81,ELEC-1098,249,0
a1d7b535,ELEC-1024,78,0
8c88cd38,ELEC-1084,69,0
929fe2a6,ELEC-1084,273,0
930b314f,ELEC-1026,264,0
9a75f5d5,ELEC-1034,203,0
6ebbca81,ELEC-1081,251,0
0c3af1aa,ELEC-1047,325,0
387a9499,ELEC-1009,206,0
f2c56eab,ELEC-1011,259,2
dd947c25,ELEC-1073,302,0
08a4baae,ELEC-1062,26,0
9e3fed2e,ELEC-1023,361,0
cd6625b1,ELEC-1075,357,0
32f965b3,ELEC-1067,229,0
14d6fa97,ELEC-1086,117,0
32185d24,ELEC-1098,331,0
486c64c5,ELEC-1034,81,0
1488f3b6,ELEC-1096,340,0
6ef8f0ad,ELEC-1028,110,0
4fc78c46,ELEC-1060,18,0
2b476311,ELEC-1044,338,0
208b0157,ELEC-1021,333,0
15c20dfd,ELEC-1066,213,0
6cb525c1,ELEC-1058,138,0
f98ea7ec,ELEC-1044,79,0
117f6b66,ELEC-1016,60,0
abc41206,ELEC-1070,171,0
b4112163,ELEC-1037,261,0
b91605e0,ELEC-1055,42,0
8eab23b1,ELEC-1049,61,0
bb46eef8,ELEC-1098,103,1
27896997,ELEC-1031,303,0
a6419c38,ELEC-1038,30,2
54cc406b,ELEC-1036,117,2
e3d77bd9,ELEC-1092,243,0
2b54959d,ELEC-1045,360,0
8a685640,ELEC-1019,211,0
97412a73,ELEC-1066,251,0
d511104e,ELEC-1059,25,0
ac8c667d,ELEC-1070,277,0
1bf4de51,ELEC-1099,193,0
79ac4f2e,ELEC-1047,288,2
ff43e714,ELEC-1078,41,0
de8fe8bf,ELEC-1027,54,0
289b8809,ELEC-1039,48,2
39a49741,ELEC-1039,220,0
23661382,ELEC-1086,261,2
dce3ce63,ELEC-1032,322,0
73b6ad41,ELEC-1090,189,2
731473f2,ELEC-1063,278,1
8f71bfec,ELEC-1089,117,0
99e200df,ELEC-1007,302,2
2558d33b,ELEC-1008,92,0
087f301b,ELEC-1076,156,0
371f8757,ELEC-1036,295,0
dfaa2151,ELEC-1083,282,0
f14fdd94,ELEC-1039,130,0
5d5ed50f,ELEC-1042,323,0
61ea0025,ELEC-1074,379,0
163620ef,ELEC-1021,134,0
6e838d16,ELEC-1091,196,1
a61856cc,ELEC-1003,314,0
fa7c9eb2,ELEC-1032,101,0
820f28a0,ELEC-1033,338,0
6e0cd23f,ELEC-1087,394,0
a8f02d18,ELEC-1080,47,0
4d6cffd2,ELEC-1060,319,1
cab761e0,ELEC-1087,103,0
3edd8b5e,ELEC-1033,55,0
3eadd7ba,ELEC-1030,302,0
43779ea0,ELEC-1060,173,0
c4bc2201,ELEC-1048,68,0
7b43eddb,ELEC-1060,354,0
26011bf3,ELEC-1087,127,0
321a588b,ELEC-1093,127,2
ee0e74e6,ELEC-1001,147,0
19ba4cfe,ELEC-1060,68,0
26618883,ELEC-1095,216,0
7cd2a51e,ELEC-1000,144,0
ee2cbefa,ELEC-1023,309,0
f6f136a4,ELEC-1055,207,0
525521d4,ELEC-1028,121,0
a8bf30b8,ELEC-1085,74,2
0a0c85bf,ELEC-1080,340,2
8d21ef37,ELEC-1000,107,1
88f9628f,ELEC-1008,376,0
8106742a,ELEC-1033,355,0
5cf6d7a1,ELEC-1061,247,0
aab97c29,ELEC-1043,15,0
f61e61a8,ELEC-1042,229,0
8b309b1b,ELEC-1059,160,1
3c1c6088,ELEC-1012,205,0
eaa35ada,ELEC-1050,74,0
ce15fb73,ELEC-1063,35,0
6b8e89b5,ELEC-1011,73,0
d6852217,ELEC-1052,374,0
0f2e539f,ELEC-1078,305,0
18e5e13d,ELEC-1084,100,0
c4c34917,ELEC-1099,125,1
c33becef,ELEC-1069,113,0
657ff6e5,ELEC-1080,309,0
d412d9eb,ELEC-1012,15,0
ec59bdd0,ELEC-1069,132,0
4d4e354c,ELEC-1031,201,2
eee8a9f7,ELEC-1064,102,0
bfba27dd,ELEC-1036,325,0
b54bf83f,ELEC-1024,334,0
1ade61f5,ELEC-1034,297,0
6737d75b,ELEC-1074,197,0
e714ed4f,ELEC-1055,39,0
af2e77b6,ELEC-1044,48,0
1812b6e4,ELEC-1017,239,0
b63a608c,ELEC-1080,383,1
6467a43e,ELEC-1023,115,0
8e26028b,ELEC-1083,396,0
702c71b8,ELEC-1041,299,0
d408fd16,ELEC-1020,204,0
3dddc7a0,ELEC-1019,352,1
4d508266,ELEC-1030,385,0
69974a87,ELEC-1034,76,0
e2cd9e4c,ELEC-1006,167,1
cd8add5f,ELEC-1094,268,0
c176bd80,ELEC-1065,339,0
77cba54b,ELEC-1051,220,2
12e24a58,ELEC-1053,217,0
ac138686,ELEC-1060,337,0
cf32037d,ELEC-1010,387,1
14443659,ELEC-1081,98,0
1d75e780,ELEC-1047,24,0
ecde576d,ELEC-1052,128,1
0eb3d265,ELEC-1080,180,0
8d6aead5,ELEC-1022,251,0
9120f0b6,ELEC-1058,25,1
b6e12988,ELEC-1052,373,0
685a3a35,ELEC-1062,212,0
2e1c784c,ELEC-1065,200,0
ed6706b2,ELEC-1057,172,1
387a085e,ELEC-1073,261,0
618c4dbb,ELEC-1068,154,0
9bc15eaa,ELEC-1075,164,0
0ac2f162,ELEC-1084,290,2
230801d9,ELEC-1002,33,2
585bd238,ELEC-1011,306,0
42883471,ELEC-1083,105,0
29ab2d02,ELEC-1003,311,0
ab3267d2,ELEC-1016,73,0
ef145161,ELEC-1002,99,0
0f385012,ELEC-1013,382,0
89b0fd10,ELEC-1044,392,0
67eb29b4,ELEC-1009,34,0
c51266da,ELEC-1062,56,0
49e95174,ELEC-1084,369,0
00636a4f,ELEC-1005,344,0
5b8260a3,ELEC-1096,303,0
94f72482,ELEC-1013,169,0
b0b4479e,ELEC-1003,247,0
3a945f61,ELEC-1070,290,2
5b06ce50,ELEC-1048,148,0
2a8bd594,ELEC-1032,102,0
ad460a77,ELEC-1027,48,1
cec73d2a,ELEC-1032,167,0
11d18c34,ELEC-1024,69,0
f5b8078a,ELEC-1092,25,0
36b9d2b8,ELEC-1081,284,0
cfbb122f,ELEC-1069,310,0
92454b24,ELEC-1028,357,0
b495d1b2,ELEC-1016,122,0
653d1c55,ELEC-1050,193,0
3129642a,ELEC-1093,221,0
39fb41a8,ELEC-1096,116,0
747c5602,ELEC-1024,69,2
e280263f,ELEC-1096,185,2
698b6304,ELEC-1081,115,0
b5ac4770,ELEC-1083,322,0
23ce2680,ELEC-1094,254,0
a2172b71,ELEC-1012,156,0
2d32c4b8,ELEC-1069,186,0
034bec78,ELEC-1085,177,0
eeed50da,ELEC-1003,310,0
eb19636a,ELEC-1093,176,0
2afe0bfc,ELEC-1041,47,0
f60d8165,ELEC-1008,380,0
7be536d4,ELEC-1024,141,0
96a70d43,ELEC-1081,89,2
0dbbf7fc,ELEC-1082,377,0
c4c26f82,ELEC-1004,67,0
008f0edf,ELEC-1087,51,0
f208dc75,ELEC-1051,132,2
e04c7097,ELEC-1003,186,0
1850846e,ELEC-1021,348,1
aefcf849,ELEC-1055,207,0
3fcb7086,ELEC-1079,77,1
38009383,ELEC-1062,346,0
06bba7ea,ELEC-1087,255,0
b3228939,ELEC-1087,254,0
0d271f53,ELEC-1032,172,0
0b673753,ELEC-1012,77,2
b9fe37b1,ELEC-1046,214,0
20884fe9,ELEC-1068,373,0
e29b4c70,ELEC-1061,21,2
dcc0b18c,ELEC-1009,85,0
0e98682b,ELEC-1039,11,0
a5654666,ELEC-1047,395,0
088686d8,ELEC-1067,107,0
64f0830e,ELEC-1075,32,0
a497dc16,ELEC-1099,101,0
8a08872e,ELEC-1041,216,0
9d36db73,ELEC-1034,172,2
af52cf57,ELEC-1021,171,0
a3532cf6,ELEC-1005,378,0
bf68ffa4,ELEC-1049,232,0
a218465d,ELEC-1046,399,2
3978b6e5,ELEC-1009,149,0
564b191e,ELEC-1014,136,0
e6ce1870,ELEC-1072,101,0
0c49b469,ELEC-1003,17,1
456269fe,ELEC-1000,88,0
9855cb7b,ELEC-1064,244,0
b2fbe776,ELEC-1080,324,0
ce46c5f6,ELEC-1071,139,0
9b09a973,ELEC-1030,98,0
456eae9c,ELEC-1094,140,0
294a8526,ELEC-1005,97,0
fe5a7543,ELEC-1098,60,2
cb36d384,ELEC-1016,192,0
ef878b2a,ELEC-1045,80,0
1f779176,ELEC-1050,153,0
f3639fbf,ELEC-1095,285,1
ded6c1b9,ELEC-1048,214,1
99adc70f,ELEC-1069,144,0
3ebf1aa2,ELEC-1009,181,0
c848499d,ELEC-1017,283,0
13f98e33,ELEC-1010,309,0
65ab161c,ELEC-1044,374,0
11851e47,ELEC-1016,89,0
e704c955,ELEC-1004,300,0
599cc722,ELEC-1081,190,0
8e9e4596,ELEC-1061,312,0
3e245e55,ELEC-1080,145,0
a90545b8,ELEC-1086,78,0
8d11283b,ELEC-1070,10,2
f4b9011e,ELEC-1003,250,0
47b89cdb,ELEC-1096,377,0
12a7d5a5,ELEC-1028,161,0
4dfeba1d,ELEC-1039,382,0
49ad8897,ELEC-1044,305,0
6dc851c4,ELEC-1061,273,0
893a696d,ELEC-1030,161,2
2dbcc80f,ELEC-1055,110,0
5b2ffb4b,ELEC-1084,280,0
fd256985,ELEC-1014,73,0
7079f0fd,ELEC-1072,207,0
c0b42a11,ELEC-1065,144,0
ca6936f5,ELEC-1012,231,0
7269907c,ELEC-1076,36,0
710e00ac,ELEC-1054,67,0
e1548757,ELEC-1058,72,0
ecf5dfb9,ELEC-1054,93,0
52f79a72,ELEC-1074,232,0
c1d06f43,ELEC-1086,223,0
292ab050,ELEC-1070,28,0
771f0911,ELEC-1098,198,0
236d78f4,ELEC-1022,224,0
224a8d72,ELEC-1090,261,1
906934ea,ELEC-1090,117,0
74cd7c06,ELEC-1021,103,0
a6e84bf9,ELEC-1076,318,0
c2459908,ELEC-1050,337,0
59131fa5,ELEC-1082,315,0
18f59f4b,ELEC-1036,38,2
16faf4a9,ELEC-1051,202,0
7e3d841b,ELEC-1069,239,0
f73d8c5a,ELEC-1040,173,0
dd03acc4,ELEC-1060,199,0
3e824b2f,ELEC-1016,265,1
ffaba243,ELEC-1042,320,0
cde6cdc7,ELEC-1016,99,0
de8a88b3,ELEC-1053,176,1
72d2d5d5,ELEC-1009,124,0
4063c903,ELEC-1097,252,0
58a86092,ELEC-1071,36,0
64564ddf,ELEC-1069,267,0
86ec71b5,ELEC-1066,292,1
c187ecb8,ELEC-1008,267,0
184fd8d5,ELEC-1017,82,0
504f69b7,ELEC-1077,253,0
d60b33c7,ELEC-1079,76,0
998f57b1,ELEC-1002,58,0
ec62bed3,ELEC-1043,236,0
a2720f01,ELEC-1022,55,1
3c292777,ELEC-1017,270,0
a80414dc,ELEC-1061,121,2
95d9e37f,ELEC-1058,125,2
1c251eed,ELEC-1020,299,0
ed93c34e,ELEC-1085,270,0
687f8c44,ELEC-1030,214,2
fadf0ea3,ELEC-1033,351,0
a9ff1c3f,ELEC-1036,124,0
9f6d6176,ELEC-1096,190,2
d8df234e,ELEC-1023,363,0
7dbbd488,ELEC-1066,151,0
dee2dfbc,ELEC-1056,164,2
c130859a,ELEC-1021,391,0
dd03e277,ELEC-1061,145,0
98b5d1ae,ELEC-1057,376,0
9035969d,ELEC-1007,20,0
f6d26de9,ELEC-1092,42,0
dfc6ef9f,ELEC-1089,49,0
e342874d,ELEC-1058,144,0
a347d12e,ELEC-1085,397,0
3b22d0e4,ELEC-1092,252,0
c2d7e738,ELEC-1003,36,1
0b9fad73,ELEC-1071,37,1
6dc86821,ELEC-1078,269,1
0738c882,ELEC-1074,300,0
87c9ab86,ELEC-1006,245,1
94dd2d96,ELEC-1037,250,0
7e4abb03,ELEC-1099,219,0
bfce6265,ELEC-1078,230,0
9d603629,ELEC-1048,166,0
8ead9657,ELEC-1093,321,0
68bbe59a,ELEC-1037,398,0
b634cf3a,ELEC-1026,140,0
7e2461f7,ELEC-1019,185,0
5ed68d75,ELEC-1087,321,0
17710fb9,ELEC-1069,281,0
6b40e807,ELEC-1031,14,0
a4f29409,ELEC-1055,42,0
2d5c25bc,ELEC-1051,255,2
602993b6,ELEC-1035,27,0
a19216be,ELEC-1066,288,0
ee1fc6c4,ELEC-1073,371,1
39c1333d,ELEC-1098,80,0
84574f61,ELEC-1096,109,2
2fb6722f,ELEC-1020,243,0
7a4ac5e9,ELEC-1048,224,0
73e0972b,ELEC-1053,197,0
a0c6dbcb,ELEC-1075,180,0
d4e6ada8,ELEC-1060,386,0
1ab596a1,ELEC-1014,155,0
32623c01,ELEC-1040,379,0
e25713e6,ELEC-1020,144,2
364e0093,ELEC-1012,203,2
d3389f1a,ELEC-1055,143,1
b4a4cd0a,ELEC-1097,268,1
0e49e5c2,ELEC-1053,364,2
ed84b627,ELEC-1035,226,0
32880adf,ELEC-1085,371,0
eb3b32c7,ELEC-1017,156,0
79be6b32,ELEC-1035,241,0
7a9b9885,ELEC-1002,268,0
bca2dccd,ELEC-1090,217,0
4446e53a,ELEC-1068,310,0
c5ab3315,ELEC-1065,288,0
cbf49e1b,ELEC-1059,11,0
57365443,ELEC-1023,240,0
cd9caf46,ELEC-1052,395,1
ff02e5f6,ELEC-1014,31,0
f38a9dd5,ELEC-1016,279,1
d5a2e558,ELEC-1076,14,0
d6f75591,ELEC-1067,279,0
fae16bde,ELEC-1043,377,0
60d0f039,ELEC-1023,358,0
adffe53a,ELEC-1052,382,0
68aaba73,ELEC-1006,197,2
444e0e21,ELEC-1018,59,2
71a04c2c,ELEC-1008,300,0
47b37500,ELEC-1070,260,1
802d2634,ELEC-1050,51,2
8f030426,ELEC-1011,346,0
20655949,ELEC-1010,151,0
fc01eb6e,ELEC-1062,74,0
c36ef44e,ELEC-1084,44,0
768e730b,ELEC-1088,314,2
4d94ea52,ELEC-1010,65,1
c3a78f5c,ELEC-1018,254,0
5439d388,ELEC-1000,94,0
6a11498b,ELEC-1016,197,0
5e419f89,ELEC-1028,271,2
9950852e,ELEC-1046,374,0
c46491ab,ELEC-1020,64,2
a836c54f,ELEC-1025,88,2
8ec876a1,ELEC-1009,393,0
b7c7d13a,ELEC-1005,397,0
da0ee274,ELEC-1068,147,0
754d83d9,ELEC-1024,130,0
677a56c3,ELEC-1066,197,0
e707f91c,ELEC-1067,395,0
8806b3bc,ELEC-1012,332,0
0942ffe1,ELEC-1005,91,0
845a9341,ELEC-1009,136,0
d5ff717f,ELEC-1002,97,0
39031451,ELEC-1038,254,0
53a73bf4,ELEC-1020,333,0
7c3d655e,ELEC-1086,229,0
ec61847e,ELEC-1084,307,0
4369599c,ELEC-1021,214,0
c0f7a4c4,ELEC-1055,157,0
8213e43b,ELEC-1031,377,0
470fac45,ELEC-1015,269,1
95dcf660,ELEC-1057,89,0
62e90f29,ELEC-1049,46,0
1d5d8dff,ELEC-1015,314,2
feb836f0,ELEC-1098,189,0
f1ae0adb,ELEC-1045,263,0
466f59f3,ELEC-1067,77,0
90bcb350,ELEC-1073,273,2
a7c998ff,ELEC-1012,145,2
8e55cddc,ELEC-1093,369,0
4c8a5107,ELEC-1048,13,0
9cb8684c,ELEC-1004,144,0
2301e9f7,ELEC-1024,265,1
30cab8d0,ELEC-1065,49,0
4ba6c8ab,ELEC-1049,387,2
7b84a54a,ELEC-1014,317,0
529708f7,ELEC-1019,15,0
d54ac8e0,ELEC-1065,361,0
6e4420d2,ELEC-1010,70,0
4969eb5b,ELEC-1089,234,2
315795f7,ELEC-1090,56,0
95951804,ELEC-1073,192,2
7eceabe9,ELEC-1092,396,0
44a3c0d7,ELEC-1022,29,0
9a54fccc,ELEC-1036,53,0
0c602990,ELEC-1082,341,0
2ff0e51f,ELEC-1093,173,0
12fdf14a,ELEC-1030,267,0
3b0c7418,ELEC-1096,282,2
e1d0162f,ELEC-1051,195,2
49f6a233,ELEC-1003,206,0
05e9d807,ELEC-1034,229,0
85f6ecf9,ELEC-1093,36,0
b2e93749,ELEC-1077,144,0
8beab82c,ELEC-1062,301,0
303f55f7,ELEC-1036,352,0
2a6c6662,ELEC-1069,323,0
f6840d6b,ELEC-1073,37,0
5be8f7e2,ELEC-1006,42,0
ec0a3024,ELEC-1090,18,0
85a0709a,ELEC-1044,237,0
7ec02faa,ELEC-1007,323,0
e563b431,ELEC-1001,301,0
f0c9a7d5,ELEC-1068,134,2
f19fa2a8,ELEC-1085,203,0
83414bca,ELEC-1025,249,0
23559611,ELEC-1094,319,0
7995019b,ELEC-1064,28,0
d786898d,ELEC-1044,265,0
2b5786b2,ELEC-1074,96,0
131090f3,ELEC-1020,301,2
ee812955,ELEC-1094,143,0
4ecd1b13,ELEC-1031,199,0
71650440,ELEC-1090,140,0
b7df1d9d,ELEC-1009,114,0
01f0830f,ELEC-1018,25,0
088a65f4,ELEC-1061,360,0
0e20d0b1,ELEC-1068,111,1
a352ba19,ELEC-1023,101,0
09c14384,ELEC-1024,103,2
d2c664ac,ELEC-1002,101,1
c8721ba0,ELEC-1052,90,0
ac6f9c7d,ELEC-1036,272,1
06dc2d2d,ELEC-1048,349,0
4627d3a3,ELEC-1052,303,0
54fc8aba,ELEC-1015,308,0
970cf3a3,ELEC-1040,216,0
7acb302e,ELEC-1035,74,0
d0c52ed1,ELEC-1083,318,2
c7548fdb,ELEC-1013,275,0
0e6bc4a8,ELEC-1063,271,2
ab9bc0b3,ELEC-1086,260,0
2538f723,ELEC-1053,273,2
6174b189,ELEC-1076,271,0
ee3c6240,ELEC-1011,269,0
d5c3d811,ELEC-1012,300,2
378ef1f2,ELEC-1055,23,0
dd4535aa,ELEC-1064,368,2
84f6699e,ELEC-1056,67,0
1934ca9f,ELEC-1008,43,0
7f1dfc21,ELEC-1068,386,0
80775100,ELEC-1065,377,0
c1a35e5e,ELEC-1045,157,0
329484e5,ELEC-1070,166,0
7cb569bb,ELEC-1087,144,0
2a2eabb7,ELEC-1055,265,0
43a3bf0b,ELEC-1047,229,1
fb31766d,ELEC-1000,351,0
6736b06d,ELEC-1061,270,0
764d75d9,ELEC-1087,243,0
d2909d76,ELEC-1016,390,1
b8e38f55,ELEC-1033,312,0
0b9d5ee0,ELEC-1077,187,0
cf976a76,ELEC-1010,77,0
73752218,ELEC-1090,112,0
dcffada6,ELEC-1059,164,0
d4d5c5cb,ELEC-1005,80,0
99745cee,ELEC-1005,28,0
746d9e32,ELEC-1051,381,0
279488ae,ELEC-1082,291,0
b84b0f07,ELEC-1091,151,0
5b819e11,ELEC-1089,46,0
7bc02deb,ELEC-1068,14,0
63710fc5,ELEC-1070,226,0
e3ce184f,ELEC-1077,385,0
6986bc46,ELEC-1055,201,0
ad70d5d8,ELEC-1039,142,0
b144b68e,ELEC-1029,296,0
d1b0ac3b,ELEC-1027,25,0
981e26d5,ELEC-1064,345,0
9733220c,ELEC-1053,355,0
8f6d7555,ELEC-1068,54,1
ce97ddb4,ELEC-1072,310,0
d8e00932,ELEC-1040,347,0
8182e0ce,ELEC-1068,114,0
db8c402c,ELEC-1048,74,0
9699ecab,ELEC-1052,244,0
65b41602,ELEC-1033,101,0
1b0401aa,ELEC-1099,190,0
9e2eddcd,ELEC-1040,325,0
d7678b18,ELEC-1034,202,0
b947b1d6,ELEC-1091,377,0
17e96307,ELEC-1073,198,0
b2196064,ELEC-1010,294,0
24940b5a,ELEC-1043,171,0
3ce8e67f,ELEC-1090,357,2
9cf374b8,ELEC-1035,287,0
1a2c37e7,ELEC-1073,97,2
2d303d02,ELEC-1016,39,0
26767b8e,ELEC-1052,142,0
efc6e03e,ELEC-1055,129,0
54f7fc89,ELEC-1039,194,0
c9b3ea37,ELEC-1096,363,0
8b410ded,ELEC-1030,101,0
757bb059,ELEC-1073,93,1
75e66e2f,ELEC-1074,351,0
8a0752c0,ELEC-1016,315,0
718eca6e,ELEC-1059,189,0
9ddb5b91,ELEC-1047,254,2
8c24b1b5,ELEC-1009,295,2
a02127de,ELEC-1050,84,0
e413277f,ELEC-1075,325,0
da74e2ec,ELEC-1094,241,2
1c36096a,ELEC-1067,134,2
69c06118,ELEC-1074,44,0
8f74eb42,ELEC-1060,51,0
7509e276,ELEC-1044,270,0
4573d283,ELEC-1095,306,0
328e1591,ELEC-1004,200,0
ba772fb2,ELEC-1015,354,1
4b26c631,ELEC-1072,276,0
39e3f457,ELEC-1078,274,0
ee2aeeac,ELEC-1049,19,0
0767ba76,ELEC-1087,83,0
90da3ff0,ELEC-1014,300,0
dcf93149,ELEC-1060,35,0
cea4d13b,ELEC-1060,57,0
186a6d34,ELEC-1075,39,0
70fd5a5f,ELEC-1087,11,0
2a8fe07b,ELEC-1094,311,0
6a9ba0dd,ELEC-1004,194,1
3ce4264a,ELEC-1022,38,0
d83fee96,ELEC-1053,200,0
f8566ae9,ELEC-1032,363,2
e8a4ca70,ELEC-1066,84,0
19c761e9,ELEC-1048,110,0
cf596115,ELEC-1094,263,1
ae329dea,ELEC-1073,90,0
83d63000,ELEC-1053,367,0
5382a7c4,ELEC-1053,80,0
55210f59,ELEC-1023,222,0
2e32a8e5,ELEC-1057,267,0
01b74b2d,ELEC-1008,167,1
cef22c35,ELEC-1064,314,1
0788b53a,ELEC-1099,265,0
30e19cd8,ELEC-1066,295,0
6c779efc,ELEC-1028,297,0
b8f55e0f,ELEC-1085,217,0
fa1f5dfc,ELEC-1075,383,0
d6793393,ELEC-1054,385,0
3f393214,ELEC-1008,255,0
c52e0250,ELEC-1080,236,0
82e76612,ELEC-1008,326,0
ede53c19,ELEC-1097,308,0
1f81cb05,ELEC-1036,192,0
3dbac0ce,ELEC-1036,76,0
b7db1457,ELEC-1049,275,0
3bdd43a4,ELEC-1062,269,1
668c365f,ELEC-1096,357,0
6c541b33,ELEC-1049,90,2
829674a1,ELEC-1017,255,0
461bdd0e,ELEC-1049,331,0
a3b9b138,ELEC-1000,225,0
352ba1ea,ELEC-1033,191,2
94767360,ELEC-1087,170,0
4aa9a840,ELEC-1065,328,0
47a582fa,ELEC-1048,217,0
39cfa311,ELEC-1067,347,1
8eb06f46,ELEC-1081,23,2
b800bd1c,ELEC-1026,212,0
e1f51673,ELEC-1043,88,0
fdfd9305,ELEC-1020,328,0
4294a8b7,ELEC-1068,241,0
fc04164a,ELEC-1021,269,0
54cf1810,ELEC-1073,274,0
548d5040,ELEC-1067,65,0
aef6cd57,ELEC-1036,19,1
2e5c8042,ELEC-1085,150,1
09038a8a,ELEC-1048,181,0
b777d23d,ELEC-1003,331,0
00735491,ELEC-1090,43,1
10f557b7,ELEC-1015,102,0
12be41b4,ELEC-1027,259,0
24829f00,ELEC-1055,199,0
47fe2fff,ELEC-1001,377,0
e3b127d9,ELEC-1063,184,0
4d32365a,ELEC-1064,53,0
40daec8b,ELEC-1063,192,0
76face91,ELEC-1077,68,0
16e575f6,ELEC-1086,50,0
2c0f4def,ELEC-1076,154,0
6a33750f,ELEC-1078,260,0
2ac2d2dd,ELEC-1078,43,0
0a29baeb,ELEC-1064,202,0
d9e575ac,ELEC-1082,136,0
7b7017ae,ELEC-1031,383,0
e4903a40,ELEC-1015,198,2
ef49e974,ELEC-1095,381,0
11b6c505,ELEC-1085,167,2
0f053279,ELEC-1039,79,0
baf8d096,ELEC-1062,206,0
1882e588,ELEC-1003,377,0
0cc0f5e3,ELEC-1032,173,0
9b14f013,ELEC-1001,399,0
681a7c89,ELEC-1089,86,0
00d16737,ELEC-1021,12,0
647cbcef,ELEC-1070,230,1
8bb0e19e,ELEC-1016,112,0
a74e8610,ELEC-1030,216,0
1c989461,ELEC-1045,39,2
320c75a7,ELEC-1048,256,0
c1cdbc36,ELEC-1095,146,0
30c9f3bd,ELEC-1063,68,0
f94af03a,ELEC-1039,17,0
50555b79,ELEC-1096,352,1
7d7388a5,ELEC-1039,305,0
52d7dcbf,ELEC-1002,308,1
fd57080b,ELEC-1076,54,0
16662268,ELEC-1004,126,0
81b11b26,ELEC-1075,333,0
ecc3fad9,ELEC-1004,229,0
39e11de4,ELEC-1039,362,0
61206ea0,ELEC-1030,325,0
248b59ba,ELEC-1002,318,0
a513ac6a,ELEC-1044,62,0
e76caa62,ELEC-1096,252,0
1fb520b7,ELEC-1008,168,0
2cc60605,ELEC-1035,237,0
6ef250a2,ELEC-1051,262,1
8c1feb6e,ELEC-1088,368,2
205753f2,ELEC-1063,128,2
f6f29554,ELEC-1098,65,0
50d00339,ELEC-1050,100,0
dd0e63cd,ELEC-1005,335,0
8b12d5e6,ELEC-1065,299,0
a06577b1,ELEC-1018,266,0
cf33aad7,ELEC-1088,321,2
fc537dd5,ELEC-1076,373,0
a4d3b722,ELEC-1043,168,1
a28d7cde,ELEC-1047,141,0
faac266b,ELEC-1082,173,0
ceb0f0c8,ELEC-1058,49,0
1eb75f92,ELEC-1038,35,0
e71d5ab1,ELEC-1015,111,0
de84a05a,ELEC-1002,267,0
620b2835,ELEC-1051,89,1
bfe9fb84,ELEC-1079,222,0
bb8dabe2,ELEC-1025,223,2
05de2fd7,ELEC-1005,363,0
149143a6,ELEC-1030,292,0
1144efc0,ELEC-1011,64,0
81677550,ELEC-1009,35,0
a74a3bed,ELEC-1016,321,0
e61e4da0,ELEC-1089,137,1
2cfde097,ELEC-1045,347,0
4c144092,ELEC-1078,252,0
4929a300,ELEC-1000,263,0
af788553,ELEC-1021,289,0
e4d2c2ea,ELEC-1050,45,0
c5b103ad,ELEC-1010,167,0
80ba44ae,ELEC-1032,154,0
4e18c006,ELEC-1039,268,0
8d40f69c,ELEC-1035,328,1
dac2f4be,ELEC-1039,180,0
4bc0af00,ELEC-1021,97,0
a36715d0,ELEC-1022,131,2
1a421b3a,ELEC-1005,21,0
94b78fbb,ELEC-1029,251,0
bb0ff1f9,ELEC-1030,150,0
d06b18af,ELEC-1097,236,0
b3ff2182,ELEC-1016,108,1
1992a197,ELEC-1006,395,0
f188ea3c,ELEC-1094,228,2
a28f7848,ELEC-1057,100,0
a5f29814,ELEC-1095,67,0
4a1e7324,ELEC-1007,197,0
50a6c5a1,ELEC-1089,175,0
6e449e88,ELEC-1015,341,0
ab3098fd,ELEC-1058,226,0
eaeb4616,ELEC-1095,360,0
5bb62951,ELEC-1048,271,0
5483b5fe,ELEC-1057,57,0
1a335f70,ELEC-1073,72,0
71c4c2a2,ELEC-1072,397,0
d1fc9e00,ELEC-1046,44,0
3d5fbced,ELEC-1061,116,0
d605e1ef,ELEC-1009,238,2
40cdddae,ELEC-1006,219,0
a06274e4,ELEC-1000,174,2
938c5366,ELEC-1084,317,0
ee268b48,ELEC-1029,177,0
df4b1a18,ELEC-1004,137,0
8bd8d92f,ELEC-1046,191,2
6420a954,ELEC-1022,322,1
afbe3d0a,ELEC-1022,185,1
62cce64b,ELEC-1013,146,0
010d3b66,ELEC-1070,380,2
cdcd871a,ELEC-1010,300,0
a6fa8f91,ELEC-1074,43,0
29c56bdd,ELEC-1080,255,1
98cad2ef,ELEC-1093,339,0
d59c2537,ELEC-1065,388,2
cb0c8f70,ELEC-1003,28,0
85816d47,ELEC-1097,125,0
68f23ba5,ELEC-1096,122,0
5ad942ee,ELEC-1081,62,0
6869b778,ELEC-1081,399,0
1a883b84,ELEC-1071,268,0
e921d8cd,ELEC-1011,24,1
49574f11,ELEC-1023,232,1
16ef29a3,ELEC-1015,169,0
dca8abcd,ELEC-1075,224,0
0a5481d8,ELEC-1011,195,0
99a834b8,ELEC-1066,319,0
cf824be9,ELEC-1063,178,0
ff9a9506,ELEC-1064,38,0
5c02db0e,ELEC-1007,28,0
59a4bf93,ELEC-1077,361,0
f5e9d330,ELEC-1074,88,0
7f813a6d,ELEC-1008,108,1
ea6d73aa,ELEC-1064,305,0
c6ef5697,ELEC-1066,134,0
f9bb7faf,ELEC-1064,15,0
ca4c9ce1,ELEC-1049,285,0
06e36ef5,ELEC-1085,105,0
41de5ffa,ELEC-1089,178,0
de73cd9e,ELEC-1033,329,0
5cb6ad66,ELEC-1083,300,0
24dbb3e3,ELEC-1040,162,1
7d05bb22,ELEC-1045,260,2
29156973,ELEC-1037,147,1
52729972,ELEC-1093,125,2
eda27e02,ELEC-1087,119,0
fddc0c02,ELEC-1031,154,2
0b9ef994,ELEC-1045,100,0
84bdb2d6,ELEC-1002,74,0
9a86ff3e,ELEC-1007,347,0
f96f614e,ELEC-1023,68,0
6e911da7,ELEC-1073,58,2
d207b1eb,ELEC-1000,290,1
44e5e88d,ELEC-1090,10,0
e4745337,ELEC-1034,319,0
2c0a7ef0,ELEC-1083,399,0
b185debb,ELEC-1025,256,2
dded123f,ELEC-1094,125,0
83aefe95,ELEC-1039,103,1
325c333b,ELEC-1052,131,0
25723606,ELEC-1038,244,0
606d452e,ELEC-1015,354,0
f650e840,ELEC-1024,246,0
b36214e8,ELEC-1080,138,0
38cb80f4,ELEC-1047,392,0
2cb7debd,ELEC-1013,140,0
71224774,ELEC-1050,225,0
782bcdbb,ELEC-1082,80,1
290371fe,ELEC-1038,147,1
25baf0a3,ELEC-1014,393,0
09fc9991,ELEC-1034,118,0
a9c33565,ELEC-1073,175,0
3634eafd,ELEC-1066,139,0
5644bf38,ELEC-1028,384,0
fb2682da,ELEC-1032,135,0
a48c2571,ELEC-1018,176,0
592558f4,ELEC-1037,83,0
84afd0d4,ELEC-1020,142,0
80fa8f52,ELEC-1028,47,2
bc6c8f5c,ELEC-1049,32,0
4a247ef1,ELEC-1035,349,0
b2a2db4d,ELEC-1086,321,0
74db70f0,ELEC-1088,377,0
a328da92,ELEC-1063,326,0
4e65097b,ELEC-1098,294,0
8e8264b3,ELEC-1011,367,0
937c0b5c,ELEC-1047,359,0
fbf2c286,ELEC-1052,60,0
b30e21b1,ELEC-1043,260,0
5eab63cb,ELEC-1021,103,0
052becf6,ELEC-1067,78,1
fdf82d0e,ELEC-1030,381,0
18c42c6d,ELEC-1024,146,0
23a14bca,ELEC-1055,166,0
4ddeebfc,ELEC-1022,147,0
89e65de3,ELEC-1006,296,2
4c2c1b5b,ELEC-1028,339,2
1aa009c5,ELEC-1010,299,0
4a96a3cd,ELEC-1040,142,0
5e0f2fb4,ELEC-1094,392,0
8114239b,ELEC-1019,244,0
659165dc,ELEC-1071,260,2
36e42e79,ELEC-1075,18,0
d1e34808,ELEC-1019,141,0
338de4ab,ELEC-1067,176,0
f66462b2,ELEC-1074,376,0
e3f3d293,ELEC-1021,141,0
c0452283,ELEC-1022,159,0
6a83542d,ELEC-1062,171,0
22e8e759,ELEC-1036,74,0
7749d81b,ELEC-1016,374,0
934e0b16,ELEC-1068,206,0
17d2cbec,ELEC-1081,82,2
73831ac9,ELEC-1044,358,0
ef78ed86,ELEC-1031,53,0
07e14705,ELEC-1073,278,0
fd344cd1,ELEC-1059,192,0
75be8462,ELEC-1039,58,0
319b9a02,ELEC-1023,228,2
f975c8c7,ELEC-1060,93,0
822ab6fc,ELEC-1011,281,0
8e5e95fb,ELEC-1009,195,0
53dfbdb6,ELEC-1057,178,0
de382a54,ELEC-1090,398,2
d8c509f0,ELEC-1008,379,0
3b9cfbf0,ELEC-1060,351,0
42441bdd,ELEC-1099,80,0
5dd6992e,ELEC-1098,348,2
87a0fbca,ELEC-1092,155,0
45ff5a05,ELEC-1074,339,2
58671300,ELEC-1088,138,0
c0b779d8,ELEC-1055,52,1
31ce40e6,ELEC-1057,211,0
d041c1b8,ELEC-1055,86,0
c8eff317,ELEC-1072,376,0
28056960,ELEC-1079,11,0
95787880,ELEC-1033,55,0
d04af91f,ELEC-1092,261,0
61c3f1ee,ELEC-1053,169,0
aad7909e,ELEC-1005,104,0
f5ef67f4,ELEC-1011,301,0
1c2ea2c2,ELEC-1007,374,0
a683763a,ELEC-1019,168,0
c9794606,ELEC-1013,167,0
f99c9c40,ELEC-1049,126,2
7cd08a65,ELEC-1099,137,1
a233d970,ELEC-1099,363,0
b2cd5275,ELEC-1072,247,0
8cd27c94,ELEC-1010,306,1
cafc309c,ELEC-1001,337,0
f19478d3,ELEC-1085,308,0
225594e7,ELEC-1044,273,0
e36fdb5a,ELEC-1033,48,0
09c4c154,ELEC-1045,133,0
a383a9ef,ELEC-1088,296,0
c9ec08c7,ELEC-1016,61,0
fcde1c67,ELEC-1061,240,0
d86775ad,ELEC-1086,189,0
227aa835,ELEC-1044,212,1
679dcbe4,ELEC-1093,87,0
3c488b99,ELEC-1061,194,0
54ce0158,ELEC-1091,142,0
cca776cf,ELEC-1032,185,2
7a3f6dd4,ELEC-1056,64,0
ade6dd4f,ELEC-1060,322,0
dd9cab51,ELEC-1039,181,2
6bd8121e,ELEC-1056,20,0
334dcf0c,ELEC-1001,60,1
e647ecd5,ELEC-1083,158,0
ae34161b,ELEC-1049,294,0
ace96f90,ELEC-1076,152,0
82742951,ELEC-1040,142,0
d1b68657,ELEC-1036,238,2
7c8dffc3,ELEC-1076,391,0
10a279ca,ELEC-1072,174,0
d91be611,ELEC-1098,216,0
c534cff0,ELEC-1081,328,0
609c0286,ELEC-1019,179,0
8aeb7794,ELEC-1021,390,2
b2e572cd,ELEC-1018,124,0
3fb3279f,ELEC-1069,291,2
2b16b1ac,ELEC-1079,117,0
9b1f8be9,ELEC-1031,357,2
02fa5a93,ELEC-1045,103,2
f0bcb47b,ELEC-1088,72,0
488b0b32,ELEC-1061,156,2
3e607cd5,ELEC-1086,338,0
64e909e5,ELEC-1039,368,0
3b497c26,ELEC-1005,164,0
0a744be7,ELEC-1058,81,0
1f5b8548,ELEC-1057,108,0
b2c293f3,ELEC-1047,34,0
1279deb1,ELEC-1022,122,0
6186843e,ELEC-1039,190,0
1472ce8d,ELEC-1025,99,0
37965cda,ELEC-1091,123,0
a355c6e4,ELEC-1030,305,0
b96443ad,ELEC-1042,394,2
36a998c5,ELEC-1023,276,2
5d275172,ELEC-1023,195,0
35d4b096,ELEC-1021,320,0
93c6c61c,ELEC-1075,273,0
53ada78e,ELEC-1094,272,0
6a3285af,ELEC-1036,37,0
55845ce0,ELEC-1001,250,0
f3700a50,ELEC-1044,277,0
a2e7f8c5,ELEC-1076,142,0
85545dc8,ELEC-1041,396,0
b7f502f7,ELEC-1030,360,0
be53cdda,ELEC-1054,303,0
ac38828c,ELEC-1020,92,2
855b5341,ELEC-1059,373,0
9ffb7419,ELEC-1090,346,0
99097b47,ELEC-1053,11,2
d05b76e4,ELEC-1060,32,1
386aa25b,ELEC-1041,320,2
846d82e1,ELEC-1006,179,2
59d87271,ELEC-1052,239,0
dc43e801,ELEC-1054,251,0
648fb90f,ELEC-1059,138,0
fea980d4,ELEC-1038,131,0
83c53126,ELEC-1042,106,0
d0f63ece,ELEC-1084,226,0
a63c1e54,ELEC-1045,234,0
5679e2fd,ELEC-1054,40,0
dff5e0b2,ELEC-1019,150,0
e88eca8c,ELEC-1078,191,1
46679ab3,ELEC-1015,122,0
afc4b076,ELEC-1059,30,0
7022e30c,ELEC-1011,15,0
1280a4a1,ELEC-1016,163,0
fe8a2c6e,ELEC-1059,268,1
5ea0c2c8,ELEC-1069,360,0
e9fab8d8,ELEC-1056,384,0
79a58854,ELEC-1021,82,0
74f910e0,ELEC-1017,105,0
962bccb2,ELEC-1078,10,2
cc94949d,ELEC-1094,284,1
efce8bbe,ELEC-1071,269,0
8f2f2b9d,ELEC-1064,352,0
b7cb7e76,ELEC-1082,238,2
39cd553a,ELEC-1014,137,0
906fc298,ELEC-1035,286,2
c2db9790,ELEC-1052,163,0
46baeb6e,ELEC-1064,367,2
07bd47c4,ELEC-1061,54,0
c8d88920,ELEC-1009,387,0
9104eea1,ELEC-1096,365,0
7bda0842,ELEC-1011,148,0
f7bbf61e,ELEC-1036,32,2
d1364a88,ELEC-1044,61,0
8a04fc3f,ELEC-1079,110,0
2267a0ff,ELEC-1034,369,1
bc470797,ELEC-1007,15,0
bd74d373,ELEC-1033,109,0
a6040ef7,ELEC-1039,33,0
a1327614,ELEC-1079,397,1
f0152b2f,ELEC-1067,225,0
d3bc25f9,ELEC-1073,266,1
1bfa2d1b,ELEC-1016,304,0
0bed6459,ELEC-1032,141,0
b121a4c0,ELEC-1081,35,0
73d9e6ce,ELEC-1006,76,0
1f6e81f5,ELEC-1054,298,0
f728a899,ELEC-1001,134,2
798e38dd,ELEC-1032,214,2
8f7c5101,ELEC-1095,380,0
f83f9c7f,ELEC-1073,269,0
2257bd0b,ELEC-1040,253,0
d41e8426,ELEC-1009,333,0
7802159a,ELEC-1000,241,0
75fbcd87,ELEC-1016,251,0
11841201,ELEC-1015,160,0
f8db3f16,ELEC-1040,12,1
9b33907c,ELEC-1064,389,2
6e3abf1d,ELEC-1086,315,0
fd250c68,ELEC-1063,194,0
028f270f,ELEC-1081,269,0
b8c75ce4,ELEC-1042,362,2
13da4397,ELEC-1033,45,2
1a2ab178,ELEC-1075,152,0
0aeef463,ELEC-1002,175,0
4490a874,ELEC-1074,19,2
3f431a82,ELEC-1025,12,0
6a8e5de0,ELEC-1028,322,2
116995dc,ELEC-1098,359,2
1301c658,ELEC-1025,325,0
a6781ab4,ELEC-1029,351,0
e7cdb848,ELEC-1030,107,0
2337420a,ELEC-1071,333,1
d69f3a02,ELEC-1096,138,1
acc8f0c1,ELEC-1072,26,0
8583c2b9,ELEC-1020,235,0
34b1ddb9,ELEC-1019,257,0
809c87c5,ELEC-1036,166,0
e8ee4fea,ELEC-1027,356,0
e4edaaa7,ELEC-1042,343,0
1572d077,ELEC-1094,76,0
92d0545d,ELEC-1081,143,0
95faa7ff,ELEC-1077,243,2
05e25f38,ELEC-1007,243,0
9abe996d,ELEC-1062,30,0
901ef7b6,ELEC-1071,200,0
19aa48f5,ELEC-1048,30,1
44de5c10,ELEC-1024,170,0
2c55b531,ELEC-1025,71,0
16f6a92e,ELEC-1063,325,0
1da24f50,ELEC-1035,253,0
8bb9c244,ELEC-1071,254,0
d8d4e40c,ELEC-1091,334,0
14c59212,ELEC-1061,254,0
817d3cfe,ELEC-1027,305,0
5f891425,ELEC-1082,28,0
80a37412,ELEC-1088,54,1
b7adf5a7,ELEC-1038,180,2
d414a015,ELEC-1019,166,0
2848edeb,ELEC-1048,270,0
3fafed4e,ELEC-1034,286,0
265c6533,ELEC-1086,79,1
7e489834,ELEC-1085,70,0
1e98c67b,ELEC-1096,224,2
a13a9693,ELEC-1055,264,0
bb36064e,ELEC-1042,38,2
fcdb4fef,ELEC-1055,22,0
6282ef7c,ELEC-1037,107,0
d4c76afa,ELEC-1008,348,0
bd88ae8a,ELEC-1091,32,0
c4d0739c,ELEC-1019,241,0
2969dd7e,ELEC-1066,289,0
af694c62,ELEC-1041,72,0
6590fc14,ELEC-1029,271,0
e2c764f8,ELEC-1050,227,0
56b0114c,ELEC-1094,215,0
ed4c09cd,ELEC-1057,398,1
f47b1cd9,ELEC-1007,225,0
df34cb09,ELEC-1081,196,0
405e822c,ELEC-1018,69,2
f3445623,ELEC-1070,328,2
b0262b5f,ELEC-1095,67,0
1db23b5f,ELEC-1038,109,0
acb5d84d,ELEC-1009,347,0
92b5ea95,ELEC-1006,56,2
9bb23a32,ELEC-1038,65,0
c5d424fb,ELEC-1066,145,0
02d864bc,ELEC-1046,336,0
752c3570,ELEC-1007,126,0
f26069cd,ELEC-1038,281,0
1bd3fb17,ELEC-1087,356,1
474cb73a,ELEC-1086,138,0
40f6ae92,ELEC-1066,147,0
fb853f38,ELEC-1086,223,1
e3d947c4,ELEC-1026,168,0
98db35b4,ELEC-1086,188,0
d4f09f7c,ELEC-1000,28,0
60714831,ELEC-1044,55,0
2c5eaef6,ELEC-1006,357,1
659f27a3,ELEC-1094,316,1
656ad734,ELEC-1095,240,0
de134098,ELEC-1057,225,0
d5b4b53c,ELEC-1030,75,0
4e768ccc,ELEC-1000,354,0
be88fca1,ELEC-1044,344,0
bc721e9c,ELEC-1004,359,0
4d1f5384,ELEC-1051,331,1
ac3cc40c,ELEC-1048,155,1
be50b43d,ELEC-1079,125,0
2f7f39aa,ELEC-1058,239,2
17fc9d2a,ELEC-1081,95,2
7da0c337,ELEC-1093,355,0
0c347d5f,ELEC-1063,292,0
d85ed085,ELEC-1024,217,1
947f757e,ELEC-1067,17,0
452528cd,ELEC-1011,118,2
95bde44d,ELEC-1074,59,0
421b7b1f,ELEC-1027,373,0
4a13a080,ELEC-1007,42,2
5688fd64,ELEC-1059,294,1
4dc1b432,ELEC-1096,398,2
54be128a,ELEC-1099,94,0
2e616c27,ELEC-1000,286,0
f64dfda5,ELEC-1076,392,0
b307b040,ELEC-1034,116,0
86d9694a,ELEC-1040,213,0
135e70bb,ELEC-1014,70,1
77dd8f4d,ELEC-1002,64,2
875f2837,ELEC-1005,265,0
f0c95967,ELEC-1080,44,0
7ed3ee77,ELEC-1087,145,0
d11fa584,ELEC-1081,219,0
9abb176f,ELEC-1045,349,0
962200c8,ELEC-1085,395,2
f78bda25,ELEC-1026,97,0
adc96fa5,ELEC-1037,347,0
ee3aa960,ELEC-1079,79,0
6a26a2e0,ELEC-1088,126,0
059659e9,ELEC-1017,261,0
3279072b,ELEC-1072,33,0
3bb144d4,ELEC-1000,31,1
577eddf4,ELEC-1030,287,0
9bb374b7,ELEC-1097,147,0
6586273c,ELEC-1095,224,0
10dd83fc,ELEC-1061,367,1
f3513e3f,ELEC-1023,153,0
c7439745,ELEC-1074,26,0
478ea076,ELEC-1018,347,1
75bf4409,ELEC-1089,211,0
2d07b08b,ELEC-1095,320,0
36f64a8a,ELEC-1010,102,0
e3cfa321,ELEC-1091,60,0
6d522bb0,ELEC-1024,329,0
22b9b7e9,ELEC-1091,301,1
322ceacb,ELEC-1079,341,0
1ed38840,ELEC-1082,316,0
02362c5f,ELEC-1007,293,2
603a3466,ELEC-1055,34,1
0c348cde,ELEC-1010,66,2
ad6e88e3,ELEC-1032,398,0
b10db2f6,ELEC-1050,343,0
e6e526c4,ELEC-1026,381,0
79240907,ELEC-1082,386,0
8d74c4a4,ELEC-1011,296,0
f2db7100,ELEC-1025,299,2
93830113,ELEC-1063,302,2
fc494788,ELEC-1093,301,0
8773c386,ELEC-1052,275,0
60ab05d5,ELEC-1093,164,0
31b6553f,ELEC-1067,228,1
0df35b06,ELEC-1041,224,0
4cea86ed,ELEC-1061,252,0
9f14d1a5,ELEC-1011,291,0
ba28c68c,ELEC-1021,132,0
2a3a6c8d,ELEC-1049,138,0
5ab85260,ELEC-1084,224,0
97ded30f,ELEC-1032,374,0
bfef158c,ELEC-1000,301,2
dd2bb879,ELEC-1086,210,2
5f3454c5,ELEC-1022,85,0
294530ab,ELEC-1083,349,1
310cf902,ELEC-1049,313,0
03fc65db,ELEC-1071,268,0
ff9cb446,ELEC-1050,125,0
e2f48755,ELEC-1040,205,0
61878683,ELEC-1012,217,0
7aa807f6,ELEC-1093,141,0
fc15eb99,ELEC-1019,304,1
83a9a823,ELEC-1052,361,0
8ca004d6,ELEC-1029,387,2
8fc8ce6f,ELEC-1004,151,0
1e6795c8,ELEC-1058,328,1
7f915d62,ELEC-1074,253,0
3fa2ad8c,ELEC-1065,102,0
c444b2b4,ELEC-1064,263,0
1294f4c9,ELEC-1079,136,0
d9a528bd,ELEC-1072,289,0
d2d955d9,ELEC-1015,247,0
4cb30fd5,ELEC-1070,337,0
90c3eb01,ELEC-1004,260,0
ccb90599,ELEC-1057,138,0
36dcb68f,ELEC-1039,250,1
816475ce,ELEC-1058,273,0
56bd75ca,ELEC-1071,379,0
1fd6f858,ELEC-1098,159,0
5cfabaf0,ELEC-1044,58,0
5b64cde6,ELEC-1088,230,0
4c1b7d33,ELEC-1046,54,0
f6775ed4,ELEC-1009,152,0
f1a67af3,ELEC-1046,308,0
bfacc8a0,ELEC-1081,307,0
f3f6b5c3,ELEC-1014,324,0
89d5b973,ELEC-1092,194,0
cbda8886,ELEC-1037,289,1
ab0e404f,ELEC-1042,224,2
c24fe063,ELEC-1076,312,0
4d27eb3e,ELEC-1022,143,0
a1e90d5a,ELEC-1029,258,0
38df9f98,ELEC-1045,230,0
f160d6ac,ELEC-1083,34,0
7494db9e,ELEC-1002,12,0
1b2ef269,ELEC-1017,369,0
75873045,ELEC-1018,174,0
84d97f8f,ELEC-1076,241,0
42723319,ELEC-1076,45,0
3e687b9d,ELEC-1072,346,0
47a4521b,ELEC-1082,61,0
9ed19c19,ELEC-1023,49,0
f8017e7c,ELEC-1069,97,0
15d11b36,ELEC-1043,318,0
ab7e2da8,ELEC-1099,213,0
84a9d3d1,ELEC-1097,134,0
f368f1eb,ELEC-1060,166,2
b73d923e,ELEC-1000,228,0
73017cf9,ELEC-1042,93,0
94570dec,ELEC-1075,144,2
d1fb8c34,ELEC-1074,284,2
50045132,ELEC-1065,299,0
f30b8619,ELEC-1008,42,0
93a2c12e,ELEC-1017,290,0
eb855f98,ELEC-1081,301,0
b12bcca7,ELEC-1024,170,0
d1430471,ELEC-1036,90,2
5bfb2430,ELEC-1047,248,0
6f9e425e,ELEC-1062,234,0
ee252941,ELEC-1051,258,0
88e59688,ELEC-1092,213,0
8e0ee33a,ELEC-1021,100,0
5b62e001,ELEC-1015,370,0
07bc7154,ELEC-1007,118,0
2ed9b8a4,ELEC-1056,332,0
80358b0c,ELEC-1001,394,0
4a07f1e1,ELEC-1056,378,0
f65c9acc,ELEC-1059,61,0
e596229f,ELEC-1015,155,0
980103f2,ELEC-1084,31,0
ae9363c0,ELEC-1079,385,0
1a36ad2b,ELEC-1007,374,1
a0c3482a,ELEC-1016,356,0
78e10a50,ELEC-1080,189,0
2f885106,ELEC-1036,159,0
d11f4b81,ELEC-1054,298,2
6ceb8788,ELEC-1048,250,0
139b5f23,ELEC-1059,151,0
523d4f9f,ELEC-1038,34,0
6da3367b,ELEC-1075,227,0
39973f71,ELEC-1096,80,0
e5b93c9c,ELEC-1031,251,2
32b3769e,ELEC-1035,251,0
84444ab4,ELEC-1056,240,0
909741ba,ELEC-1006,360,0
85cdc680,ELEC-1041,173,0
42cce380,ELEC-1047,48,0
a008733b,ELEC-1045,316,0
cf267525,ELEC-1098,335,0
dd94b8a5,ELEC-1009,215,0
93e93275,ELEC-1079,127,0
4ad6d31e,ELEC-1035,112,0
799afa54,ELEC-1089,342,0
ddc64a71,ELEC-1047,93,0
ea1fe1d8,ELEC-1099,255,0
54c38e00,ELEC-1097,144,0
6635efb5,ELEC-1003,290,1
92f946d1,ELEC-1042,245,0
3f4246ed,ELEC-1048,103,0
4c7cce14,ELEC-1003,322,0
f3b414f0,ELEC-1049,367,0
cda91521,ELEC-1063,146,2
498a1123,ELEC-1085,298,1
d086b402,ELEC-1043,210,0
5fe1ebb6,ELEC-1083,63,2
7b8e6a2f,ELEC-1063,199,2
04eaea2c,ELEC-1058,97,2
539783a7,ELEC-1096,359,0
30befb68,ELEC-1052,321,0
0cd26421,ELEC-1069,52,0
ae4a5c8d,ELEC-1079,383,0
e155ce93,ELEC-1040,71,0
88380b40,ELEC-1048,212,0
d44ac8ce,ELEC-1009,202,0
6be9f1a5,ELEC-1039,234,0
ebfaee7a,ELEC-1089,83,0
31a35e0c,ELEC-1063,345,0
513dae4f,ELEC-1061,375,0
ec5cc31e,ELEC-1064,108,0
e27cfb41,ELEC-1025,144,0
4903eacb,ELEC-1057,140,0
d2e6599f,ELEC-1021,27,0
ac384bde,ELEC-1022,339,0
b03b0333,ELEC-1002,130,0
e8c5ce9c,ELEC-1048,110,0
415b5bdb,ELEC-1037,208,0
fc9fd84f,ELEC-1055,268,0
8511edd9,ELEC-1096,392,0
a9a0f619,ELEC-1057,348,2
e15c530a,ELEC-1075,229,0
bed05365,ELEC-1024,87,0
fb7f1d66,ELEC-1085,197,2
d895ee12,ELEC-1093,367,0
ddab27d4,ELEC-1090,174,0
1be4279e,ELEC-1057,96,0
982f8d56,ELEC-1006,387,0
fbcfb0f2,ELEC-1079,224,0
d3771528,ELEC-1062,16,0
0e145669,ELEC-1013,333,0
5130dd90,ELEC-1040,327,0
43218ad4,ELEC-1064,213,0
589096c6,ELEC-1094,176,0
4406e012,ELEC-1030,196,0
a13ea0f4,ELEC-1079,286,0
a4def859,ELEC-1082,13,0
867da050,ELEC-1053,62,0
2e80a879,ELEC-1026,211,0
e313eb4c,ELEC-1097,243,0
ee7b0740,ELEC-1022,330,0
1441428d,ELEC-1003,144,0
4b52d692,ELEC-1035,131,0
3e66e4de,ELEC-1029,44,1
9a5f6b65,ELEC-1083,127,0
0d6286f7,ELEC-1082,227,0
919e6045,ELEC-1061,268,0
721098fe,ELEC-1019,44,0
eba8a012,ELEC-1027,316,0
5c4109e2,ELEC-1080,250,2
e8521131,ELEC-1079,46,0
6265d160,ELEC-1007,170,0
76615cf7,ELEC-1028,358,0
af2e931d,ELEC-1024,109,2
9385a1c3,ELEC-1066,118,1
def9d9a4,ELEC-1051,113,0
aecf6cea,ELEC-1095,128,0
478ba4f1,ELEC-1080,64,2
16b5815f,ELEC-1022,118,1
09feaecc,ELEC-1023,335,0
11bc9260,ELEC-1070,355,0
cc37cd83,ELEC-1041,25,1
36c9bc60,ELEC-1059,128,0
d6b38e61,ELEC-1061,179,2
aa48722f,ELEC-1038,46,0
64b70c94,ELEC-1099,322,0
33563d20,ELEC-1032,103,0
b303aed1,ELEC-1050,389,0
2b436db3,ELEC-1005,320,0
9ec328a7,ELEC-1077,104,2
c956deb6,ELEC-1075,289,0
3a1cc476,ELEC-1028,326,1
5438e957,ELEC-1011,168,0
63003ff6,ELEC-1059,202,0
9d030b21,ELEC-1070,96,0
cc8f4e2a,ELEC-1047,273,1
0a348ad2,ELEC-1090,350,2
c442deff,ELEC-1048,236,0
4c2d6167,ELEC-1056,327,2
ba2aec1a,ELEC-1081,196,0
1dec2572,ELEC-1099,97,1
0568595a,ELEC-1096,151,0
a76b2abd,ELEC-1001,90,0
aeca7fd1,ELEC-1010,31,2
c4cd8802,ELEC-1051,81,0
ef842881,ELEC-1060,164,2
092134a1,ELEC-1083,391,0
cc4f7c4e,ELEC-1084,303,1
7deb1663,ELEC-1037,25,0
4a8a3186,ELEC-1028,152,0
741bb3cd,ELEC-1011,36,0
e3e13890,ELEC-1039,30,0
1d88bd12,ELEC-1099,200,1
503246df,ELEC-1009,357,0
88d56e46,ELEC-1092,29,1
6e07a4a4,ELEC-1004,297,0
8542d69e,ELEC-1023,370,0
e2b46372,ELEC-1006,15,1
35885b62,ELEC-1018,102,2
ee29a8f4,ELEC-1078,280,0
1adab18c,ELEC-1061,131,2
2d164bc9,ELEC-1044,75,0
11335a91,ELEC-1032,398,0
d33be1c5,ELEC-1012,307,0
aaab20a7,ELEC-1016,387,2
ca43bba4,ELEC-1065,25,0
f1140cbe,ELEC-1004,51,0
cef7f933,ELEC-1056,180,0
6500a838,ELEC-1060,393,2
4f950527,ELEC-1095,149,0
524da811,ELEC-1033,261,0
fec4846b,ELEC-1035,163,0
fb0304a9,ELEC-1011,228,1
51f1052e,ELEC-1088,271,0
5ea376fe,ELEC-1099,35,0
4e089756,ELEC-1037,316,0
6ab052be,ELEC-1032,293,0
f2b1950c,ELEC-1073,67,1
19468897,ELEC-1082,103,0
a3ff45c5,ELEC-1044,372,0
5bd8624d,ELEC-1044,332,0
d107f225,ELEC-1072,89,0
1750a009,ELEC-1080,218,2
9da9ab8d,ELEC-1045,49,0
6052887a,ELEC-1047,316,0
bbbce52c,ELEC-1003,146,0
1a1b9d7b,ELEC-1007,293,0
15608119,ELEC-1021,12,0
758288d8,ELEC-1088,370,0
093bc4ca,ELEC-1046,38,0
5144d010,ELEC-1066,316,0
4ceead56,ELEC-1011,125,0
3170837f,ELEC-1059,302,1
3c671198,ELEC-1040,382,0
8c2c53dd,ELEC-1002,89,0
9ef9734f,ELEC-1013,273,0
decd8cf6,ELEC-1088,157,0
48d8046e,ELEC-1054,25,0
2a1886fa,ELEC-1076,271,0
2f82961c,ELEC-1075,349,0
ad3f0b31,ELEC-1082,142,0
c8fe7bfb,ELEC-1039,80,0
e1e0decc,ELEC-1002,80,0
6168e09e,ELEC-1079,101,0
9f47c9de,ELEC-1012,153,0
97a6eb31,ELEC-1077,64,0
1d55502a,ELEC-1078,197,2
c8c76b50,ELEC-1041,163,0
696781fb,ELEC-1097,112,0
c4d0d2fd,ELEC-1083,188,2
fa0662d4,ELEC-1012,126,0
d01c5bff,ELEC-1055,74,0
30de32bb,ELEC-1094,28,0
f05bcc93,ELEC-1057,230,2
587eb3d1,ELEC-1050,102,0
69986c11,ELEC-1071,334,0
c3aec1c9,ELEC-1071,256,0
51004f86,ELEC-1042,336,0
dbed5987,ELEC-1007,26,0
3e86b4f4,ELEC-1032,293,0
b8b8c5b8,ELEC-1072,277,0
3df4dd48,ELEC-1052,252,0
e634702d,ELEC-1014,371,0
89c4398e,ELEC-1022,240,1
563ce3be,ELEC-1034,194,1
8a140f76,ELEC-1047,66,0
24f8d041,ELEC-1086,201,2
c2bb5302,ELEC-1011,355,2
238e4041,ELEC-1038,355,0
b1219b63,ELEC-1096,116,2
09acdf5a,ELEC-1033,326,0
8c16240e,ELEC-1064,19,0
f7795275,ELEC-1090,304,0
912daad5,ELEC-1048,55,0
554779ca,ELEC-1032,116,0
31bcd838,ELEC-1073,226,0
39b9dd9e,ELEC-1078,344,0
2950fb7b,ELEC-1098,32,2
7b83e80f,ELEC-1062,239,0
c1c54b90,ELEC-1086,99,0
f88d0020,ELEC-1097,160,0
a15a3878,ELEC-1038,217,0
378e19aa,ELEC-1027,352,0
640f1459,ELEC-1033,42,0
90176b05,ELEC-1011,91,1
2e4efe01,ELEC-1097,137,0
a46971f8,ELEC-1068,297,0
c8559bbc,ELEC-1005,326,0
fc2ae76e,ELEC-1083,55,1
75cad4db,ELEC-1097,131,0
537631e2,ELEC-1011,314,0
588b3246,ELEC-1049,383,1
5aee828f,ELEC-1060,139,0
f138d591,ELEC-1022,274,0
0663a7eb,ELEC-1058,126,0
1a5ca0c3,ELEC-1096,76,0
deb850f6,ELEC-1073,246,0
bbd80a42,ELEC-1037,61,0
30da5765,ELEC-1007,34,0
4a7b2edb,ELEC-1000,144,1
337ed990,ELEC-1026,292,1
56d94b78,ELEC-1059,80,0
d6a08c70,ELEC-1036,128,1
a28b2c25,ELEC-1090,200,0
ea97c0c7,ELEC-1089,89,2
bca16496,ELEC-1096,360,1
922291eb,ELEC-1094,28,2
ad898518,ELEC-1066,394,0
ec997387,ELEC-1050,53,0
b5562d69,ELEC-1034,354,2
ac13d12e,ELEC-1008,150,0
abcbb2de,ELEC-1029,285,0
49488a1c,ELEC-1015,177,1
9c2fb37d,ELEC-1004,209,1
b0da56fb,ELEC-1047,220,0
b8dc2dbb,ELEC-1014,321,0
447a3040,ELEC-1023,43,0
052d1b72,ELEC-1055,198,0
fab49767,ELEC-1042,200,1
d67500b5,ELEC-1050,61,0
346520f6,ELEC-1001,357,0
2757a71c,ELEC-1021,232,0
f2099839,ELEC-1076,341,0
476a6e72,ELEC-1050,388,0
d7e203e1,ELEC-1082,220,1
e2be6449,ELEC-1018,282,0
44e089b4,ELEC-1041,92,0
31fa0199,ELEC-1009,336,0
cc38d090,ELEC-1061,33,2
c5cbad2f,ELEC-1021,63,0
74c8fadf,ELEC-1058,137,1
48af391b,ELEC-1039,331,0
79c14a9e,ELEC-1041,38,0
523efe47,ELEC-1089,84,0
790792e7,ELEC-1006,185,0
4005887f,ELEC-1049,37,0
efdd62e7,ELEC-1054,43,2
00c5d387,ELEC-1071,269,2
99766bc5,ELEC-1080,303,0
85c6b231,ELEC-1045,397,0
06163dc1,ELEC-1017,106,0
07cd9b83,ELEC-1090,274,0
dd549363,ELEC-1071,294,0
b7e5c7b2,ELEC-1038,378,0
71384cb3,ELEC-1014,147,0
7f771668,ELEC-1092,323,0
1fc17526,ELEC-1004,109,0
c56662c3,ELEC-1054,370,2
316cc635,ELEC-1049,174,2
00f8cd7c,ELEC-1066,388,0
83ee6df5,ELEC-1026,209,0
f1bea4ab,ELEC-1010,139,0
8c7ddb45,ELEC-1050,118,0
e591a9a7,ELEC-1084,197,0
55a9dac9,ELEC-1045,238,0
4b3e93f7,ELEC-1000,109,0
e2f2c93f,ELEC-1006,59,0
96a4b47d,ELEC-1038,177,2
49aab397,ELEC-1070,13,0
80a96401,ELEC-1070,295,0
bebd4577,ELEC-1010,344,0
1a716d8d,ELEC-1086,393,0
051e6a33,ELEC-1096,67,2
37570bdb,ELEC-1050,311,0
bcbe7bbd,ELEC-1051,81,2
74504b8e,ELEC-1031,265,0
95a825a8,ELEC-1012,131,0
8998eb96,ELEC-1083,290,0
b445e478,ELEC-1019,125,0
ea648f19,ELEC-1099,120,2
38b6702a,ELEC-1028,144,2
79af7a31,ELEC-1068,392,0
ab3070fb,ELEC-1059,245,0
27f7b846,ELEC-1007,344,0
07eb2f4d,ELEC-1028,257,0
ee66bcb9,ELEC-1016,394,0
116c6a7f,ELEC-1015,175,0
09715b98,ELEC-1018,351,0
0740a10b,ELEC-1088,326,0
b8d05cf6,ELEC-1040,346,0
245ce573,ELEC-1066,331,0
edb33439,ELEC-1079,164,0
bfa799b3,ELEC-1010,360,0
3db09519,ELEC-1010,228,0
7a2daedc,ELEC-1069,338,0
4619b640,ELEC-1026,302,0
cd561a6e,ELEC-1009,110,0
ae39c57a,ELEC-1066,353,0
c96c4a82,ELEC-1060,375,2
0086a0c2,ELEC-1016,343,1
16723c77,ELEC-1069,81,0
8be6d675,ELEC-1087,132,1
b6cedcda,ELEC-1074,334,2
8be2bf2a,ELEC-1052,41,1
6f6ff41f,ELEC-1066,243,1
84c27150,ELEC-1035,298,0
5b8a32ea,ELEC-1070,320,0
ab0fbb46,ELEC-1019,101,0
a52aca36,ELEC-1007,352,0
0827c7a0,ELEC-1075,137,2
9edcc7f1,ELEC-1027,386,0
525a2a04,ELEC-1082,19,0
9051895c,ELEC-1063,384,0
90c98a39,ELEC-1000,394,0
0da08b6d,ELEC-1097,359,0
375547d8,ELEC-1095,349,0
0472ea5f,ELEC-1012,200,0
3ae72c5c,ELEC-1021,26,0
ea9a9923,ELEC-1099,368,0
0c05367b,ELEC-1080,229,0
f360b418,ELEC-1067,112,2
34755820,ELEC-1054,398,1
8a95a199,ELEC-1020,376,0
f7a979ea,ELEC-1048,285,0
cc244bec,ELEC-1046,171,1
841e2589,ELEC-1086,228,0
6f90b1a2,ELEC-1031,354,0
76bc0496,ELEC-1005,361,0
5f127dad,ELEC-1064,252,0
decd0034,ELEC-1090,310,0
720c520d,ELEC-1080,93,0
30937c78,ELEC-1089,295,0
22ecc4c4,ELEC-1035,325,2
6ba70115,ELEC-1060,352,2
e47badd9,ELEC-1070,258,0
9e557560,ELEC-1024,147,1
13d0d755,ELEC-1093,298,0
7c1b8f28,ELEC-1009,389,0
d87a9a0c,ELEC-1085,200,2
ce4d927e,ELEC-1009,168,0
a04bf88a,ELEC-1023,202,0
dc62a406,ELEC-1010,346,0
4033292b,ELEC-1089,386,2
c5d88312,ELEC-1027,30,0
8b3dd2aa,ELEC-1011,73,1
02d2bd9c,ELEC-1093,150,0
97ec92ef,ELEC-1077,379,0
616eae1f,ELEC-1076,382,0
4300e030,ELEC-1062,114,0
cdfc6536,ELEC-1049,242,1
b1cf9cdb,ELEC-1052,362,0
1d7f63cc,ELEC-1051,137,0
9027a525,ELEC-1061,220,0
d73f1171,ELEC-1045,177,0
9545554b,ELEC-1007,244,2
ba8935b7,ELEC-1011,387,2
1f47c8b2,ELEC-1014,278,0
71056412,ELEC-1035,353,2
5936689e,ELEC-1015,395,1
d0a3c8f8,ELEC-1048,225,1
46478ba4,ELEC-1056,385,0
9bdb4ce4,ELEC-1073,281,0
5c5fe9ff,ELEC-1004,355,0
0bb3b8a7,ELEC-1046,378,0
bba77033,ELEC-1074,165,0
966a0276,ELEC-1085,367,1
edc9df7b,ELEC-1040,11,0
8d56f985,ELEC-1072,199,0
04f47047,ELEC-1032,18,2
5626e905,ELEC-1018,197,0
e6e701b9,ELEC-1011,391,0
f0ac36ff,ELEC-1054,38,2
0cff9827,ELEC-1002,57,0
1f1c6104,ELEC-1015,103,0
2222d2f1,ELEC-1087,344,0
a0d20ce8,ELEC-1089,239,0
192ea76c,ELEC-1045,311,0
c2dbd4b8,ELEC-1088,199,0
579db908,ELEC-1066,301,0
da4df65f,ELEC-1022,100,0
51383164,ELEC-1065,303,0
801f15d6,ELEC-1028,58,0
dd072cc2,ELEC-1060,325,0
c3e0ae53,ELEC-1040,107,0
381de4ac,ELEC-1004,395,1
cfb0cd41,ELEC-1053,53,0
cb9eab49,ELEC-1018,181,1
4c26b5be,ELEC-1069,296,0
8364c139,ELEC-1024,210,0
18956f5b,ELEC-1007,79,2
0923d578,ELEC-1059,242,0
82f1d6dd,ELEC-1087,119,0
801e8859,ELEC-1083,271,0
6a8cf43a,ELEC-1099,296,0
74f136de,ELEC-1016,81,0
e2bd8587,ELEC-1034,357,0
713cc778,ELEC-1092,99,0
1f6a422e,ELEC-1079,303,0
710ac9be,ELEC-1001,53,0
32307d18,ELEC-1001,171,0
b1c0c42d,ELEC-1033,347,0
1748e12d,ELEC-1058,113,0
1a7eb39e,ELEC-1044,322,0
3b60ed70,ELEC-1083,257,0
e98ac99b,ELEC-1003,11,0
9a93e8ce,ELEC-1076,126,0
ccd5a673,ELEC-1063,177,0
6170525a,ELEC-1080,383,0
d3510d56,ELEC-1056,34,2
16c1fdaa,ELEC-1064,48,0
7f84db0f,ELEC-1041,20,0
a6b32921,ELEC-1027,180,0
a19df53a,ELEC-1052,230,0
1ba69c92,ELEC-1010,139,1
72eb13ae,ELEC-1033,261,0
12935760,ELEC-1029,65,1
de3ebc94,ELEC-1090,60,2
3160eebf,ELEC-1041,37,0
e33f6212,ELEC-1018,301,0
6f8362d0,ELEC-1073,159,0
d75698c9,ELEC-1090,279,1
ee98c715,ELEC-1062,242,0
3e22550c,ELEC-1052,266,0
87bed94b,ELEC-1040,396,0
09cec0e5,ELEC-1081,345,0
c3e490b7,ELEC-1047,237,1
e693326d,ELEC-1000,168,0
4e8627af,ELEC-1048,74,0
ea614926,ELEC-1008,17,0
ee484fb7,ELEC-1054,289,1
6cd027f6,ELEC-1073,346,0
33de5f41,ELEC-1003,182,0
5ac3b842,ELEC-1021,316,0
a488d5de,ELEC-1051,363,0
5835c545,ELEC-1028,370,0
a5392117,ELEC-1054,60,0
e1cea3d5,ELEC-1003,235,0
1c8e6716,ELEC-1051,151,2
6b2de44f,ELEC-1002,142,0
5aa2d4e2,ELEC-1062,74,0
d3422943,ELEC-1051,63,0
f2d3ed29,ELEC-1031,230,0
5de51890,ELEC-1058,15,1
0b704429,ELEC-1076,216,0
4a3db356,ELEC-1010,380,0
4202807e,ELEC-1061,203,0
dd35ba2a,ELEC-1085,90,0
e3a4b5ac,ELEC-1017,136,0
4a39ce91,ELEC-1095,41,0
2e60e590,ELEC-1023,332,0
1139ad85,ELEC-1079,293,0
97924420,ELEC-1029,339,1
259d9387,ELEC-1029,192,0
ba06c74b,ELEC-1045,59,2
95af2488,ELEC-1061,194,0
57f7cec8,ELEC-1011,108,2
880a70f0,ELEC-1096,218,0
9abea7ae,ELEC-1013,183,0
2df83f63,ELEC-1082,10,0
c8bb8742,ELEC-1043,150,0
e72edec4,ELEC-1035,191,0
b209a191,ELEC-1028,232,0
d85a5bd2,ELEC-1009,338,0
e4525377,ELEC-1055,119,0
1d261ae4,ELEC-1062,159,0
985e83e4,ELEC-1027,231,0
6f48e010,ELEC-1087,362,0
610d5396,ELEC-1028,119,1
74e3672a,ELEC-1038,263,0
177a356a,ELEC-1027,282,0
7a31bcae,ELEC-1071,33,0
080525e5,ELEC-1059,127,0
043d3647,ELEC-1022,304,0
75a9b060,ELEC-1077,317,2
c93b2b3a,ELEC-1063,240,0
f5b11c22,ELEC-1024,310,0
9e11fb60,ELEC-1087,35,1
5a8dbdc4,ELEC-1016,135,0
7bcc9ffa,ELEC-1058,306,0
f8fd9902,ELEC-1035,43,0
efee25f6,ELEC-1067,332,0
86273cb0,ELEC-1078,26,0
9d1a31ee,ELEC-1084,199,2
23479f91,ELEC-1078,317,0
4567f56a,ELEC-1065,291,0
2b0058e0,ELEC-1041,47,1
39d0c075,ELEC-1023,120,0
5bfcf6e7,ELEC-1017,78,1
8b7ddf5a,ELEC-1011,363,2
25d654b4,ELEC-1010,183,0
13088300,ELEC-1023,330,0
5406a3a8,ELEC-1005,384,0
c877271c,ELEC-1033,170,0
c193d76f,ELEC-1003,364,0
a94d8527,ELEC-1020,120,0
dbba5a63,ELEC-1099,260,0
bbc6d226,ELEC-1026,391,0
74f19572,ELEC-1086,275,0
16ecb8f4,ELEC-1078,390,0
10aa6b23,ELEC-1063,26,0
9f5e3244,ELEC-1096,349,1
07fe0d40,ELEC-1086,74,1
039efb2f,ELEC-1077,378,0
988b5590,ELEC-1031,39,0
0be9357c,ELEC-1078,212,0
453c4ac8,ELEC-1026,62,0
d38d6071,ELEC-1096,259,0
2a6d58bf,ELEC-1031,100,0
b5b75393,ELEC-1007,107,0
601c9e7f,ELEC-1031,347,0
6e04d7c3,ELEC-1078,334,0
3c2df0e3,ELEC-1017,353,0
dfec0d00,ELEC-1006,118,1
1bd96d64,ELEC-1046,313,0
bf95d9d3,ELEC-1025,61,0
666d8353,ELEC-1015,344,0
3fa2fde2,ELEC-1082,22,0
71365e47,ELEC-1091,299,2
dacc414b,ELEC-1003,345,0
5f2e56df,ELEC-1065,247,2
bedc3211,ELEC-1077,368,1
7cd12611,ELEC-1013,384,0
d279a11b,ELEC-1075,321,2
893c344d,ELEC-1091,203,0
884e6186,ELEC-1048,328,1
9faaef9b,ELEC-1029,134,0
9412e30e,ELEC-1087,183,0
7a8825bf,ELEC-1025,114,2
65823d3b,ELEC-1037,133,0
cc68783f,ELEC-1053,186,0
16c95bb1,ELEC-1078,309,0
5b658a24,ELEC-1057,75,0
c77d14b5,ELEC-1036,57,0
d443dd2b,ELEC-1035,29,1
62e7d53d,ELEC-1061,193,0
b7d1cec2,ELEC-1091,239,0
d297cc05,ELEC-1067,169,0
bbcceaa8,ELEC-1054,281,0
980ab81a,ELEC-1076,236,0
2f523f94,ELEC-1088,282,0
a9b77ab2,ELEC-1078,99,2
4cec6f65,ELEC-1066,380,0
7a23f890,ELEC-1034,134,0
a088e0d2,ELEC-1095,219,0
846d92a9,ELEC-1087,259,0
9e4a57a5,ELEC-1079,277,0
cf93d829,ELEC-1079,169,1
47e4b377,ELEC-1019,279,0
00eabd2f,ELEC-1005,349,0
9b5a8a26,ELEC-1019,167,0
95863a38,ELEC-1038,354,2
623c55f8,ELEC-1051,64,0
eadf1909,ELEC-1017,308,1
a133eaef,ELEC-1083,108,0
1f266e15,ELEC-1084,81,0
d3d30632,ELEC-1029,92,0
5c9cf08a,ELEC-1029,80,1
52d2bc1b,ELEC-1032,167,0
23869b2f,ELEC-1078,363,0
4efff3c6,ELEC-1063,353,2
bc1c1673,ELEC-1044,232,0
e7e7a00f,ELEC-1001,394,0
c5af73e5,ELEC-1029,324,0
5c35e4b6,ELEC-1058,228,2
f00a7fa0,ELEC-1046,339,2
768e7f74,ELEC-1013,214,0
3768aa6c,ELEC-1039,271,0
6823ebfc,ELEC-1048,181,0
5f8c4ddb,ELEC-1097,28,0
27886fe6,ELEC-1035,259,0
653a8daf,ELEC-1068,75,0
fa39592d,ELEC-1012,115,0
3e46abe9,ELEC-1002,373,0
3b25efb5,ELEC-1015,141,0
60d9394d,ELEC-1023,83,0
eab99497,ELEC-1028,368,0
087f5a57,ELEC-1043,312,0
b79d2d87,ELEC-1005,53,0
c731f4a4,ELEC-1033,107,2
60fe0373,ELEC-1032,272,0
78d1cb33,ELEC-1004,118,0
37881714,ELEC-1052,73,0
d64cec81,ELEC-1094,228,0
0e578df7,ELEC-1071,212,2
5d97364e,ELEC-1043,140,0
957b9e87,ELEC-1095,93,0
6565c334,ELEC-1074,236,0
b718c106,ELEC-1019,269,0
49592c41,ELEC-1079,321,0
23cbdf63,ELEC-1077,328,0
51505aad,ELEC-1012,134,1
355aef1e,ELEC-1073,187,1
704e2f81,ELEC-1004,151,1
55a2482e,ELEC-1079,378,0
89c10648,ELEC-1017,345,0
a38d1791,ELEC-1057,339,0
9e496a97,ELEC-1047,75,0
2ed35f26,ELEC-1095,282,0
027b3852,ELEC-1024,353,0
58a5fa27,ELEC-1094,18,2
201fe58f,ELEC-1086,64,2
08121bc7,ELEC-1027,366,0
14bbd54e,ELEC-1092,376,0
a086460c,ELEC-1010,22,0
32318393,ELEC-1093,290,0
37f3df37,ELEC-1062,250,0
7cd6304a,ELEC-1090,286,2
6e27ea42,ELEC-1069,312,0
be129fce,ELEC-1042,179,0
8decbaaf,ELEC-1091,52,1
565f71e1,ELEC-1022,41,0
9fc4965b,ELEC-1038,108,0
3e3ecaa6,ELEC-1064,217,0
399e2176,ELEC-1053,82,0
6ad80869,ELEC-1061,264,2
5e84ffae,ELEC-1053,300,0
dd94a3fd,ELEC-1044,398,0
b2c87f00,ELEC-1076,166,0
4c080d48,ELEC-1054,60,0
3bd3be14,ELEC-1082,140,2
c75da1cf,ELEC-1063,17,0
5f51b22c,ELEC-1001,256,1
92b12cdf,ELEC-1084,164,0
18ce8df7,ELEC-1084,309,0
218a0b7e,ELEC-1017,235,0
b9174885,ELEC-1024,175,0
352fd4c7,ELEC-1010,190,0
370407b6,ELEC-1038,322,0
c7655f47,ELEC-1054,306,0
26541371,ELEC-1066,26,0
2c9faba4,ELEC-1071,252,0
3b66727a,ELEC-1039,379,0
26acf2b7,ELEC-1018,279,0
2683f5e0,ELEC-1083,233,0
2704d719,ELEC-1015,81,0
7455696e,ELEC-1055,399,0
6c90f349,ELEC-1035,178,2
e45fab9e,ELEC-1012,211,0
682556c5,ELEC-1077,28,0
1aab95d6,ELEC-1007,290,0
8a31345d,ELEC-1068,133,0
fa5a9072,ELEC-1083,140,0
ddb10a7a,ELEC-1012,244,1
f1e17c28,ELEC-1007,371,0
96ea8c6d,ELEC-1063,300,2
2ef15e45,ELEC-1095,217,0
6a5fc3bf,ELEC-1053,44,0
84b58fa5,ELEC-1074,165,0
b8e22f84,ELEC-1028,49,0
9bcf5af5,ELEC-1027,109,0
4ae3d542,ELEC-1025,64,0
77724940,ELEC-1023,287,1
71289111,ELEC-1000,25,0
4adcb30f,ELEC-1036,270,0
22191f34,ELEC-1039,299,0
5d164b3e,ELEC-1008,114,0
a85c8f81,ELEC-1081,57,0
7cdff13e,ELEC-1055,340,0
ccb57826,ELEC-1028,93,0
aaa180b7,ELEC-1008,258,0
3968c5dd,ELEC-1019,259,0
0443d093,ELEC-1094,275,0
1085d955,ELEC-1070,176,1
669cd872,ELEC-1000,374,2
f1bad7fe,ELEC-1007,331,0
9e4c5920,ELEC-1034,70,2
9a708e9b,ELEC-1061,389,1
271dee93,ELEC-1063,266,2
a6c10f6c,ELEC-1081,267,0
3f5b4de2,ELEC-1008,252,0
07909acd,ELEC-1034,199,0
278b9091,ELEC-1051,218,0
50dc5c79,ELEC-1001,278,0
fe4bab8f,ELEC-1052,100,0
0e307c12,ELEC-1003,140,0
3f86b38b,ELEC-1027,398,0
06cc7f56,ELEC-1041,346,0
d24c8109,ELEC-1092,182,0
827f68da,ELEC-1036,363,0
3c817c36,ELEC-1067,107,0
6eb58f39,ELEC-1006,41,0
4959b8df,ELEC-1040,286,0
f5e6588d,ELEC-1038,193,0
cee37ad6,ELEC-1088,245,0
6a78a1c6,ELEC-1034,56,0
c47b3e82,ELEC-1064,195,2
f147137c,ELEC-1061,117,0
45870dc8,ELEC-1015,169,0
a173eb30,ELEC-1004,172,0
606886ab,ELEC-1042,107,0
087ef1a0,ELEC-1069,154,0
16bc698a,ELEC-1037,260,0
2cfb964c,ELEC-1028,223,0
f5e590c5,ELEC-1017,317,0
44f65aa2,ELEC-1002,379,0
b0913fdf,ELEC-1039,61,0
58406102,ELEC-1001,382,0
ba1a833e,ELEC-1090,293,0
be1a9699,ELEC-1034,351,0
f958cc96,ELEC-1061,148,0
d110e1cb,ELEC-1014,234,0
c853de89,ELEC-1002,29,0
68d70462,ELEC-1030,209,0
cad408f9,ELEC-1096,235,1
0693916b,ELEC-1055,75,0
f8c8e548,ELEC-1095,379,0
3c664c1a,ELEC-1017,158,0
c630d297,ELEC-1071,217,0
9a5b8fb6,ELEC-1002,19,0
69445c9b,ELEC-1005,337,2
114c67fb,ELEC-1046,71,0
003e4918,ELEC-1096,110,0
8f827815,ELEC-1039,361,2
10b8f9d3,ELEC-1004,187,0
f65ea655,ELEC-1088,151,0
0cb4b9f1,ELEC-1058,256,0
5c69be78,ELEC-1082,137,1
0f1f696a,ELEC-1040,225,0
98c5312b,ELEC-1014,211,0
e81fe93e,ELEC-1078,309,0
1bd47df8,ELEC-1047,217,2
5bede6e5,ELEC-1029,277,2
c2fb9179,ELEC-1066,163,0
276f3246,ELEC-1054,255,2
454e6c75,ELEC-1097,118,1
e52a5afc,ELEC-1099,319,0
fe3de01f,ELEC-1078,323,0
260f0b34,ELEC-1063,88,0
952d4e2d,ELEC-1070,112,1
d0eda8c4,ELEC-1007,355,0
8b4fc01e,ELEC-1021,196,0
9a6b10c4,ELEC-1056,39,0
8542e683,ELEC-1077,117,0
882405f6,ELEC-1098,65,0
7b588f2b,ELEC-1085,218,0
4ea2b4e0,ELEC-1017,126,1
f08e1ba5,ELEC-1043,191,0
6cb207c8,ELEC-1085,44,0
97e24664,ELEC-1071,247,2
c73294ef,ELEC-1051,342,0
6b0f8695,ELEC-1020,365,0
2a58eb25,ELEC-1088,108,0
645a0b0c,ELEC-1042,293,0
962a18fd,ELEC-1041,365,1
f6864a65,ELEC-1051,169,0
5ac5a28d,ELEC-1056,397,0
7ec23013,ELEC-1065,264,0
f3ce5236,ELEC-1063,385,0
b3db3d63,ELEC-1040,61,0
d7acebda,ELEC-1076,126,0
54eb21f3,ELEC-1039,392,2
c1a1b688,ELEC-1002,191,0
98024084,ELEC-1014,342,1
56b6bd8f,ELEC-1022,394,0
30aa675a,ELEC-1073,191,0
2c622981,ELEC-1007,198,0
12f349cd,ELEC-1006,353,0
027cb1d5,ELEC-1037,229,0
4944e20f,ELEC-1052,166,0
a7b82e81,ELEC-1053,253,0
d6141e03,ELEC-1093,215,1
2ccc578b,ELEC-1024,119,0
05504c90,ELEC-1092,14,0
f984c46b,ELEC-1050,263,0
4c827a91,ELEC-1063,17,0
640919cf,ELEC-1036,138,0
0bbc8002,ELEC-1008,191,0
d10fcb76,ELEC-1034,148,0
ebd75643,ELEC-1054,197,0
b85c6b97,ELEC-1033,185,2
71000761,ELEC-1086,287,0
a5704ad5,ELEC-1039,373,0
188e5c2e,ELEC-1077,193,0
d3286603,ELEC-1014,223,1
5f9a4a8f,ELEC-1060,71,0
9a045907,ELEC-1009,258,0
89bf4157,ELEC-1079,160,0
d53944dc,ELEC-1085,26,2
521cf012,ELEC-1018,30,0
2304e1f6,ELEC-1099,222,0
c668de98,ELEC-1033,33,1
b9877692,ELEC-1008,395,0
f590e45f,ELEC-1088,171,0
47a43238,ELEC-1014,341,1
80ad5a50,ELEC-1031,193,1
14953d9c,ELEC-1051,46,0
c0597561,ELEC-1085,227,2
9009a8fc,ELEC-1038,142,0
d1fd2ed9,ELEC-1028,86,0
01a3be78,ELEC-1072,184,0
46de27fe,ELEC-1024,190,2
6271673a,ELEC-1087,109,1
6ca018dd,ELEC-1010,394,0
df8c4b2f,ELEC-1027,197,0
6cd80e74,ELEC-1065,162,0
b098acc2,ELEC-1005,26,0
00d97187,ELEC-1016,91,0
20330f70,ELEC-1079,384,0
c26cc3d9,ELEC-1075,353,0
fc031834,ELEC-1059,80,0
1450b93c,ELEC-1047,219,0
a718d8bd,ELEC-1091,118,0
6676eb16,ELEC-1058,375,0
edbc6b47,ELEC-1055,95,1
69878e4f,ELEC-1064,351,0
9ed3ae42,ELEC-1011,55,0
617a7f5d,ELEC-1010,391,0
e6a961fb,ELEC-1014,323,0
045ab8cb,ELEC-1014,359,0
becc23ff,ELEC-1044,367,0
fbfe2b5b,ELEC-1055,94,0
74255e03,ELEC-1011,207,0
2fdb97e2,ELEC-1056,363,0
027b4016,ELEC-1026,280,1
c20521db,ELEC-1030,133,0
1cd69417,ELEC-1036,299,0
9994101e,ELEC-1095,139,1
1ebeb7d8,ELEC-1014,299,0
7e139fc4,ELEC-1048,78,0
30fa42bd,ELEC-1009,183,0
5e8793b6,ELEC-1011,224,0
4e864f9c,ELEC-1006,17,0
eecb5b66,ELEC-1026,75,0
564b12db,ELEC-1041,37,0
ea553a6e,ELEC-1007,87,0
28ab4377,ELEC-1060,19,0
9d5911cc,ELEC-1087,345,1
db2129d7,ELEC-1048,306,0
a281f25e,ELEC-1009,208,0
58f07cf0,ELEC-1091,279,1
e739997f,ELEC-1023,167,0
631f2192,ELEC-1063,256,0
fff0f265,ELEC-1019,244,1
73b51cc1,ELEC-1076,370,0
20a0ab5a,ELEC-1068,370,2
80b136ee,ELEC-1037,375,1
9c8bf18a,ELEC-1096,227,0
3736d619,ELEC-1031,23,0
99122a2e,ELEC-1008,216,0
17088131,ELEC-1088,384,0
2e2ff882,ELEC-1026,215,0
c2cc80ed,ELEC-1078,76,0
09f5810e,ELEC-1065,318,0
cf74da61,ELEC-1050,113,0
585d194e,ELEC-1037,129,0
c1d326b8,ELEC-1030,96,2
0c698b06,ELEC-1069,207,0
bcfa93e6,ELEC-1097,88,0
efa4dc4c,ELEC-1053,246,0
03fc1a23,ELEC-1086,327,0
c692030c,ELEC-1054,86,0
6d367a02,ELEC-1037,254,0
23760cb6,ELEC-1062,249,0
05557da4,ELEC-1044,87,0
503aa39e,ELEC-1040,338,0
dac254be,ELEC-1061,94,0
fc3ec92f,ELEC-1041,142,0
2889d095,ELEC-1005,263,0
30764fc2,ELEC-1098,112,1
8bc258c4,ELEC-1050,236,2
3a3745fa,ELEC-1069,343,0
9c89836e,ELEC-1012,229,2
f83d7b8b,ELEC-1004,32,0
0310e851,ELEC-1086,137,0
1c280688,ELEC-1095,140,0
159da716,ELEC-1065,48,2
2f5a5c74,ELEC-1021,37,0
1a4dd03c,ELEC-1057,75,0
ce95c233,ELEC-1026,61,0
cb122c6d,ELEC-1067,373,0
8310996a,ELEC-1096,21,0
7a3a3828,ELEC-1092,154,0
b606b0e3,ELEC-1067,244,0
4f138fdd,ELEC-1064,116,0
95e33176,ELEC-1042,91,0
dab8c9e8,ELEC-1008,43,0
fad04001,ELEC-1032,145,1
30c56ca8,ELEC-1066,386,0
f364437e,ELEC-1036,85,2
2def0eab,ELEC-1049,398,1
2c771e43,ELEC-1083,272,0
d49432ee,ELEC-1052,127,0
ed72c8bc,ELEC-1002,195,1
5f0522de,ELEC-1062,295,0
3a973d45,ELEC-1066,208,0
d04df283,ELEC-1039,362,1
8c02ef8d,ELEC-1086,196,0
2e45c07a,ELEC-1003,11,2
648aac58,ELEC-1038,145,0
1f9f364c,ELEC-1013,310,0
f9101c52,ELEC-1072,234,0
f434f772,ELEC-1090,68,0
dbd261ce,ELEC-1045,285,0
1f6cec93,ELEC-1086,104,2
cd994a11,ELEC-1054,178,2
02e500d9,ELEC-1027,158,2
781c86d5,ELEC-1029,174,0
bf8aaba2,ELEC-1041,322,0
7aa4cc55,ELEC-1087,213,1
27dc0817,ELEC-1059,144,0
4f9bcefd,ELEC-1029,203,0
f68f71c1,ELEC-1023,327,0
7ac6ec0f,ELEC-1091,280,2
6482a0f7,ELEC-1066,224,1
5942c7d4,ELEC-1093,39,1
a73add4f,ELEC-1015,291,0
a961ca52,ELEC-1065,104,0
367ff308,ELEC-1082,344,0
4bc2841b,ELEC-1033,292,0
260543f9,ELEC-1033,181,0
4545eae5,ELEC-1083,164,0
247cadc6,ELEC-1065,379,0
ee32c729,ELEC-1027,318,0
51941c94,ELEC-1085,23,0
2406b77f,ELEC-1061,59,0
dae0cc01,ELEC-1057,156,0
ac9414f1,ELEC-1087,393,0
7d836c3e,ELEC-1098,274,0
13cc28a3,ELEC-1070,64,2
ace1700b,ELEC-1010,254,0
35865ce2,ELEC-1015,383,2
5f331623,ELEC-1018,163,0
23c9b26f,ELEC-1083,248,0
b690ef4e,ELEC-1063,197,0
8f53ed8e,ELEC-1084,28,0
9e8a3097,ELEC-1083,89,0
59160f0f,ELEC-1081,281,2
a430eb02,ELEC-1094,69,0
b92ad358,ELEC-1049,16,0
aa88996a,ELEC-1046,370,0
5ab653d5,ELEC-1012,269,0
a70f1aed,ELEC-1063,308,0
6ab244b0,ELEC-1093,178,0
4b54d76d,ELEC-1066,318,0
e702dce6,ELEC-1003,153,0
baaae90e,ELEC-1052,230,0
69cd2a86,ELEC-1006,109,0
605137c0,ELEC-1060,14,0
48757033,ELEC-1002,195,0
888aeb81,ELEC-1090,348,0
b48a3962,ELEC-1070,290,0
912ce8e5,ELEC-1025,119,0
9c1e2181,ELEC-1059,340,0
33711eb5,ELEC-1044,350,0
34560b5b,ELEC-1038,383,0
a656900d,ELEC-1004,323,0
d2dfeb8f,ELEC-1096,370,0
f5d17be7,ELEC-1064,321,0
6c2d0f47,ELEC-1078,270,0
616d04cb,ELEC-1039,78,0
4032fa9f,ELEC-1043,356,0
65685428,ELEC-1029,42,0
d7f48261,ELEC-1021,89,0
5095949e,ELEC-1090,29,0
d0402c04,ELEC-1036,83,0
1f386fb5,ELEC-1094,365,0
48ebae7f,ELEC-1030,262,0
d7568ece,ELEC-1067,25,2
7a409a67,ELEC-1077,373,1
bd88a89f,ELEC-1033,298,0
c135d083,ELEC-1074,210,0
491997ca,ELEC-1086,158,0
e724bcbd,ELEC-1017,84,0
b99dbca5,ELEC-1054,173,0
d1c5daee,ELEC-1079,124,0
3492f974,ELEC-1060,353,0
c3037702,ELEC-1010,89,0
b71732b3,ELEC-1055,132,1
34e88815,ELEC-1023,133,0
c38abef3,ELEC-1005,231,0
12fe33d4,ELEC-1030,326,0
241743e1,ELEC-1041,352,0
dc270a51,ELEC-1042,185,0
33401a3f,ELEC-1037,330,1
8b4782f3,ELEC-1067,272,0
dff0b36e,ELEC-1071,75,2
63a6b49a,ELEC-1013,198,0
fa2de591,ELEC-1015,329,0
08629975,ELEC-1023,362,0
a0777b25,ELEC-1056,27,0
7090ed52,ELEC-1077,291,1
70ec2d32,ELEC-1047,102,0
09aca822,ELEC-1023,106,0
3a580939,ELEC-1090,165,0
b6b502ed,ELEC-1086,88,0
fc546bf7,ELEC-1050,59,0
15437c05,ELEC-1065,60,0
e6bf51b6,ELEC-1066,114,0
5648e2fd,ELEC-1044,153,0
eb88b074,ELEC-1027,342,0
1e421b09,ELEC-1019,335,0
9acf6035,ELEC-1023,60,1
eadc1195,ELEC-1028,320,0
059071c1,ELEC-1073,127,0
10591157,ELEC-1029,87,0
755dae31,ELEC-1006,35,0
c05304ed,ELEC-1072,74,0
e98aed07,ELEC-1013,275,1
114d3ecc,ELEC-1017,235,0
fcb0e4b5,ELEC-1087,314,0
69089204,ELEC-1002,204,0
30574c45,ELEC-1070,132,0
e3d629b6,ELEC-1083,279,0
732a1a61,ELEC-1071,241,0
1dbb1d60,ELEC-1092,216,0
0f7187de,ELEC-1096,264,0
56f304b5,ELEC-1047,365,0
4ab05aa4,ELEC-1085,375,0
262d0fd6,ELEC-1029,382,0
d4471ce7,ELEC-1004,178,0
1f834f80,ELEC-1003,24,0
163f47c0,ELEC-1085,229,2
e5e1d15b,ELEC-1034,296,0
c65ae33d,ELEC-1085,332,0
647c889b,ELEC-1056,232,0
541d3509,ELEC-1095,44,0
903b113a,ELEC-1068,249,2
9081f79a,ELEC-1055,43,0
efbee955,ELEC-1012,135,0
02184bb8,ELEC-1072,238,1
de0ae464,ELEC-1045,72,0
d9b33c61,ELEC-1057,171,0
38fcd8dc,ELEC-1052,124,1
26d2305e,ELEC-1098,11,0
2516afa5,ELEC-1080,32,0
5b9d517d,ELEC-1082,155,0
3dbd03f7,ELEC-1006,169,0
1a2e5c2b,ELEC-1061,141,1
aa40abbb,ELEC-1065,205,2
ed844aa2,ELEC-1015,227,1
8ba2676b,ELEC-1056,31,1
363cd845,ELEC-1039,33,2
997832f6,ELEC-1099,128,0
ade4b911,ELEC-1029,260,1
b4f141f1,ELEC-1070,272,0
00ddf65c,ELEC-1002,303,2
30c1fec2,ELEC-1051,231,1
4b614713,ELEC-1005,188,0
490bda01,ELEC-1082,382,2
b35d310a,ELEC-1061,248,0
9ff1a697,ELEC-1004,346,0
4c9d32f1,ELEC-1071,177,0
57334856,ELEC-1085,326,0
a3e54463,ELEC-1035,198,0
87150c83,ELEC-1073,44,0
af75786d,ELEC-1086,187,0
f95680fb,ELEC-1093,384,0
451ae2e2,ELEC-1082,117,1
1c56875f,ELEC-1060,251,2
2c9d38d8,ELEC-1082,110,1
821983bc,ELEC-1042,381,0
fac29ae5,ELEC-1041,174,0
d1868288,ELEC-1071,180,0
b41b816e,ELEC-1006,23,0
e9de1cf9,ELEC-1071,306,0
31fe2369,ELEC-1087,333,0
3bff2c22,ELEC-1038,336,0
432b6bc7,ELEC-1089,129,0
6aa6f31b,ELEC-1080,23,0
b15d6081,ELEC-1028,305,0
28056057,ELEC-1002,29,0
7657123d,ELEC-1036,20,0
91b3968c,ELEC-1058,173,0
128f27a1,ELEC-1005,329,0
7ee280c1,ELEC-1094,18,0
c185c343,ELEC-1072,240,2
d8fd790d,ELEC-1043,276,0
deba4bff,ELEC-1006,137,0
0842634f,ELEC-1061,271,0
9c9036c6,ELEC-1013,188,0
f8851689,ELEC-1092,260,0
e07b5b63,ELEC-1004,65,0
1d3f2cfb,ELEC-1005,337,1
512d9354,ELEC-1018,41,0
0ecc0852,ELEC-1014,88,0
48819a89,ELEC-1005,69,0
a0a77458,ELEC-1060,371,2
1d341b06,ELEC-1047,64,0
1402a2fb,ELEC-1032,39,0
f450f9e6,ELEC-1050,13,2
37fa8097,ELEC-1014,201,0
c9cea42a,ELEC-1057,353,0
9d396610,ELEC-1082,50,0
bc61ef5d,ELEC-1081,151,0
17226452,ELEC-1033,100,2
3a4b3dea,ELEC-1050,377,0
b3511849,ELEC-1011,259,2
715a7871,ELEC-1004,273,0
076bba4a,ELEC-1003,137,0
d3007650,ELEC-1027,165,1
b01a8b1d,ELEC-1034,98,0
3513de75,ELEC-1016,239,0
9014ea50,ELEC-1003,164,0
bf9c2f9f,ELEC-1099,99,0
afb2ff49,ELEC-1088,250,1
33f7b69a,ELEC-1015,361,0
3b676f50,ELEC-1007,295,0
2f859a31,ELEC-1014,352,0
e2dbc95f,ELEC-1077,235,0
11c5eaf6,ELEC-1017,34,0
49e0a763,ELEC-1077,76,0
dda3a584,ELEC-1094,217,0
96383c68,ELEC-1044,346,1
a1a1de3a,ELEC-1035,332,0
84ce1b37,ELEC-1043,384,0
991dc24e,ELEC-1015,44,0
dc9abdce,ELEC-1064,321,2
8156b23e,ELEC-1076,248,0
67201401,ELEC-1055,268,1
68310626,ELEC-1001,356,0
24f3cee8,ELEC-1091,240,0
a3b7e07f,ELEC-1012,53,1
85580fc4,ELEC-1052,162,0
7f3b5bdf,ELEC-1029,176,1
d3bed354,ELEC-1050,364,0
68c5f029,ELEC-1096,375,0
c45c835a,ELEC-1092,98,0
4bf6451e,ELEC-1071,89,0
245916a3,ELEC-1037,151,0
692fc7ff,ELEC-1040,47,0
3eb2a35f,ELEC-1054,80,0
e95aa2ba,ELEC-1085,90,2
1690a6c5,ELEC-1033,372,1
9f556550,ELEC-1098,323,0
8847dc4c,ELEC-1024,35,0
415fb937,ELEC-1069,276,0
a1de9919,ELEC-1045,236,0
094948d7,ELEC-1019,159,0
1dcd9cfd,ELEC-1077,258,0
6c6b51eb,ELEC-1018,36,0
d015e8b9,ELEC-1017,280,0
c2e8b49a,ELEC-1007,56,1
a249bfc5,ELEC-1055,345,1
7775f765,ELEC-1066,110,0
81038383,ELEC-1010,149,0
c5efaa7e,ELEC-1000,65,0
2ba25708,ELEC-1036,79,0
fb929e6d,ELEC-1050,193,0
5d8f28fc,ELEC-1079,343,0
fe59e49d,ELEC-1095,295,0
42140a99,ELEC-1076,360,0
7a23ab54,ELEC-1017,277,1
7a9d3464,ELEC-1011,246,2
f9831652,ELEC-1059,86,0
791cc910,ELEC-1091,25,0
e9177a94,ELEC-1012,107,0
a6f8c1c7,ELEC-1014,297,0
0463c93e,ELEC-1079,246,0
aacc4f85,ELEC-1051,34,1
da0dbdf1,ELEC-1079,54,1
01d68b71,ELEC-1024,306,0
2db521b8,ELEC-1074,292,1
aa6942e8,ELEC-1004,73,0
cf46ba8d,ELEC-1059,298,0
875ba7a6,ELEC-1022,288,2
c225c289,ELEC-1072,329,0
15b432ae,ELEC-1021,398,0
03f566bc,ELEC-1036,152,0
bf2d40d9,ELEC-1064,142,0
78bc0d45,ELEC-1041,291,1
15c1cb76,ELEC-1013,320,0
9fea849a,ELEC-1094,33,0
28835e4d,ELEC-1005,291,0
8f41454b,ELEC-1022,36,0
0bb031fd,ELEC-1007,301,2
55605ef0,ELEC-1021,285,1
caccd117,ELEC-1031,356,0
e5d9b2ab,ELEC-1013,107,0
b9014ad1,ELEC-1057,183,0
acb19101,ELEC-1064,31,2
c156e250,ELEC-1081,59,0
034348e5,ELEC-1079,18,0
45097083,ELEC-1090,88,0
d5af4578,ELEC-1097,292,0
546db155,ELEC-1074,291,0
756def73,ELEC-1033,245,2
4b4dc1b8,ELEC-1018,204,0
df5f1e7e,ELEC-1065,89,1
d1a5e4d8,ELEC-1067,111,0
281da7ce,ELEC-1033,345,0
26ac536e,ELEC-1083,193,0
8fe9b692,ELEC-1062,70,2
b70b2071,ELEC-1095,40,0
0ed31d73,ELEC-1000,28,0
0d5e5727,ELEC-1040,261,0
130aa5a4,ELEC-1016,213,2
a76e0f6b,ELEC-1000,172,0
3cc1f12b,ELEC-1021,28,0
4cf54384,ELEC-1040,393,0
c24749f7,ELEC-1089,35,0
eb3a7d9b,ELEC-1051,94,0
d80d29e2,ELEC-1030,306,1
c521733f,ELEC-1026,147,0
52c6daff,ELEC-1067,251,2
cc77b8bd,ELEC-1033,58,0
9f10bb19,ELEC-1029,176,0
a6f2bdef,ELEC-1054,218,0
cfcdf7ab,ELEC-1051,285,0
c29861c1,ELEC-1046,242,0
2805f417,ELEC-1026,206,0
7a9f21c4,ELEC-1052,61,0
8b2716c4,ELEC-1017,356,0
76cc9470,ELEC-1039,154,0
99bf3c7f,ELEC-1039,50,0
d4ae5d0b,ELEC-1082,139,1
465062ba,ELEC-1068,63,0
ef2e781b,ELEC-1069,322,0
d9e18cbb,ELEC-1061,333,2
a78af848,ELEC-1088,374,0
877275f2,ELEC-1044,386,1
ebb83686,ELEC-1050,390,0
abb86b39,ELEC-1046,360,0
96402928,ELEC-1018,120,2
b823aac0,ELEC-1047,123,0
e757e6e8,ELEC-1074,23,2
711ca090,ELEC-1072,121,0
a533054f,ELEC-1031,191,0
98abb4bd,ELEC-1012,178,0
75000e64,ELEC-1094,77,0
d1bf881f,ELEC-1027,396,0
b9e86d83,ELEC-1085,165,0
2622b9f3,ELEC-1010,112,0
62fdb783,ELEC-1048,194,0
117a535f,ELEC-1074,36,0
ee66f7ea,ELEC-1029,135,2
dd3717f8,ELEC-1080,48,1
6c0786fd,ELEC-1074,373,2
434f00fb,ELEC-1091,113,2
91c0b2e6,ELEC-1043,257,0
e570bfd9,ELEC-1075,112,0
bb6e42bf,ELEC-1063,245,1
7a176f51,ELEC-1067,259,0
668e1fd6,ELEC-1076,399,0
e5688129,ELEC-1004,259,0
43bd4bc2,ELEC-1086,110,0
1603f95f,ELEC-1070,385,2
50729216,ELEC-1007,190,0
98665087,ELEC-1058,324,2
51575439,ELEC-1092,288,0
1be4a822,ELEC-1010,109,0
1a4252a8,ELEC-1073,195,0
6c1597a0,ELEC-1021,373,0
23799667,ELEC-1076,225,0
256f90ba,ELEC-1004,338,0
dbfa55ae,ELEC-1035,72,0
06a5963e,ELEC-1007,56,0
e50168f3,ELEC-1082,310,0
3b457c55,ELEC-1075,209,0
aa18d044,ELEC-1032,197,0
67925b1e,ELEC-1019,321,0
f6ff8291,ELEC-1052,159,0
032159ab,ELEC-1036,113,0
de78dddf,ELEC-1046,362,0
54eab0a6,ELEC-1026,120,1
7c068ec8,ELEC-1028,191,0
f985e45c,ELEC-1005,332,0
497cf3af,ELEC-1020,381,2
af22e3aa,ELEC-1029,80,1
e9a966fc,ELEC-1099,364,2
3b1bb4fd,ELEC-1037,66,1
f1749ab1,ELEC-1068,160,0
a4637a98,ELEC-1021,242,0
570bc8c4,ELEC-1010,304,0
79188010,ELEC-1016,249,0
e20e85d5,ELEC-1013,390,1
076450c2,ELEC-1050,307,0
6f3d2ed7,ELEC-1090,35,0
2218a70e,ELEC-1010,45,0
3d55ba21,ELEC-1020,54,0
48afa8cf,ELEC-1087,46,0
45d084fa,ELEC-1039,209,0
3bb832b2,ELEC-1042,48,2
05ccc9e5,ELEC-1066,356,1
d73c4c3e,ELEC-1032,298,0
ff7bb584,ELEC-1035,43,0
0400834c,ELEC-1072,397,0
816a8d89,ELEC-1099,329,0
011c18c0,ELEC-1035,357,0
17892724,ELEC-1011,274,0
d0c4b3ac,ELEC-1083,242,0
d1e6f612,ELEC-1075,393,2
32fa2c99,ELEC-1064,56,1
ff9b19e5,ELEC-1081,364,0
8a6ab98f,ELEC-1018,91,1
a78df6a6,ELEC-1080,168,0
697c300e,ELEC-1062,286,2
4add0ee5,ELEC-1022,283,0
68fd7061,ELEC-1057,334,0
993c9f3b,ELEC-1017,102,1
a1501923,ELEC-1065,308,0
b84d12c7,ELEC-1029,106,0
46cdd5de,ELEC-1079,352,1
f4829a61,ELEC-1065,215,0
d4ad20be,ELEC-1017,285,0
67af0bf1,ELEC-1037,376,0
7239fb57,ELEC-1092,373,0
e8f6876e,ELEC-1007,178,2
efb90930,ELEC-1077,267,0
f3ef49d8,ELEC-1020,144,0
a5239f00,ELEC-1001,34,0
da4b58ec,ELEC-1030,21,0
9c17d166,ELEC-1089,150,0
1b607af7,ELEC-1094,385,0
68c3f276,ELEC-1075,338,0
5bd94794,ELEC-1003,356,0
fed7ad4c,ELEC-1075,214,0
3b8bf28e,ELEC-1098,186,0
287922cd,ELEC-1001,139,0
a9d6f056,ELEC-1023,15,0
62286b61,ELEC-1087,212,0
b5dd4473,ELEC-1099,269,0
c39259f7,ELEC-1094,100,0
66499bbb,ELEC-1064,254,0
d87f2060,ELEC-1091,249,0
73b69167,ELEC-1089,93,0
79132e34,ELEC-1060,345,0
40678f78,ELEC-1083,342,0
bb7019f7,ELEC-1073,197,2
c1cb4249,ELEC-1057,56,0
ed3c839a,ELEC-1010,67,0
e1ac4ee7,ELEC-1040,372,0
5ff99515,ELEC-1039,342,2
b968c3c1,ELEC-1042,95,0
89fbb008,ELEC-1088,392,0
a08872d0,ELEC-1090,124,0
5a81d206,ELEC-1016,194,0
a54cb5ea,ELEC-1051,99,0
e832fcb6,ELEC-1068,356,1
41771b7e,ELEC-1080,206,1
844fe921,ELEC-1000,97,1
b74787b5,ELEC-1036,226,0
cb45db92,ELEC-1034,141,0
90cd6ce1,ELEC-1072,123,0
c9534c2d,ELEC-1032,170,0
f3f090ba,ELEC-1067,38,2
a8c9f1a6,ELEC-1009,172,0
6149f19c,ELEC-1038,398,0
67aa8671,ELEC-1091,138,0
c8b49f18,ELEC-1022,281,0
c140b318,ELEC-1089,320,0
7fbad3bd,ELEC-1089,254,1
66404dae,ELEC-1066,172,0
2bbb9536,ELEC-1055,85,0
8528b2db,ELEC-1052,294,0
d4949f51,ELEC-1021,59,0
f1a90f62,ELEC-1085,345,0
42b4138a,ELEC-1025,189,0
86ede191,ELEC-1040,124,0
e40b5922,ELEC-1063,285,0
08f18d0b,ELEC-1026,224,0
f32282df,ELEC-1074,292,0
1371cb59,ELEC-1041,137,0
ae46712a,ELEC-1038,305,0
27e6822b,ELEC-1028,146,2
35a4ea30,ELEC-1015,48,1
98880b6c,ELEC-1034,361,0
bb62d634,ELEC-1040,83,0
ab6031e9,ELEC-1044,305,0
3c04fbe9,ELEC-1041,317,0
14e9e57e,ELEC-1092,391,0
e11618c5,ELEC-1008,319,0
c754d3de,ELEC-1097,121,0
89551cb6,ELEC-1084,252,0
39072971,ELEC-1075,184,0
eb43973f,ELEC-1000,369,0
d63f5bd1,ELEC-1021,147,0
ebdba43a,ELEC-1039,147,0
56ab366a,ELEC-1040,129,0
138a0b02,ELEC-1013,114,0
dd843a4c,ELEC-1012,87,0
7b910822,ELEC-1052,285,0
4d93d1a1,ELEC-1004,380,0
c537fa2e,ELEC-1087,72,1
bc0b6bc8,ELEC-1055,180,1
5bfa02a8,ELEC-1007,135,2
db67aa4d,ELEC-1044,386,0
c0adf1b7,ELEC-1029,52,0
93cf085c,ELEC-1058,275,2
5c4bf327,ELEC-1029,276,2
d38125f7,ELEC-1003,222,1
b40de800,ELEC-1024,242,1
33d0a3a6,ELEC-1030,202,0
f5692eae,ELEC-1070,304,0
48485d49,ELEC-1095,60,0
2057afdd,ELEC-1041,123,0
86f53c48,ELEC-1038,371,0
d9a894c0,ELEC-1046,164,0
9af91644,ELEC-1013,232,0
ae6423fd,ELEC-1013,308,0
c69069cc,ELEC-1050,218,0
599bf4f5,ELEC-1007,260,2
006ec55e,ELEC-1079,12,0
6a8f4f8c,ELEC-1090,348,0
85432f62,ELEC-1064,307,0
885c3ccf,ELEC-1049,79,2
613c5fa5,ELEC-1024,138,1
7b5260fc,ELEC-1028,310,0
2817326f,ELEC-1052,367,0
1c40e883,ELEC-1045,205,0
7cd5d98b,ELEC-1022,24,0
c29d7c40,ELEC-1048,215,0
9411c66b,ELEC-1078,260,0
c1fa5778,ELEC-1057,177,0
f10a800c,ELEC-1036,224,0
4cffed5a,ELEC-1066,211,0
cc0057b8,ELEC-1059,81,0
278b6b3e,ELEC-1080,58,1
bb30d0df,ELEC-1031,23,0
f76c22a7,ELEC-1028,387,0
6f6895da,ELEC-1018,188,0
0d56bb66,ELEC-1014,329,0
e13584b1,ELEC-1006,115,0
abf48eac,ELEC-1087,235,0
7d075d78,ELEC-1028,390,0
1afff6ad,ELEC-1012,165,0
8238c752,ELEC-1061,315,2
f0da0157,ELEC-1022,26,0
88d7cbfe,ELEC-1046,26,1
d352d56c,ELEC-1058,45,0
91ca31ba,ELEC-1029,284,2
f5045544,ELEC-1021,49,0
f9881e83,ELEC-1094,290,2
fc70d6af,ELEC-1052,29,0
7fa50b42,ELEC-1031,365,1
f994216d,ELEC-1018,177,1
d7bc8e11,ELEC-1000,94,0
b9650b6f,ELEC-1074,353,2
23b53f79,ELEC-1091,78,0
41fd4992,ELEC-1063,98,0
f581524e,ELEC-1048,131,0
84d393a0,ELEC-1059,69,0
be7840ea,ELEC-1059,367,0
17d27e69,ELEC-1039,194,2
21e376a8,ELEC-1060,235,0
3f9883b5,ELEC-1068,167,1
a5e64aba,ELEC-1008,113,0
b91f685c,ELEC-1003,231,0
69507f7a,ELEC-1065,62,2
18350e07,ELEC-1092,108,0
59b0327e,ELEC-1050,308,0
c175939a,ELEC-1047,119,2
22bf9633,ELEC-1024,205,0
98cac0ed,ELEC-1028,56,0
211d6eab,ELEC-1089,58,2
e83df51e,ELEC-1074,298,0
64f74ad1,ELEC-1031,250,2
76a0851b,ELEC-1008,361,0
fe29a8cf,ELEC-1003,97,2
da1e2047,ELEC-1016,123,0
4a48e97e,ELEC-1093,94,2
4e3af0e4,ELEC-1050,124,1
6e22abb1,ELEC-1070,367,0
1a204c4a,ELEC-1045,333,0
de20a5ff,ELEC-1042,139,0
41d43169,ELEC-1037,269,0
55599075,ELEC-1039,265,1
38e8e6a9,ELEC-1073,234,0
e5050342,ELEC-1038,263,0
b8a12a6a,ELEC-1062,199,0
98db22b2,ELEC-1018,342,0
3219530f,ELEC-1052,279,0
2ab814ff,ELEC-1037,241,0
662ea27d,ELEC-1082,192,0
527aaa07,ELEC-1080,254,0
d1604d6d,ELEC-1087,335,0
f3785e24,ELEC-1048,92,0
4e358150,ELEC-1094,273,2
cbd1bb48,ELEC-1099,113,0
123caee7,ELEC-1046,249,0
c06a1db4,ELEC-1003,253,2
74bf0944,ELEC-1025,256,0
ac2a310a,ELEC-1048,385,0
53e9e51d,ELEC-1071,285,1
4a6a6bb6,ELEC-1013,273,0
82350943,ELEC-1030,109,0
b3cf8dda,ELEC-1012,204,1
c822dbaa,ELEC-1040,158,0
d8dbc08c,ELEC-1050,363,1
7ac34c09,ELEC-1021,223,1
03dfc1be,ELEC-1074,229,0
38662e82,ELEC-1034,58,2
cad32604,ELEC-1045,195,0
5dac6f6b,ELEC-1035,224,2
c00c40e4,ELEC-1049,302,0
bc10836d,ELEC-1091,204,0
626e58f6,ELEC-1048,356,1
3ae2737e,ELEC-1038,195,0
2852e594,ELEC-1029,310,0
bd90067d,ELEC-1011,250,0
a8b8ed24,ELEC-1088,334,0
b6294630,ELEC-1010,149,0
95c68af5,ELEC-1078,376,0
b19e0a92,ELEC-1094,312,1
11efa51a,ELEC-1095,398,0
b7dca5fc,ELEC-1071,341,0
c2b0cef8,ELEC-1011,61,0
e73d3b06,ELEC-1081,354,0
947ee49e,ELEC-1019,392,0
ca3252a5,ELEC-1029,389,0
a986e175,ELEC-1075,304,0
bc4ab1c6,ELEC-1026,344,0
3c003d60,ELEC-1079,186,0
e4df17d2,ELEC-1055,173,0
7cb6ef0e,ELEC-1047,116,1
d780dadb,ELEC-1039,120,2
2f4fefe1,ELEC-1094,124,0
6387a077,ELEC-1096,304,0
c6ef0e3e,ELEC-1074,93,0
1a897556,ELEC-1080,57,0
848c94d5,ELEC-1069,389,0
6fedde42,ELEC-1047,269,0
24f4e1c5,ELEC-1087,71,1
25f4b769,ELEC-1037,255,0
885a571f,ELEC-1080,249,0
d43b5657,ELEC-1009,346,0
82be9a6b,ELEC-1042,326,0
e7434afb,ELEC-1086,150,0
a269d40c,ELEC-1006,28,0
73d224bb,ELEC-1010,395,2
3aaf4af6,ELEC-1001,383,0
cbb5a2ef,ELEC-1041,237,1
d6136c81,ELEC-1040,27,0
dc84efcc,ELEC-1018,62,0
b2dbcc86,ELEC-1065,98,0
f81338c9,ELEC-1051,222,1
8036d01f,ELEC-1097,244,0
8606833d,ELEC-1087,242,0
5b88ed4f,ELEC-1020,315,2
6902cbdb,ELEC-1024,306,0
e2e34225,ELEC-1091,262,0
78406dea,ELEC-1060,363,0
5432505e,ELEC-1095,163,0
1574102b,ELEC-1027,70,0
e3afb9bf,ELEC-1014,193,0
c6abacb7,ELEC-1015,335,0
02112c4c,ELEC-1040,108,0
8a989c4a,ELEC-1056,393,1
cbde3db0,ELEC-1090,38,0
ed237d4f,ELEC-1064,259,0
0430dbd7,ELEC-1082,349,1
3a264b7b,ELEC-1052,99,0
3aafbfb4,ELEC-1031,379,2
64651145,ELEC-1016,374,0
45193571,ELEC-1002,14,0
220afcde,ELEC-1022,116,0
352ff9f7,ELEC-1084,198,0
300a5ee0,ELEC-1010,118,2
401d409d,ELEC-1003,266,2
f0281ecb,ELEC-1032,315,0
5233950f,ELEC-1019,262,1
3d6c4037,ELEC-1082,168,2
623ee28a,ELEC-1058,348,0
86c1411a,ELEC-1052,151,0
c1bc41da,ELEC-1031,108,0
1f649e36,ELEC-1066,323,0
015ae875,ELEC-1003,207,0
71730a2b,ELEC-1029,319,0
d2f5a699,ELEC-1027,354,0
f04d737e,ELEC-1081,39,0
ac0eaba9,ELEC-1098,177,0
d554a6d0,ELEC-1040,316,1
e59b0365,ELEC-1065,276,0
c674b2b8,ELEC-1012,360,0
df8fd12c,ELEC-1071,74,0
1d956152,ELEC-1074,378,0
d2333418,ELEC-1094,217,0
8aec87b0,ELEC-1004,123,0
457f480e,ELEC-1023,278,0
72851376,ELEC-1016,202,0
051d0cb6,ELEC-1034,281,0
194b89cd,ELEC-1022,197,1
90efac8d,ELEC-1039,200,0
e132beaa,ELEC-1049,65,0
ea9d0945,ELEC-1086,394,0
bf71fca2,ELEC-1054,279,0
a4436469,ELEC-1039,42,0
10a9072d,ELEC-1000,246,2
0cf53aee,ELEC-1066,17,1
33fbbbca,ELEC-1078,255,0
b3a15306,ELEC-1002,218,0
ed9b4de4,ELEC-1077,128,1
c2f875b0,ELEC-1034,157,0
fd34c8b7,ELEC-1081,200,0
224f47ef,ELEC-1084,75,0
581a8e0a,ELEC-1010,65,2
84ab0876,ELEC-1070,359,0
aeb23a22,ELEC-1006,306,0
4638a681,ELEC-1033,176,2
1e6d83d1,ELEC-1097,274,0
fc0b4578,ELEC-1090,310,0
74b2641e,ELEC-1016,138,0
590756b8,ELEC-1025,381,0
523738f7,ELEC-1079,271,0
923583e6,ELEC-1028,161,0
cfd7d8c8,ELEC-1058,141,0
a3b724dc,ELEC-1060,110,0
6c54d983,ELEC-1065,214,1
b2a61ff6,ELEC-1050,280,0
e8b3385d,ELEC-1072,119,0
5361c17f,ELEC-1051,89,0
55c1b127,ELEC-1065,376,0
038bfafc,ELEC-1019,274,0
481ad732,ELEC-1058,137,0
0c5ec011,ELEC-1051,207,1
c5df0ade,ELEC-1069,143,2
ab0ccedd,ELEC-1074,25,0
3802b475,ELEC-1091,277,0
13530430,ELEC-1043,81,0
9965f635,ELEC-1030,230,0
01443cad,ELEC-1035,287,2
e244c797,ELEC-1022,27,2
644e3f57,ELEC-1044,315,1
20a63c4c,ELEC-1065,375,2
03599654,ELEC-1027,396,1
c615bad2,ELEC-1068,105,0
031bce00,ELEC-1092,219,1
7fb27fa5,ELEC-1060,343,0
b4642943,ELEC-1076,162,0
150f9455,ELEC-1062,385,0
9f3adf8c,ELEC-1005,130,0
ae7e1d59,ELEC-1025,131,0
0dc391fe,ELEC-1060,246,0
6d57caf9,ELEC-1092,325,0
46f9c964,ELEC-1053,147,1
3cf31ed5,ELEC-1093,373,0
87db3a92,ELEC-1021,293,0
6b3661f2,ELEC-1080,208,0
eb85c329,ELEC-1014,392,0
0d6ead3b,ELEC-1024,224,0
7a578dc4,ELEC-1087,284,2
cb9c5e18,ELEC-1004,65,0
d596501a,ELEC-1013,205,0
5f0f4798,ELEC-1039,171,0
da65c0fd,ELEC-1057,358,0
f7947fe9,ELEC-1024,205,2
ecfdd9b2,ELEC-1028,152,0
d73cfe28,ELEC-1076,309,0
9755ebe1,ELEC-1009,137,0
4e68ac28,ELEC-1000,336,0
4d5193a4,ELEC-1066,37,1
eb66d273,ELEC-1048,324,0
992ce9c6,ELEC-1096,183,0
a743c415,ELEC-1010,302,0
567b7ea1,ELEC-1034,373,0
8d061a25,ELEC-1078,28,0
30e9bb6d,ELEC-1031,300,1
19a710e1,ELEC-1046,56,0
a4af2905,ELEC-1039,294,0
2d2a4a1a,ELEC-1016,118,0
d3ead0ba,ELEC-1050,209,0
f59e1b67,ELEC-1090,174,0
88aeec74,ELEC-1045,227,0
f83e20ee,ELEC-1049,54,0
f9dca697,ELEC-1097,231,0
b700d8df,ELEC-1088,67,2
8ad9dcc3,ELEC-1044,148,0
77b8d69d,ELEC-1026,55,0
f59163cd,ELEC-1060,392,0
8af3873a,ELEC-1093,123,0
6296dd5b,ELEC-1062,375,0
2a20d77f,ELEC-1033,180,0
466a9058,ELEC-1078,201,0
a71bf235,ELEC-1033,191,2
892fe5a1,ELEC-1079,29,0
e387ca98,ELEC-1012,136,2
8efa1ea3,ELEC-1069,318,0
5fb03a91,ELEC-1085,229,0
0e7f3b74,ELEC-1034,93,2
189de9b0,ELEC-1070,188,0
6a9e0cec,ELEC-1002,142,1
de2a6727,ELEC-1040,214,1
c688ebd2,ELEC-1067,302,0
7a852df3,ELEC-1065,59,0
4ff432d2,ELEC-1099,220,2
084d5001,ELEC-1055,93,1
fb65f36e,ELEC-1053,170,2
da0b6f78,ELEC-1022,274,1
dfb86c29,ELEC-1058,135,1
e4639a71,ELEC-1061,392,0
a673bb52,ELEC-1075,217,0
01e37c20,ELEC-1032,308,0
a1f01fd7,ELEC-1086,204,0
5b5823c8,ELEC-1042,192,0
77a79fda,ELEC-1006,82,0
7e8e4cbc,ELEC-1070,202,1
2c246926,ELEC-1046,27,0
7da24ce9,ELEC-1043,15,0
991a9bad,ELEC-1023,287,0
39585c03,ELEC-1024,143,0
9e1542e9,ELEC-1057,286,0
4b823d86,ELEC-1019,151,0
3fcd26a3,ELEC-1031,348,2
08ce60cd,ELEC-1030,313,0
f9f5a5df,ELEC-1082,342,0
0d597c4d,ELEC-1019,106,0
2ade60b3,ELEC-1098,154,0
b4e27afd,ELEC-1072,54,0
3bf0d776,ELEC-1012,363,0
1a171a6f,ELEC-1098,262,2
1b86e281,ELEC-1086,358,0
53c78b85,ELEC-1012,71,0
8ef66074,ELEC-1079,133,0
51168da9,ELEC-1006,220,0
82dead5a,ELEC-1090,242,0
399c18d6,ELEC-1000,77,2
9baaa84b,ELEC-1035,63,0
568d3b77,ELEC-1008,73,0
46973b6e,ELEC-1005,381,0
de003a3c,ELEC-1091,29,0
c75eec39,ELEC-1034,156,0
4c64ea07,ELEC-1077,341,0
016dac89,ELEC-1042,382,2
7635b13a,ELEC-1027,237,1
38d15cb9,ELEC-1079,196,0
14528178,ELEC-1029,168,0
6250a574,ELEC-1087,58,0
c8f11dc5,ELEC-1005,81,0
84916316,ELEC-1053,277,0
9563356e,ELEC-1027,358,0
aee89114,ELEC-1006,283,0
1c995682,ELEC-1017,143,0
eecc52f0,ELEC-1091,188,1
d116a207,ELEC-1017,166,0
cddcfb9f,ELEC-1033,295,2
35d67f49,ELEC-1010,94,0
66dc9933,ELEC-1099,327,0
5b726cab,ELEC-1055,114,0
5eeda43b,ELEC-1009,108,0
48d77189,ELEC-1067,18,0
907d939f,ELEC-1032,163,0
a9cdaed8,ELEC-1002,311,0
a6acd05c,ELEC-1083,64,0
02240a04,ELEC-1070,222,0
29c2696e,ELEC-1007,72,2
d023b392,ELEC-1081,24,0
9e947a80,ELEC-1056,232,0
2075cf59,ELEC-1046,272,0
1e784a62,ELEC-1052,254,0
fe5eeace,ELEC-1058,231,2
7293825c,ELEC-1027,329,0
f92498d5,ELEC-1016,275,0
5a7cad76,ELEC-1024,269,1
74084a06,ELEC-1039,174,0
631c6a63,ELEC-1081,148,0
7ab4c236,ELEC-1091,381,0
19476548,ELEC-1023,397,1
6b44f0be,ELEC-1000,78,0
d5bd310b,ELEC-1037,24,0
5422352a,ELEC-1087,353,1
30460722,ELEC-1041,355,0
70312bb5,ELEC-1035,48,0
dd8f0cd7,ELEC-1024,208,0
4710b40e,ELEC-1079,92,0
645ac491,ELEC-1001,300,0
3feed0c3,ELEC-1063,259,0
00770b82,ELEC-1098,280,0
7a443143,ELEC-1091,96,2
824bfa28,ELEC-1063,335,0
0cf2e608,ELEC-1039,138,0
9ae95151,ELEC-1082,262,2
6d6208bc,ELEC-1021,73,0
96a21a2d,ELEC-1011,114,0
f3590f99,ELEC-1000,395,0
3247dfd2,ELEC-1073,96,0
f5c18b85,ELEC-1062,121,0
ccd21365,ELEC-1077,350,1
6cc93577,ELEC-1042,31,0
4ef497b5,ELEC-1024,225,0
e04ed71e,ELEC-1043,81,2
da1c85c2,ELEC-1037,223,1
0d9ff14b,ELEC-1055,56,0
20cd014e,ELEC-1088,184,0
10c2a7dc,ELEC-1007,41,0
05455f6c,ELEC-1068,386,0
c1801ca5,ELEC-1092,263,0
34eec111,ELEC-1097,72,0
bb9b1091,ELEC-1030,356,0
05007bf2,ELEC-1040,263,0
f29fd253,ELEC-1088,92,1
78c3a7d5,ELEC-1033,25,0
4df72af6,ELEC-1049,85,0
6416103c,ELEC-1003,393,1
53b37a8b,ELEC-1055,289,0
8c998d8b,ELEC-1093,24,2
fc92b6b8,ELEC-1002,137,0
579fe9ae,ELEC-1044,262,0
f8416152,ELEC-1043,37,0
97cf8a5f,ELEC-1084,206,0
9cfd2808,ELEC-1011,100,0
057ed11f,ELEC-1020,68,0
ace04acc,ELEC-1092,43,0
2b0de6c9,ELEC-1081,61,0
cb9f11be,ELEC-1091,362,0
d80c57ab,ELEC-1044,258,0
9a771f69,ELEC-1015,29,0
8481dcea,ELEC-1045,207,0
a3f2be65,ELEC-1003,69,0
4169b788,ELEC-1068,395,0
438f37ce,ELEC-1068,251,0
b7a3d7e2,ELEC-1039,71,2
c12fdbf5,ELEC-1064,127,1
5c28ab9a,ELEC-1097,364,0
0e5ceeeb,ELEC-1063,138,0
639411c5,ELEC-1089,21,0
1cf70dc0,ELEC-1054,101,0
5e4711a3,ELEC-1039,195,0
079da874,ELEC-1010,115,0
cb21a689,ELEC-1086,245,0
f01b9e36,ELEC-1021,109,0
75f82ab7,ELEC-1025,180,0
e4956409,ELEC-1061,13,0
76611875,ELEC-1062,268,0
b41bf823,ELEC-1030,370,0
f7be5933,ELEC-1038,79,0
81fa25aa,ELEC-1007,382,0
6a80a628,ELEC-1066,206,0
bdc10177,ELEC-1047,80,2
c8dd3216,ELEC-1067,305,0
0daf7d24,ELEC-1054,76,0
7b3b11fa,ELEC-1088,71,0
baaa772c,ELEC-1054,306,0
b5e4dfe2,ELEC-1036,71,0
d1c094be,ELEC-1075,393,0
3a18e817,ELEC-1087,237,0
11daacc7,ELEC-1079,348,0
e1c6090a,ELEC-1026,192,1
9c1adcf7,ELEC-1061,189,2
1fccef5c,ELEC-1086,13,0
25ccc0ce,ELEC-1056,132,0
3e93fdc6,ELEC-1011,12,0
96976317,ELEC-1066,101,0
8a8d0396,ELEC-1045,205,2
35d09795,ELEC-1092,350,1
53b3862a,ELEC-1027,13,0
6cb916ff,ELEC-1088,52,0
5fbccb32,ELEC-1027,60,0
565a48c7,ELEC-1050,70,1
e147a466,ELEC-1055,243,1
10f2c78a,ELEC-1078,78,0
8f155ea0,ELEC-1097,220,0
e77e2a3d,ELEC-1076,139,0
08500b7c,ELEC-1063,107,0
08512023,ELEC-1013,141,0
230587fd,ELEC-1082,118,2
c6713cea,ELEC-1071,342,0
24497b27,ELEC-1044,352,0
6d2e7bf4,ELEC-1053,199,0
fe2f66ae,ELEC-1054,367,2
096219e5,ELEC-1037,332,0
fc0632ac,ELEC-1048,316,0
8e2b003e,ELEC-1012,178,1
7bc28cb7,ELEC-1051,118,0
960cb9bb,ELEC-1025,328,0
bfbe0ed5,ELEC-1090,138,0
523d906c,ELEC-1092,188,0
db4147d1,ELEC-1077,154,1
74891182,ELEC-1072,314,0
7533f23b,ELEC-1007,104,1
07b17cfc,ELEC-1083,209,2
92797b0b,ELEC-1080,16,0
0d20a1f7,ELEC-1011,178,2
32919b28,ELEC-1064,389,0
1f6a9e3b,ELEC-1041,286,0
bd3baeaa,ELEC-1040,342,0
da3c12e5,ELEC-1004,378,0
fe608b6a,ELEC-1008,324,0
25864e62,ELEC-1047,238,0
208761f1,ELEC-1037,142,0
c84f129b,ELEC-1047,277,2
d59b3fab,ELEC-1096,346,0
e5210f4b,ELEC-1025,313,0
f2b9b4a4,ELEC-1056,316,0
e1741f3b,ELEC-1070,262,0
2def5e62,ELEC-1021,365,0
1aa14198,ELEC-1021,243,0
8068411e,ELEC-1071,15,0
bbfd2fdb,ELEC-1013,45,0
48ddcbc2,ELEC-1089,310,0
b01f27bc,ELEC-1068,358,0
ea2cad69,ELEC-1025,181,0
af9e3748,ELEC-1084,46,0
7f4e2ef2,ELEC-1007,50,0
e69509e8,ELEC-1075,38,2
c6ca0154,ELEC-1017,41,0
81bcd25f,ELEC-1022,175,0
85dad9fb,ELEC-1075,385,0
431cbaef,ELEC-1076,212,0
bf1b18c2,ELEC-1008,377,0
6e60ad79,ELEC-1012,15,1
1c14b361,ELEC-1079,168,0
a5e13a13,ELEC-1042,240,0
56714f6e,ELEC-1044,104,0
633cce69,ELEC-1046,330,0
d41ece56,ELEC-1086,353,0
651f15f4,ELEC-1031,365,0
bf8ca577,ELEC-1086,282,0
0daa8167,ELEC-1011,243,1
a6928c69,ELEC-1038,303,2
bbbe0ddb,ELEC-1033,154,1
79270f18,ELEC-1094,305,0
22ecc435,ELEC-1021,358,1
f173e6b1,ELEC-1005,269,0
661a93b9,ELEC-1020,183,0
427efa1c,ELEC-1025,257,0
9a1a3f8e,ELEC-1069,224,0
4719f87c,ELEC-1077,370,0
0249e5d5,ELEC-1039,237,1
6692cdec,ELEC-1020,391,0
5290a29f,ELEC-1088,332,0
545a439c,ELEC-1089,79,2
a6b87e61,ELEC-1084,52,1
a5a0f091,ELEC-1054,70,0
69e3cb56,ELEC-1053,294,0
fe05f545,ELEC-1061,35,2
270bcfc4,ELEC-1015,278,1
80983ca5,ELEC-1016,343,2
13cc3c66,ELEC-1097,225,0
c5718902,ELEC-1097,183,0
0807330b,ELEC-1025,43,0
e7c110ec,ELEC-1016,82,2
9c3a3b08,ELEC-1074,276,1
06d019af,ELEC-1017,301,0
cec0d65f,ELEC-1026,381,0
ce1a8932,ELEC-1099,245,0
02cc13c5,ELEC-1000,312,0
624693db,ELEC-1026,26,0
dd340f7a,ELEC-1070,391,0
49d12880,ELEC-1045,285,1
0261e40a,ELEC-1022,231,2
dbc56c44,ELEC-1083,22,0
328c17ae,ELEC-1053,225,0
fe06ee3d,ELEC-1012,395,0
5a14b138,ELEC-1072,313,1
e749c57b,ELEC-1028,84,0
597b99ad,ELEC-1034,127,0
b0b6d7ee,ELEC-1092,342,0
758866ea,ELEC-1030,330,0
0a8bc2d0,ELEC-1002,112,0
4bfe95ee,ELEC-1072,214,0
32395c22,ELEC-1071,320,0
2eabc846,ELEC-1051,303,2
a15942c7,ELEC-1009,161,0
9b4ded08,ELEC-1028,237,0
4f223a04,ELEC-1096,355,0
5268f370,ELEC-1020,184,0
2135eca7,ELEC-1076,166,0
d7d5415b,ELEC-1008,73,1
0eb9e5ce,ELEC-1077,49,1
819b324b,ELEC-1066,296,0
36a87dca,ELEC-1098,361,0
408580d4,ELEC-1037,379,0
6a2371a7,ELEC-1042,281,0
a0f7535d,ELEC-1073,219,0
7ccc2c89,ELEC-1052,274,0
5ac2c353,ELEC-1038,205,0
8b0aef4c,ELEC-1056,53,0
b70d594a,ELEC-1096,130,2
acdeaf5c,ELEC-1029,207,0
afed7a85,ELEC-1008,20,0
78131f3e,ELEC-1034,241,2
c4d270e8,ELEC-1087,108,1
4425d566,ELEC-1052,349,0
61988eb8,ELEC-1035,65,0
5dec1071,ELEC-1052,217,0
2ee6ac96,ELEC-1011,241,2
61246676,ELEC-1014,131,0
47edc5dd,ELEC-1024,245,0
6ae9f422,ELEC-1085,310,2
e099d6cf,ELEC-1081,28,0
f3d7a5bd,ELEC-1071,156,0
e95f9864,ELEC-1054,132,0
0c7566cf,ELEC-1084,48,0
8c6f54e8,ELEC-1067,321,1
c28077be,ELEC-1017,128,0
c1b5ef5e,ELEC-1083,194,0
dc6dfd20,ELEC-1084,330,0
103234c6,ELEC-1022,156,0
b3882ec8,ELEC-1047,235,0
76072b00,ELEC-1096,328,0
dc07be64,ELEC-1010,294,0
e4dbd969,ELEC-1086,354,0
e9d652b5,ELEC-1000,261,0
01ecac30,ELEC-1070,139,0
e5918cab,ELEC-1026,51,0
cd548b83,ELEC-1059,252,0
ad938310,ELEC-1055,385,0
07784d82,ELEC-1078,158,1
d4c4262c,ELEC-1034,194,1
5686792d,ELEC-1021,28,0
6f4f3557,ELEC-1066,368,0
2a27d2b0,ELEC-1085,118,0
fa6694c3,ELEC-1056,222,0
17ac25c4,ELEC-1025,398,0
23e5b013,ELEC-1018,338,2
c997f3e6,ELEC-1044,196,0
0c8f52d4,ELEC-1063,380,0
f39f8846,ELEC-1020,116,0
e1e1f3d3,ELEC-1022,202,0
313ba0fd,ELEC-1092,200,0
c631f150,ELEC-1019,307,0
12c95869,ELEC-1087,324,0
2ed3673a,ELEC-1014,119,0
ada847e9,ELEC-1086,114,1
3fbd35f1,ELEC-1038,261,0
b74748b5,ELEC-1072,350,0
4935f6ef,ELEC-1069,251,0
9aaa0593,ELEC-1021,53,0
9466fe1c,ELEC-1057,248,0
3f8a360e,ELEC-1055,51,0
2392a8c5,ELEC-1021,379,0
c2558892,ELEC-1040,162,0
02d0bd2b,ELEC-1032,397,1
82947ec3,ELEC-1073,124,0
57ef2b36,ELEC-1086,243,0
45b368e3,ELEC-1074,208,2
6f835844,ELEC-1011,231,0
3de0e58b,ELEC-1070,375,0
cb26ad2c,ELEC-1068,139,0
1081cc17,ELEC-1031,81,0
03f6e9b5,ELEC-1085,104,0
42c46e95,ELEC-1070,320,0
a1cf5376,ELEC-1060,202,0
90279241,ELEC-1083,54,2
94660939,ELEC-1099,91,0
8833b26c,ELEC-1003,351,2
234324e0,ELEC-1023,208,2
b68aa1cc,ELEC-1098,167,0
1d60a191,ELEC-1074,267,0
488e6497,ELEC-1011,174,0
a1d229d3,ELEC-1024,220,0
6dc5be83,ELEC-1065,164,0
769f2d17,ELEC-1013,50,0
b3b34784,ELEC-1067,134,0
fef9c734,ELEC-1039,76,0
68a96edd,ELEC-1023,188,0
2d070458,ELEC-1076,268,0
5ffc4f8e,ELEC-1051,22,1
7fecd7b3,ELEC-1008,340,0
6b15a8f6,ELEC-1045,54,0
e7630b80,ELEC-1015,149,0
d84916ec,ELEC-1040,390,1
8de788f8,ELEC-1061,130,0
17808181,ELEC-1077,83,2
ba51050b,ELEC-1013,76,0
ec3aadc1,ELEC-1017,261,0
8f4d7a69,ELEC-1065,63,0
d4b39995,ELEC-1018,152,0
d6037e07,ELEC-1047,387,0
a0225e49,ELEC-1087,223,1
85653f45,ELEC-1035,372,0
8038dd75,ELEC-1022,166,0
6f4da286,ELEC-1043,351,0
a5364028,ELEC-1039,63,0
1d255362,ELEC-1047,281,1
c2a6bec9,ELEC-1035,240,0
b183a7a8,ELEC-1085,150,0
a03cd1ec,ELEC-1079,73,1
68362262,ELEC-1008,366,1
014a8cc8,ELEC-1010,204,1
c548d5cb,ELEC-1011,280,0
c76895d6,ELEC-1022,251,0
8e90d116,ELEC-1020,347,0
a6436839,ELEC-1077,96,0
18a7cedd,ELEC-1054,50,2
d9ce4573,ELEC-1015,163,2
af439dee,ELEC-1004,388,1
309930b5,ELEC-1028,33,0
140c2490,ELEC-1026,373,0
ffb70eb6,ELEC-1004,200,0
90f6fd54,ELEC-1041,267,1
e0819f58,ELEC-1005,136,0
f9a1494b,ELEC-1006,246,0
da08143a,ELEC-1024,281,0
39f6d6e0,ELEC-1055,52,0
9477ea01,ELEC-1091,321,0
a3c21e2b,ELEC-1095,31,0
39c0dc59,ELEC-1036,269,0
ed99401e,ELEC-1044,255,0
40f18808,ELEC-1034,300,0
60f6f6b9,ELEC-1047,359,0
39a2cc00,ELEC-1072,316,0
f9cc05c9,ELEC-1022,55,0
10da8e40,ELEC-1094,302,2
64da6972,ELEC-1045,91,0
1d78eca7,ELEC-1030,252,0
ce699b59,ELEC-1096,42,0
2cb1eff1,ELEC-1051,278,0
5b72896e,ELEC-1055,351,0
21b33a5e,ELEC-1093,102,2
b4d72ba0,ELEC-1029,137,0
a7cfe4ff,ELEC-1032,185,2
10fa969e,ELEC-1058,212,0
1387c61e,ELEC-1095,254,0
eb8ccef0,ELEC-1042,156,0
a3c9ba59,ELEC-1054,15,1
4a4ade00,ELEC-1049,363,0
8f323c85,ELEC-1097,88,0
59b3b18c,ELEC-1023,175,0
5d8c026f,ELEC-1013,72,0
3af89894,ELEC-1017,143,0
6266b0d6,ELEC-1033,299,0
1620c886,ELEC-1022,318,0
9030f811,ELEC-1067,87,1
dbb979d0,ELEC-1014,75,1
38d5996c,ELEC-1046,181,0
a87ddb1f,ELEC-1087,200,1
05368e52,ELEC-1067,49,0
9b7cc138,ELEC-1086,357,0
3c110eff,ELEC-1022,17,0
1c018029,ELEC-1082,329,0
b42df7ed,ELEC-1089,173,2
e0a3a5e8,ELEC-1093,55,0
f57a0470,ELEC-1031,66,0
eeca27dc,ELEC-1008,389,0
26d85f97,ELEC-1041,88,0
09a940ef,ELEC-1028,200,0
469c14e5,ELEC-1094,313,2
5f368373,ELEC-1016,22,0
72a945f0,ELEC-1036,94,2
f4a03436,ELEC-1007,37,0
077fdf5f,ELEC-1043,328,0
ce41eee6,ELEC-1091,219,0
006acb06,ELEC-1057,392,0
1a6eb7e9,ELEC-1053,13,0
df1448af,ELEC-1043,170,0
e0cd905d,ELEC-1042,253,2
f07a7232,ELEC-1075,75,2
012c32f9,ELEC-1011,301,1
e28535e4,ELEC-1060,250,0
683c604a,ELEC-1049,343,0
8a64af0f,ELEC-1031,146,0
794b4860,ELEC-1096,134,0
34c91267,ELEC-1080,287,0
01ffd8ab,ELEC-1066,207,0
7b08f524,ELEC-1044,127,0
12f55c2b,ELEC-1046,225,1
4e10d846,ELEC-1019,145,1
66cd1954,ELEC-1062,372,1
c9ec577b,ELEC-1078,233,0
ab7ef18c,ELEC-1048,267,0
87163f62,ELEC-1044,68,0
39f9ae85,ELEC-1088,253,0
31da41fa,ELEC-1060,339,1
a6cc6cb7,ELEC-1004,197,1
7cd0fc7e,ELEC-1069,338,0
fe9b6524,ELEC-1078,164,2
2b57b680,ELEC-1053,155,0
b948d344,ELEC-1050,354,0
226656f0,ELEC-1072,263,0
c43d9e8b,ELEC-1014,186,0
b0a41bb9,ELEC-1071,215,0
3265dfd4,ELEC-1078,66,0
bd90ad51,ELEC-1048,56,0
a428e901,ELEC-1071,159,2
87e79884,ELEC-1031,226,0
53b56d71,ELEC-1037,80,0
88e80b89,ELEC-1091,380,1
bf5eb616,ELEC-1064,350,0
c0609e09,ELEC-1077,92,0
5838f5bf,ELEC-1028,318,0
1a3ecd18,ELEC-1060,387,0
5beadf1c,ELEC-1051,348,0
5c6df163,ELEC-1007,216,0
39a3932e,ELEC-1093,272,0
5906b198,ELEC-1043,349,0
1fdbb17d,ELEC-1087,396,0
999186fa,ELEC-1081,295,1
8cc7a3df,ELEC-1005,166,1
2a89b0ba,ELEC-1009,350,1
d46ce105,ELEC-1019,256,1
94a76429,ELEC-1091,383,1
168f9b43,ELEC-1001,172,0
19a54fef,ELEC-1098,358,0
beae72ab,ELEC-1095,41,0
c42f44c7,ELEC-1040,133,0
14e9215b,ELEC-1088,49,0
284acca7,ELEC-1007,305,2
343148f2,ELEC-1070,209,2
3e5745f7,ELEC-1093,116,0
840744ce,ELEC-1073,103,0
c06314b1,ELEC-1098,159,0
c8ecce06,ELEC-1047,52,0
bcea52db,ELEC-1012,88,0
f0c9fb66,ELEC-1065,90,0
39af8f05,ELEC-1052,117,0
e891ac72,ELEC-1040,367,0
daf79e48,ELEC-1037,93,0
c08b3131,ELEC-1076,385,1
9d84e5ad,ELEC-1055,332,0
e6a35946,ELEC-1072,399,0
85705301,ELEC-1075,331,0
2eed6cfd,ELEC-1060,250,0
287523c3,ELEC-1089,353,0
b5d67927,ELEC-1022,145,1
5d95e351,ELEC-1051,204,0
fa63ea86,ELEC-1041,94,0
32ddc235,ELEC-1043,139,0
88d16de2,ELEC-1073,106,0
067ba1f6,ELEC-1036,176,0
ae75ac9c,ELEC-1094,206,0
8606455e,ELEC-1061,315,0
b49f6c90,ELEC-1036,161,0
ff90f739,ELEC-1073,89,0
9926a81a,ELEC-1003,188,0
a63ecc3d,ELEC-1087,363,1
1787f0d7,ELEC-1028,22,0
3381d029,ELEC-1038,258,1
4dcf4246,ELEC-1028,323,0
889721c9,ELEC-1059,259,0
100034f6,ELEC-1078,365,0
37965008,ELEC-1017,66,1
bd3c1666,ELEC-1059,354,0
df881f22,ELEC-1014,118,0
2b5a4788,ELEC-1064,162,0
537f4fbc,ELEC-1007,267,0
36904c55,ELEC-1030,143,0
cc38d308,ELEC-1085,121,0
6ed67457,ELEC-1053,52,2
63a85766,ELEC-1019,24,0
6ae8eed9,ELEC-1072,237,0
0109f6c6,ELEC-1044,192,0
561e78b0,ELEC-1092,273,0
7f551690,ELEC-1071,129,0
e95ce68b,ELEC-1080,80,0
5a7772e4,ELEC-1007,199,0
8ac2246d,ELEC-1039,272,0
09428300,ELEC-1090,119,0
b6cfbceb,ELEC-1057,377,0
de4c8fab,ELEC-1096,276,0
6df98550,ELEC-1023,221,1
1f0ae0d4,ELEC-1052,154,0
f8bc8995,ELEC-1014,151,0
f9bf9d3c,ELEC-1006,242,0
77fb3c0b,ELEC-1075,362,0
0b172a5e,ELEC-1079,369,0
ed73165c,ELEC-1043,165,2
373ed3e0,ELEC-1008,295,0
54ca2d58,ELEC-1054,242,0
e309e62a,ELEC-1058,301,0
234647a0,ELEC-1010,18,0
a0adc36e,ELEC-1034,52,0
c3cba14b,ELEC-1011,168,0
2f357e50,ELEC-1099,209,0
d5f61cb3,ELEC-1080,99,2
224c7394,ELEC-1048,317,0
4964531d,ELEC-1070,134,0
ff7a7255,ELEC-1097,109,0
d8af2b4b,ELEC-1069,104,0
d5182326,ELEC-1006,203,2
e9a00488,ELEC-1078,28,0
d9015e1f,ELEC-1079,24,0
8f35e0e4,ELEC-1075,125,0
5d2abc2d,ELEC-1036,213,0
ac3b4223,ELEC-1035,115,0
7449394f,ELEC-1025,387,0
767a7604,ELEC-1099,89,0
21d8845e,ELEC-1027,382,0
c3c6e159,ELEC-1034,201,0
5b80a039,ELEC-1057,265,1
832036ed,ELEC-1076,65,0
85a70623,ELEC-1098,368,0
2eb0dbb8,ELEC-1019,352,0
13e06bd8,ELEC-1003,354,0
d708db43,ELEC-1081,166,0
88a3bebf,ELEC-1057,205,0
1475f95e,ELEC-1039,247,0
1e2279f1,ELEC-1019,22,1
ea8c81ee,ELEC-1008,297,0
11916b3b,ELEC-1097,220,0
96a4d7f2,ELEC-1069,319,0
10924334,ELEC-1069,374,0
e4c6d247,ELEC-1032,110,0
b5b79940,ELEC-1028,43,1
42d31d39,ELEC-1095,141,0
cb079d77,ELEC-1070,86,0
3e20afed,ELEC-1003,54,0
6e5b4566,ELEC-1012,196,0
9597b5bb,ELEC-1096,258,0
c20721ef,ELEC-1016,125,0
b7d6aa60,ELEC-1039,285,0
593bd9ba,ELEC-1066,129,0
43853227,ELEC-1088,266,2
62da9a04,ELEC-1069,392,0
34362c51,ELEC-1007,392,2
4a6d781b,ELEC-1070,41,0
e4c92646,ELEC-1054,259,0
3c12a726,ELEC-1093,165,2
16188d2d,ELEC-1091,72,1
70fe6080,ELEC-1053,201,0
fa270106,ELEC-1063,61,0
8ccb3b46,ELEC-1054,64,0
1ec3d5ef,ELEC-1044,76,1
4af046e4,ELEC-1016,48,0
67c32f2c,ELEC-1000,188,0
0f59e83f,ELEC-1057,322,0
4756a0af,ELEC-1051,104,0
3c941f8c,ELEC-1052,202,0
db166a32,ELEC-1025,205,0
57b4b07b,ELEC-1024,274,0
f755754b,ELEC-1078,343,0
2890b6ea,ELEC-1096,355,0
952528cc,ELEC-1015,35,0
1db0b3e3,ELEC-1037,228,0
03095aae,ELEC-1012,17,0
eec00c7d,ELEC-1094,264,0
51a6e7be,ELEC-1004,181,0
fe1ed629,ELEC-1027,318,0
98aab2f6,ELEC-1038,276,0
66f9a692,ELEC-1043,267,0
9efab87f,ELEC-1005,164,0
1df12b3a,ELEC-1061,57,1
1325ca8b,ELEC-1069,106,0
b7d85301,ELEC-1029,36,0
5843c820,ELEC-1084,370,0
60456020,ELEC-1028,230,0
d2611b2d,ELEC-1033,319,0
d382330a,ELEC-1079,279,0
b1168c15,ELEC-1038,186,0
3aa28075,ELEC-1049,184,0
e1983b6d,ELEC-1032,316,0
07a04fdf,ELEC-1028,178,0
b02cd0e7,ELEC-1069,109,0
c515af84,ELEC-1017,59,0
44b7d6b5,ELEC-1054,42,2
6cb7eefa,ELEC-1048,268,0
3c863127,ELEC-1002,53,0
0211f64f,ELEC-1045,141,0
3cb3c1c4,ELEC-1064,342,0
3c60174d,ELEC-1068,168,2
d7ccb16e,ELEC-1065,360,0
14daf795,ELEC-1005,268,0
a2495ecc,ELEC-1092,150,0
8db5b054,ELEC-1064,269,1
72c19bf6,ELEC-1008,164,0
c4e5c5ea,ELEC-1098,72,0
90ce7eb7,ELEC-1094,145,0
9b7e10a4,ELEC-1030,328,0
da50bd56,ELEC-1020,301,0
795a4217,ELEC-1093,249,1
e3e39ad8,ELEC-1010,227,0
91d8e2ca,ELEC-1018,329,1
0295b61b,ELEC-1042,144,2
edd0b61a,ELEC-1034,330,0
5fc27af8,ELEC-1041,81,0
5f505e33,ELEC-1056,34,0
86df1f5b,ELEC-1079,353,0
159e4f37,ELEC-1085,376,0
9e8026c3,ELEC-1025,87,0
e6e3be21,ELEC-1036,86,1
203775cd,ELEC-1094,256,0
1b2c04dd,ELEC-1024,225,0
3fc63d34,ELEC-1071,200,0
db201a69,ELEC-1059,253,0
fda8b409,ELEC-1057,309,1
8c335d64,ELEC-1086,127,1
8426a582,ELEC-1080,101,0
8c9a4dde,ELEC-1087,366,0
82dc2c4c,ELEC-1010,14,0
61eb36aa,ELEC-1055,269,0
aa66d306,ELEC-1012,124,0
27907f45,ELEC-1036,297,0
8c5c5461,ELEC-1047,193,0
533b4279,ELEC-1027,14,0
63a22dab,ELEC-1073,230,2
07e716df,ELEC-1042,234,0
6f88906f,ELEC-1055,35,0
d6a464ac,ELEC-1063,384,0
5348bc5f,ELEC-1078,293,0
e02afdb9,ELEC-1080,365,0
41bd1209,ELEC-1078,291,0
9cceb8a2,ELEC-1030,178,0
ee7acd7d,ELEC-1090,281,0
7d64afde,ELEC-1006,368,0
c834125c,ELEC-1092,142,0
cd169043,ELEC-1014,97,0
c5288c3c,ELEC-1005,129,0
a945d16d,ELEC-1008,98,0
726a8e24,ELEC-1005,352,0
e261e54e,ELEC-1064,361,0
2a0c1700,ELEC-1008,204,0
01a08b67,ELEC-1000,160,1
54473afa,ELEC-1086,179,2
ba69ae78,ELEC-1065,210,0
ec0a7f78,ELEC-1057,294,0
54e37762,ELEC-1094,31,0
b43097a2,ELEC-1026,365,0
490ee51c,ELEC-1059,36,0
2b59f7a2,ELEC-1052,93,0
79221d9f,ELEC-1064,233,0
bb3a2d91,ELEC-1034,335,0
4fe92d5d,ELEC-1004,211,0
44676b1e,ELEC-1091,321,0
ff0aecbb,ELEC-1046,86,1
c0ca4ee0,ELEC-1055,231,1
ff4e7833,ELEC-1004,306,0
3a15112d,ELEC-1026,63,0
ddb3a110,ELEC-1044,291,0
36109389,ELEC-1048,369,0
965ee2c1,ELEC-1002,336,0
00304bcd,ELEC-1010,70,0
dbc126c0,ELEC-1024,24,0
1227c08a,ELEC-1036,63,0
4c675189,ELEC-1062,349,0
e59e1b12,ELEC-1085,199,1
78252173,ELEC-1054,293,2
7b55f031,ELEC-1014,69,0
42a230f3,ELEC-1061,43,0
f3918940,ELEC-1065,75,0
8af9a103,ELEC-1032,336,0
2f6e13e9,ELEC-1004,198,0
348253d6,ELEC-1083,135,0
69951fb0,ELEC-1061,288,0
568bd98f,ELEC-1084,395,0
102dccf6,ELEC-1046,277,0
9ffe589b,ELEC-1079,360,0
0f5c2e43,ELEC-1081,22,2
e1263136,ELEC-1052,274,0
c46b3a85,ELEC-1019,387,0
d2edcaba,ELEC-1024,311,0
4d91aabf,ELEC-1094,197,0
2fc72fc9,ELEC-1014,327,0
4e579910,ELEC-1022,343,2
520c43fa,ELEC-1012,99,0
54fb91b6,ELEC-1010,174,1
8012598b,ELEC-1041,226,0
fb0d74b0,ELEC-1076,355,0
3cfff117,ELEC-1087,186,0
8f3d13b0,ELEC-1020,95,0
2ba6f677,ELEC-1068,95,1
0c49d316,ELEC-1091,101,0
a2669094,ELEC-1066,300,0
b83cf544,ELEC-1043,42,0
f85f74d7,ELEC-1073,44,0
1065d4ce,ELEC-1065,388,0
e5a55fd6,ELEC-1043,35,0
cc56c681,ELEC-1058,63,0
22194241,ELEC-1041,24,0
9066a8f7,ELEC-1085,164,1
f40986fb,ELEC-1049,166,0
410a02f2,ELEC-1066,189,0
e7b498bc,ELEC-1002,96,0
7057dccc,ELEC-1059,306,1
50021b80,ELEC-1067,271,0
b11bcc26,ELEC-1092,69,0
3c99a2a9,ELEC-1093,224,1
7c41931b,ELEC-1024,263,0
40da3a4d,ELEC-1012,86,0
22aec0bf,ELEC-1053,48,0
4ffa1642,ELEC-1051,266,0
0555171b,ELEC-1039,55,0
eecf19f3,ELEC-1037,101,0
428a220f,ELEC-1095,135,0
bee93014,ELEC-1087,115,0
b65eeca6,ELEC-1008,100,0
fb45277c,ELEC-1062,191,0
fdbbb9e7,ELEC-1030,189,0
8f230202,ELEC-1001,83,0
33fdc82f,ELEC-1053,75,0
863963a6,ELEC-1078,273,0
fdf5e51d,ELEC-1036,230,0
2b382469,ELEC-1098,340,1
e0f930f7,ELEC-1012,246,0
7c89f64a,ELEC-1098,148,0
ac1c2436,ELEC-1023,154,0
1c70caa4,ELEC-1071,134,0
091e423a,ELEC-1051,305,0
91ea5db0,ELEC-1008,125,0
d77e929b,ELEC-1044,201,0
c53a4f70,ELEC-1093,55,0
62762a22,ELEC-1048,188,0
d6570608,ELEC-1060,144,0
0887989f,ELEC-1040,87,0
9f5a2aa3,ELEC-1062,351,1
1b317d71,ELEC-1076,227,0
93aadb44,ELEC-1091,160,0
55b3cf00,ELEC-1019,381,0
15f63266,ELEC-1081,391,0
86fa30d6,ELEC-1090,222,2
71868f18,ELEC-1000,193,0
8672562b,ELEC-1033,308,0
22109e69,ELEC-1055,68,0
e1145c12,ELEC-1092,256,1
a29ca258,ELEC-1085,296,0
db7558b2,ELEC-1076,344,0
16bdc6da,ELEC-1068,142,2
7143b976,ELEC-1079,39,0
0d91d827,ELEC-1083,364,2
00a1193a,ELEC-1000,374,0
5e919a13,ELEC-1085,208,0
7dfe9ab7,ELEC-1061,268,0
f9be5a4c,ELEC-1063,78,0
d464ac6d,ELEC-1045,261,1
7d9a59b2,ELEC-1030,207,0
e979d455,ELEC-1046,12,2
5d2fdf03,ELEC-1086,78,0
7a88696f,ELEC-1015,369,1
12252038,ELEC-1053,373,0
019a72fb,ELEC-1037,396,1
3f4b280b,ELEC-1088,121,0
e713538b,ELEC-1016,66,0
15d900ae,ELEC-1098,268,1
1ec13704,ELEC-1003,26,0
08eb7dec,ELEC-1052,158,0
30941a49,ELEC-1024,306,0
bf96a5b0,ELEC-1088,226,2
1faa8f87,ELEC-1016,244,0
0eeb8e51,ELEC-1051,118,0
ae4df5dc,ELEC-1038,352,0
3e412581,ELEC-1004,337,0
7592e9bf,ELEC-1065,204,1
eb3f925d,ELEC-1009,79,0
00cf169e,ELEC-1025,66,0
84886bdf,ELEC-1049,146,1
234c39f3,ELEC-1002,395,0
6a932ab8,ELEC-1026,115,0
cd3b4e0c,ELEC-1074,374,1
868d7244,ELEC-1070,262,0
f706cbc9,ELEC-1059,55,0
02926f90,ELEC-1038,145,0
56305dce,ELEC-1006,133,1
1cff8b6e,ELEC-1024,308,2
182dd275,ELEC-1050,323,1
4315204e,ELEC-1064,227,0
23d51e76,ELEC-1082,375,0
58c427ce,ELEC-1035,268,0
f7bb4cb2,ELEC-1091,96,0
29d17880,ELEC-1022,371,0
d4c4607e,ELEC-1074,301,1
fbe6c672,ELEC-1053,177,0
3a18757c,ELEC-1001,237,0
3f853a9b,ELEC-1094,320,0
ba6a1b91,ELEC-1016,338,2
10665ca9,ELEC-1031,61,0
18f3a745,ELEC-1024,386,0
4e5f3598,ELEC-1016,20,0
16d82e79,ELEC-1007,125,0
c5842787,ELEC-1046,197,0
a7473db3,ELEC-1073,158,0
5c5234f8,ELEC-1027,273,1
4f7cb6f1,ELEC-1064,375,0
6bd584f2,ELEC-1013,275,0
2c22404d,ELEC-1089,105,0
a9618431,ELEC-1026,346,0
364958fe,ELEC-1090,53,1
1d2ebfa0,ELEC-1058,387,0
fc198833,ELEC-1094,331,1
c01b53e6,ELEC-1030,117,0
e6801461,ELEC-1087,344,0
c1e1326f,ELEC-1068,105,0
be7cccff,ELEC-1083,336,0
49c95246,ELEC-1019,325,0
c464d5f4,ELEC-1036,305,0
489b583b,ELEC-1005,162,0
0ad95bd1,ELEC-1052,209,1
477a8d1c,ELEC-1016,320,2
fe4d7bc2,ELEC-1079,309,1
8aa2dcb6,ELEC-1093,396,0
51c5bc20,ELEC-1008,131,0
81ebd704,ELEC-1079,80,0
ada79e69,ELEC-1055,152,0
5d3ca391,ELEC-1041,44,0
5797d768,ELEC-1073,212,0
26af6bdb,ELEC-1041,58,0
23a1f23b,ELEC-1064,22,0
b73e3ed9,ELEC-1053,15,0
cf9914e4,ELEC-1075,338,1
80b03587,ELEC-1064,32,0
b0c5f5b4,ELEC-1029,191,0
b866e66f,ELEC-1051,310,0
67f8ef92,ELEC-1086,56,0
c0161434,ELEC-1038,267,2
98ea470c,ELEC-1014,294,0
9f19b5bc,ELEC-1016,104,1
97bd7f82,ELEC-1047,52,0
e3320319,ELEC-1029,271,1
720ad79d,ELEC-1085,219,0
380b823a,ELEC-1078,218,0
2d1d0733,ELEC-1003,379,2
37a8e4a1,ELEC-1062,391,0
d2726a1b,ELEC-1081,365,0
e0f364b5,ELEC-1010,297,0
e5e7792c,ELEC-1055,337,0
2f519d0e,ELEC-1067,75,0
f3c82f5d,ELEC-1094,195,0
7edc170c,ELEC-1015,71,0
dee793ad,ELEC-1018,73,0
c5b68bf7,ELEC-1066,10,0
88b52b2a,ELEC-1031,38,0
e02c7012,ELEC-1080,143,0
cc9affe7,ELEC-1015,250,2
f2156c8b,ELEC-1064,181,0
77a66ab4,ELEC-1055,319,0
ea893645,ELEC-1062,118,2
33a71b68,ELEC-1021,145,0
4cb5e73e,ELEC-1022,156,0
aefe955a,ELEC-1097,264,0
363aef3b,ELEC-1073,250,2
3a590604,ELEC-1031,191,0
c88eb082,ELEC-1023,112,0
191fb03b,ELEC-1000,170,0
90cf0f7a,ELEC-1069,351,0
23bf5517,ELEC-1071,25,2
55677721,ELEC-1096,109,0
cf30a197,ELEC-1030,382,0
f6cf23ff,ELEC-1058,241,0
b6220e40,ELEC-1026,223,0
7f04a7b3,ELEC-1014,44,0
6101a52f,ELEC-1070,39,0
6e5df4af,ELEC-1071,254,0
a2d025ec,ELEC-1075,118,0
13c6eb9f,ELEC-1083,364,0
edda92f5,ELEC-1087,371,0
c6464a58,ELEC-1016,295,0
519cdafd,ELEC-1077,55,0
7d923163,ELEC-1097,145,0
24c34297,ELEC-1093,334,1
9337f750,ELEC-1050,72,0
51c9707d,ELEC-1070,10,1
3c2e4694,ELEC-1081,350,1
f9431245,ELEC-1061,154,2
2b03f6e8,ELEC-1025,161,0
805c7f64,ELEC-1080,384,1
17798a45,ELEC-1034,132,0
d5fee522,ELEC-1033,79,0
89b27f02,ELEC-1073,204,2
dcdf08d4,ELEC-1008,391,0
37bf1f53,ELEC-1032,355,0
ce236bd5,ELEC-1065,44,0
68dfc46f,ELEC-1012,165,0
e597ba61,ELEC-1025,308,0
94f5a077,ELEC-1015,384,0
fa9e6010,ELEC-1013,39,0
402a2018,ELEC-1083,82,0
20097b83,ELEC-1077,20,0
3c1e5a99,ELEC-1073,178,0
5e1bb796,ELEC-1069,271,0
dfb4af4c,ELEC-1024,143,0
834a4de7,ELEC-1091,354,0
c15a89d7,ELEC-1040,207,1
539f092b,ELEC-1080,217,0
a2571ecd,ELEC-1093,318,0
5b69d538,ELEC-1082,384,0
4f668f31,ELEC-1018,339,0
06a90c87,ELEC-1022,306,2
7a15d2da,ELEC-1004,101,0
9ef0ba09,ELEC-1075,79,0
3bbfb79d,ELEC-1063,17,0
372e6107,ELEC-1005,382,0
7f0e02af,ELEC-1005,223,0
fb8a0443,ELEC-1023,236,0
385d5617,ELEC-1033,14,0
42aa830b,ELEC-1031,134,0
d562a1ee,ELEC-1069,207,0
e984352c,ELEC-1002,358,0
c4a1580c,ELEC-1033,300,0
22afd3db,ELEC-1025,114,0
24683dd2,ELEC-1020,366,0
1b4ab951,ELEC-1030,274,2
3c626120,ELEC-1044,222,0
af503ba9,ELEC-1025,359,0
a4246e3f,ELEC-1042,302,0
0faaa252,ELEC-1055,165,0
6c9581b5,ELEC-1032,395,0
d2dd5411,ELEC-1074,272,1
8c095fc6,ELEC-1011,373,0
932cdec5,ELEC-1042,216,0
9b9ecd9c,ELEC-1029,202,0
0cc45857,ELEC-1064,388,0
87b1a1d1,ELEC-1020,251,0
4211263c,ELEC-1056,34,1
4847ab64,ELEC-1061,295,0
5cfce13d,ELEC-1037,209,0
fd132b53,ELEC-1036,167,2
31c92acf,ELEC-1062,350,0
39b01328,ELEC-1010,181,0
84533d95,ELEC-1096,191,0
bab112e3,ELEC-1046,379,2
fc4a3659,ELEC-1015,232,0
f6df0081,ELEC-1076,159,0
9a1c4253,ELEC-1072,377,0
21d33828,ELEC-1011,244,1
525e770d,ELEC-1050,341,0
75600fc4,ELEC-1003,237,0
51bbbeeb,ELEC-1001,96,0
c7437529,ELEC-1017,368,0
673a46c3,ELEC-1005,30,0
e6e6a621,ELEC-1029,339,0
a2edb39e,ELEC-1080,342,0
40bf8043,ELEC-1065,170,1
257c5368,ELEC-1087,324,0
1c295499,ELEC-1005,372,0
6aa0995e,ELEC-1066,149,0
571addfe,ELEC-1094,155,0
4441dd1e,ELEC-1022,198,0
789e221a,ELEC-1024,40,0
c18f4a64,ELEC-1003,70,2
a90aea39,ELEC-1074,212,0
44702a46,ELEC-1039,58,0
f7ba4eb7,ELEC-1070,128,0
6729cf85,ELEC-1069,141,0
4c3c96a3,ELEC-1065,185,0
59d71870,ELEC-1004,40,0
982bfe46,ELEC-1054,150,0
beb6d52d,ELEC-1029,62,2
0acc9870,ELEC-1091,306,0
de63a17b,ELEC-1072,296,0
9fdb74d1,ELEC-1036,60,0
819c6c5d,ELEC-1035,74,0
4e4db047,ELEC-1027,360,0
1941b568,ELEC-1011,324,0
bb2d54f2,ELEC-1044,113,1
fc6c0990,ELEC-1021,92,0
2396435f,ELEC-1099,167,0
ba058eb6,ELEC-1026,22,0
04e74ea1,ELEC-1005,270,0
dc40bda4,ELEC-1075,103,0
913d7081,ELEC-1029,232,0
2fcf30dc,ELEC-1038,129,0
d3675890,ELEC-1046,297,0
4f60703d,ELEC-1086,204,0
0022f913,ELEC-1080,245,0
d316c978,ELEC-1071,71,0
90e0fc98,ELEC-1051,53,0
5ea2812b,ELEC-1020,222,0
985c2f2a,ELEC-1018,320,0
8fba2cee,ELEC-1080,56,0
7ac7f5e9,ELEC-1012,335,0
33edc93b,ELEC-1069,131,0
d711da86,ELEC-1015,290,0
ab4f864e,ELEC-1029,265,2
74216bdc,ELEC-1024,395,0
b90d2a0b,ELEC-1032,381,0
d09e3d06,ELEC-1065,162,0
4cec2c35,ELEC-1048,169,0
bd4b2092,ELEC-1053,148,0
f4cccc11,ELEC-1094,148,0
cefb2e88,ELEC-1071,236,0
39a3c717,ELEC-1076,89,1
87f003cd,ELEC-1006,399,2
26830b0c,ELEC-1075,112,0
315688a9,ELEC-1018,325,0
7147b49a,ELEC-1035,176,0
1250b181,ELEC-1062,392,0
1d3bd2aa,ELEC-1007,258,0
a6e468e2,ELEC-1033,318,0
e73aea87,ELEC-1098,76,0
1fd72e3b,ELEC-1069,386,2
9b84abd8,ELEC-1094,311,0
221b36c7,ELEC-1080,129,0
ce8cbbdb,ELEC-1066,24,0
7bdc345f,ELEC-1042,290,0
6b04ea11,ELEC-1073,320,0
f12985d0,ELEC-1040,165,0
aff81286,ELEC-1041,234,0
a4120fd7,ELEC-1005,259,0
5ab6457b,ELEC-1080,340,0
8b27b057,ELEC-1041,296,0
045c893a,ELEC-1085,186,0
9b8ec059,ELEC-1039,78,0
bbdb5509,ELEC-1092,207,0
b76f5c19,ELEC-1072,225,0
d66c2fbc,ELEC-1079,69,0
8c88c57b,ELEC-1084,161,0
af0c5416,ELEC-1020,164,0
bca7a0c2,ELEC-1043,123,0
9b0365d5,ELEC-1000,89,0
09a8ffa2,ELEC-1096,362,0
d984ab98,ELEC-1036,245,0
91a40271,ELEC-1077,130,0
ef73af56,ELEC-1090,217,0
963bd920,ELEC-1072,219,0
69f0d22b,ELEC-1011,238,0
467f60f0,ELEC-1077,189,0
2e58ea72,ELEC-1055,122,0
81d62520,ELEC-1026,220,0
4d02874c,ELEC-1082,63,0
3f2d6e12,ELEC-1011,352,2
4a4c366c,ELEC-1068,309,0
ff3bc9bf,ELEC-1083,353,0
45f180ab,ELEC-1025,246,0
e81f1447,ELEC-1089,303,0
c89ded22,ELEC-1048,335,0
d6f96acd,ELEC-1007,36,0
406fb8bc,ELEC-1086,264,0
339d84d4,ELEC-1042,109,0
208b054f,ELEC-1057,226,0
1b16c4b1,ELEC-1075,77,2
fd5e9dab,ELEC-1052,37,0
ee43b362,ELEC-1060,211,0
e98271d6,ELEC-1023,242,0
09895684,ELEC-1078,184,0
33bec250,ELEC-1048,320,0
cb2139ff,ELEC-1032,28,0
2e8f36d8,ELEC-1092,18,1
c29e5d16,ELEC-1039,354,2
438c499b,ELEC-1008,332,0
f8f75d68,ELEC-1087,180,0
5bea2d2f,ELEC-1048,307,0
20e95df3,ELEC-1047,235,0
c8aade1f,ELEC-1020,90,0
6d033543,ELEC-1087,329,1
552be085,ELEC-1000,145,0
de04b39a,ELEC-1018,398,0
cde6c8fc,ELEC-1039,88,0
60c206e7,ELEC-1083,40,0
aadfbb89,ELEC-1046,23,1
29dda460,ELEC-1089,133,0
4ed1edbf,ELEC-1040,340,0
0a574131,ELEC-1021,204,0
6b5f73a6,ELEC-1063,32,0
921a0bce,ELEC-1007,213,2
cc709d48,ELEC-1066,161,0
1870767d,ELEC-1062,352,0
a84d4ff7,ELEC-1032,22,0
9241718d,ELEC-1010,128,0
d7f50668,ELEC-1036,354,1
d3644a44,ELEC-1014,349,0
ed2dde3c,ELEC-1016,50,0
4c6dd921,ELEC-1084,213,0
06f8c54c,ELEC-1090,282,2
1ea3166a,ELEC-1079,368,0
91fe8cc7,ELEC-1044,53,0
d3d71241,ELEC-1078,375,0
7012295a,ELEC-1018,74,0
0b831f30,ELEC-1029,51,0
b6f6ed12,ELEC-1049,133,0
1b7e47ef,ELEC-1094,278,2
ddb47cbd,ELEC-1046,371,0
9e5b1b58,ELEC-1033,244,0
cdfa5bc7,ELEC-1040,245,0
66cd4a7d,ELEC-1001,323,0
fdbd13db,ELEC-1011,289,0
11c845bf,ELEC-1050,273,2
e0be3817,ELEC-1087,373,0
8c680d10,ELEC-1017,258,0
afa4a0d9,ELEC-1059,308,0
31351064,ELEC-1060,228,2
7ca6605b,ELEC-1076,53,0
ba3b0497,ELEC-1029,361,0
fa14e1fc,ELEC-1040,179,0
fd0cfec3,ELEC-1098,103,2
8b0c95f4,ELEC-1070,241,0
341850d1,ELEC-1010,377,0
d861903e,ELEC-1090,272,0
84389895,ELEC-1065,323,0
0b363d2b,ELEC-1049,145,0
868c3601,ELEC-1093,301,0
64585f6c,ELEC-1031,35,0
3c5a8382,ELEC-1050,270,0
3000a332,ELEC-1088,41,0
59e744df,ELEC-1022,372,0
3f1b95ee,ELEC-1020,394,0
9fa2983a,ELEC-1021,239,0
f7214a4d,ELEC-1037,81,0
5c07d1d9,ELEC-1023,337,0
69689a53,ELEC-1043,247,2
d47153e7,ELEC-1004,200,0
86a3f5fc,ELEC-1019,70,0
8736a50b,ELEC-1073,322,0
933841f8,ELEC-1064,146,0
f334f317,ELEC-1061,31,0
6087c310,ELEC-1005,315,0
e276dfdc,ELEC-1034,256,2
70ecb06a,ELEC-1015,345,0
216b8f69,ELEC-1051,233,0
52225a30,ELEC-1065,238,0
f20dae4f,ELEC-1043,397,0
e8de6f60,ELEC-1003,86,2
674020e8,ELEC-1057,215,0
09a832db,ELEC-1008,230,0
682f1753,ELEC-1090,391,2
4f67db3c,ELEC-1044,353,0
7471c94a,ELEC-1032,246,0
3ea07f23,ELEC-1095,213,1
265e1193,ELEC-1068,231,2
55c73ae4,ELEC-1089,245,0
e365f59f,ELEC-1057,350,2
915503db,ELEC-1084,237,0
c01b158e,ELEC-1036,75,0
989f942b,ELEC-1022,14,0
3c7457e9,ELEC-1060,358,0
ccc61559,ELEC-1041,83,2
fa65a5f2,ELEC-1082,307,0
542796ce,ELEC-1001,69,0
459b5d7d,ELEC-1032,133,1
cc63638b,ELEC-1055,124,1
463737c7,ELEC-1004,344,0
23d4aa31,ELEC-1094,182,0
3746a5f7,ELEC-1069,251,1
1565c40d,ELEC-1026,302,0
e0778b5e,ELEC-1054,258,0
eb5f5297,ELEC-1007,373,0
8606659a,ELEC-1082,321,0
6c6043a3,ELEC-1051,198,2
d3bed386,ELEC-1021,347,0
e5464f9e,ELEC-1012,127,0
f15d0025,ELEC-1014,86,0
08ff6a61,ELEC-1055,131,0
84ace675,ELEC-1048,166,0
d57a0c77,ELEC-1085,315,0
ec7bae51,ELEC-1094,320,0
7259d5f4,ELEC-1033,166,0
f3d0ae05,ELEC-1047,206,0
8f554db2,ELEC-1090,110,0
2a502b87,ELEC-1077,41,1
8606c962,ELEC-1028,159,0
8c68aeac,ELEC-1064,55,1
c03ba9cf,ELEC-1056,359,2
231e5bfd,ELEC-1063,78,0
e5955e63,ELEC-1070,202,0
3f449db4,ELEC-1096,327,1
3875f22a,ELEC-1040,285,0
7ba5c0b1,ELEC-1005,130,0
05ce55c8,ELEC-1002,396,0
a6cc6ab1,ELEC-1011,309,0
85cd9bfa,ELEC-1042,22,0
51ec362c,ELEC-1029,318,0
31d6b443,ELEC-1034,332,1
85e13f22,ELEC-1050,331,0
a1b5f277,ELEC-1057,393,0
4eccd424,ELEC-1099,354,2
1cf13415,ELEC-1060,243,2
b000f7eb,ELEC-1058,394,0
e4c1f6b3,ELEC-1004,33,0
0fcffcb8,ELEC-1071,84,0
b376f884,ELEC-1030,251,2
769eb3c2,ELEC-1005,167,0
0ccbde84,ELEC-1073,10,0
39ff6aa3,ELEC-1003,296,0
f9acd684,ELEC-1085,74,0
aea5fcd4,ELEC-1080,247,2
48806d55,ELEC-1045,256,0
aedf1421,ELEC-1023,311,0
f0cf7a6b,ELEC-1042,75,0
d284c23e,ELEC-1065,293,0
1fd48d1f,ELEC-1027,86,0
a294bff6,ELEC-1027,245,0
e9076631,ELEC-1097,290,0
3f177dbd,ELEC-1060,217,0
fc8da2b7,ELEC-1023,341,2
ebb4f95d,ELEC-1072,389,0
52f1991c,ELEC-1081,73,0
ea2b4181,ELEC-1008,211,1
1a4ee492,ELEC-1033,26,0
5a972cf3,ELEC-1077,183,0
0ae00a51,ELEC-1002,243,0
ab9f0f76,ELEC-1049,225,1
56cf420f,ELEC-1013,301,0
1069cd66,ELEC-1017,213,0
3f660d2b,ELEC-1079,334,0
d95b9323,ELEC-1084,200,0
5e4b8ef3,ELEC-1063,376,0
bbda14cb,ELEC-1052,154,0
5bc338d8,ELEC-1033,183,0
0f7abbdc,ELEC-1055,135,0
bfbefda0,ELEC-1072,131,0
143178b0,ELEC-1088,323,0
a5207bca,ELEC-1082,85,0
49a03f2f,ELEC-1039,272,2
29a9c10d,ELEC-1080,259,0
e49fdc30,ELEC-1066,300,0
aae8f4de,ELEC-1064,169,0
86254086,ELEC-1094,368,0
2e4ba0e8,ELEC-1091,12,0
b9199f40,ELEC-1086,322,0
51a8cbd5,ELEC-1068,163,0
4e97abc0,ELEC-1099,327,0
2370d855,ELEC-1064,47,0
c0a7dda9,ELEC-1065,388,0
571bd37f,ELEC-1005,186,0
cb77cb5a,ELEC-1006,119,0
a298e13d,ELEC-1034,314,0
8be2cfd5,ELEC-1068,248,0
9c94a3bb,ELEC-1037,67,0
b7053bd6,ELEC-1095,15,0
0b26d83f,ELEC-1096,89,0
aecc1952,ELEC-1091,121,0
a937bc05,ELEC-1011,215,0
e4e59b3f,ELEC-1073,106,0
a94d6a13,ELEC-1064,172,2
e1889d02,ELEC-1018,34,0
831c778b,ELEC-1060,392,0
5b87a2fa,ELEC-1093,264,0
74d47dbd,ELEC-1022,145,0
9b760148,ELEC-1095,94,0
5d452a3e,ELEC-1036,209,0
71b949b1,ELEC-1021,19,0
f8d97e79,ELEC-1047,195,0
a7ad60b9,ELEC-1055,137,0
60dde0cd,ELEC-1017,93,0
8c01a25b,ELEC-1071,128,0
850c04bf,ELEC-1098,284,1
e98917b2,ELEC-1077,356,0
b01867a4,ELEC-1084,132,2
08631623,ELEC-1074,381,0
13d8b8ff,ELEC-1007,135,0
cb8ce417,ELEC-1046,226,0
4aedd3a1,ELEC-1012,362,0
8122cb60,ELEC-1021,225,0
fb982bab,ELEC-1049,14,2
05f40885,ELEC-1043,121,0
47bbe945,ELEC-1061,272,1
017b7170,ELEC-1039,374,0
a9f653ce,ELEC-1023,325,1
bf1a9c96,ELEC-1020,201,0
39a953a2,ELEC-1016,216,1
536b0c7a,ELEC-1040,317,0
9844fc8c,ELEC-1024,102,0
9ca465cc,ELEC-1029,40,1
23c4b55a,ELEC-1077,385,0
95b1871c,ELEC-1061,156,0
89df7ee2,ELEC-1061,156,0
41d753d7,ELEC-1022,129,0
d462232c,ELEC-1013,348,0
af0c88aa,ELEC-1058,17,0
9c352478,ELEC-1067,304,1
25d1feea,ELEC-1076,107,0
d18ee9b7,ELEC-1047,190,0
a67eacda,ELEC-1072,386,0
2018ce76,ELEC-1013,191,0
8c1ccf57,ELEC-1077,83,0
3c6ec247,ELEC-1096,199,0
233cb1df,ELEC-1086,269,2
372a2e5a,ELEC-1021,187,0
d8d85516,ELEC-1038,365,0
d8d1f792,ELEC-1000,205,0
118bc43e,ELEC-1006,165,0
a44ecc77,ELEC-1081,384,0
27cd30dd,ELEC-1011,210,0
ac3e82b3,ELEC-1037,11,0
eac67159,ELEC-1061,316,0
20a567b8,ELEC-1059,377,0
c3d40007,ELEC-1015,292,2
6321b54f,ELEC-1036,126,0
f36141f4,ELEC-1097,228,0
83b95c74,ELEC-1089,253,0
3cd9637e,ELEC-1049,15,2
310a5f33,ELEC-1053,175,2
29c55409,ELEC-1098,266,0
7049c576,ELEC-1038,207,0
82e5c789,ELEC-1073,338,2
c7431d31,ELEC-1038,350,0
98c76a36,ELEC-1063,268,0
40fb6d02,ELEC-1004,243,0
5ef0bb03,ELEC-1070,368,0
6963ba6b,ELEC-1014,179,1
9a11f561,ELEC-1023,281,0
445b84d2,ELEC-1096,203,0
d0d820ee,ELEC-1055,19,1
2df7787a,ELEC-1045,222,0
9656c3af,ELEC-1052,275,0
840660f7,ELEC-1010,118,2
05db36df,ELEC-1094,78,0
0fdde365,ELEC-1019,267,0
1de51c85,ELEC-1089,304,0
87f84e2e,ELEC-1079,151,0
83ebbd8b,ELEC-1079,320,0
701dd711,ELEC-1050,13,2
22385a60,ELEC-1039,96,0
1919df62,ELEC-1040,338,1
447a63b4,ELEC-1051,285,0
a64e49e9,ELEC-1033,72,0
0c279650,ELEC-1017,100,0
f26a9b4a,ELEC-1053,240,0
74c5076f,ELEC-1069,23,2
5baaf439,ELEC-1073,273,0
395b17d7,ELEC-1038,210,0
49cdcdec,ELEC-1051,142,2
1cf76df1,ELEC-1062,388,0
21e55caf,ELEC-1091,295,0
48452e71,ELEC-1003,274,0
163e5b01,ELEC-1008,373,0
f24312c1,ELEC-1010,59,1
958086be,ELEC-1004,43,1
e50667d7,ELEC-1029,356,0
8fec29b5,ELEC-1034,269,2
5b09bc8b,ELEC-1072,245,0
b7beab5c,ELEC-1017,80,0
f53a46b2,ELEC-1020,96,0
940fd7a7,ELEC-1072,258,0
3b8ec26d,ELEC-1026,27,0
b7e1d859,ELEC-1026,274,0
cf160230,ELEC-1044,251,0
d8fc12be,ELEC-1000,161,0
94e975c5,ELEC-1088,377,0
06881195,ELEC-1014,20,1
730a8964,ELEC-1020,163,1
8abf9092,ELEC-1030,394,0
01a7b33b,ELEC-1065,379,1
b912d867,ELEC-1073,14,0
e8434069,ELEC-1049,130,0
b02cf86b,ELEC-1087,165,0
f80eb113,ELEC-1076,344,0
2245ffa1,ELEC-1000,263,0
25870d7f,ELEC-1025,306,2
d385d872,ELEC-1004,25,0
9a990e28,ELEC-1007,63,0
fb889bdc,ELEC-1046,286,0
ce6d5215,ELEC-1017,163,0
031cdc35,ELEC-1045,37,0
e97627a0,ELEC-1005,197,0
0ab9b7c0,ELEC-1046,148,0
825fb3d8,ELEC-1008,301,0
e4a62099,ELEC-1098,328,0
97846f98,ELEC-1007,110,0
bb1b42eb,ELEC-1098,250,2
23fa964b,ELEC-1048,367,0
67548ee8,ELEC-1043,140,0
eb5cce95,ELEC-1045,336,0
03de5933,ELEC-1068,83,0
99d303ab,ELEC-1003,384,0
94052d07,ELEC-1090,82,0
3918efa6,ELEC-1077,301,0
2d20b694,ELEC-1019,17,1
7a2c3c72,ELEC-1089,21,0
04342b9c,ELEC-1097,111,1
cd6e364d,ELEC-1005,77,0
a8a5bdd4,ELEC-1029,269,2
b5cef585,ELEC-1059,340,0
a753852f,ELEC-1064,383,1
980ab08d,ELEC-1064,17,0
64bf80e6,ELEC-1043,93,2
f8ad9dc1,ELEC-1015,335,0
c2741736,ELEC-1004,186,0
b9b90944,ELEC-1023,121,0
a23003f9,ELEC-1072,360,0
aa7bf989,ELEC-1080,289,0
508cc3b2,ELEC-1070,213,0
a040f602,ELEC-1016,286,1
4a561f7d,ELEC-1034,201,0
a27ced30,ELEC-1027,155,0
b09e91f2,ELEC-1028,374,0
4f59b9f2,ELEC-1047,178,0
fab1e176,ELEC-1055,227,0
5300963d,ELEC-1085,157,0
6c8edc8c,ELEC-1005,154,0
5e64782a,ELEC-1011,389,0
c1877093,ELEC-1010,95,0
af3fb91e,ELEC-1023,116,2
e0b2a81a,ELEC-1039,30,0
50a43510,ELEC-1048,373,0
c111c731,ELEC-1037,15,0
a7e8c1f8,ELEC-1043,199,0
af62fab0,ELEC-1041,124,0
1527068e,ELEC-1066,210,0
7da3a5a1,ELEC-1059,130,0
48dd25e7,ELEC-1031,292,0
93a30ef4,ELEC-1080,219,1
abb1ea12,ELEC-1001,68,0
440a527c,ELEC-1089,387,1
fc36b5ab,ELEC-1056,209,0
5bccc91f,ELEC-1060,180,0
78c82e3b,ELEC-1006,70,0
209beaf7,ELEC-1074,290,2
535ee3e1,ELEC-1053,95,0
26405d76,ELEC-1004,200,0
4601dff0,ELEC-1055,131,0
d85de9c1,ELEC-1097,32,0
875991da,ELEC-1045,182,0
40ecf956,ELEC-1068,308,0
f5086d56,ELEC-1001,146,2
6e8d3d71,ELEC-1068,349,0
e06cc80a,ELEC-1000,308,0
4d3001a5,ELEC-1018,296,2
a96ecd06,ELEC-1016,112,2
03a5d0b7,ELEC-1085,38,0
680eba82,ELEC-1013,13,0
c9dc5ca2,ELEC-1033,328,1
dc707d8c,ELEC-1034,88,0
fd520339,ELEC-1032,137,0
774c1e2c,ELEC-1008,268,0
b75ae456,ELEC-1090,75,0
526f5f6f,ELEC-1022,155,0
09ba3584,ELEC-1010,384,1
b49b8f0e,ELEC-1032,350,0
9557d484,ELEC-1012,159,0
c1a3a8d6,ELEC-1046,307,0
63584411,ELEC-1043,76,0
09fb74c3,ELEC-1065,24,0
dd6c13f6,ELEC-1099,273,2
348a9586,ELEC-1036,15,0
a74e4398,ELEC-1034,373,0
295533a9,ELEC-1018,123,0
a9b2c638,ELEC-1047,51,0
b7e27c35,ELEC-1042,313,0
253c9ba9,ELEC-1064,242,2
51e138f1,ELEC-1098,232,0
f0d6b311,ELEC-1083,273,0
41401f5b,ELEC-1041,239,2
82073ebd,ELEC-1097,59,0
d3902744,ELEC-1013,362,0
ee26863a,ELEC-1019,310,0
e8ccdd63,ELEC-1089,66,1
3ad86b98,ELEC-1056,110,1
870bb615,ELEC-1095,100,0
8ed80658,ELEC-1054,367,0
3d7cf685,ELEC-1015,269,0
311c0e42,ELEC-1061,16,0
8a330de6,ELEC-1066,318,0
3a256ffa,ELEC-1063,200,0
22741987,ELEC-1051,375,0
58d57bfa,ELEC-1057,57,1
7f0a9d73,ELEC-1064,181,0
5e86bbe1,ELEC-1051,76,2
cc0643f0,ELEC-1034,166,0
34ff5a2c,ELEC-1068,223,0
8a2b9b68,ELEC-1002,232,0
fb20277f,ELEC-1004,250,0
d4dde77d,ELEC-1094,91,0
e6afdca7,ELEC-1032,163,0
b5aadae8,ELEC-1088,375,0
d8097016,ELEC-1065,183,0
fb3f5d36,ELEC-1028,244,0
1774d816,ELEC-1037,385,0
e44657be,ELEC-1048,85,0
969c19ed,ELEC-1064,294,0
e13c3c88,ELEC-1090,186,0
8c0aa5b4,ELEC-1011,306,2
0b51dfd2,ELEC-1044,64,0
d17f96ea,ELEC-1050,326,0
aa4c997b,ELEC-1025,149,0
a864b9ab,ELEC-1035,98,0
f7182c2e,ELEC-1006,62,0
3435b460,ELEC-1077,278,1
148d5ab8,ELEC-1063,206,0
ca5012d9,ELEC-1081,295,0
a5477e42,ELEC-1064,242,0
123b6501,ELEC-1014,340,1
7a0ac73a,ELEC-1065,384,0
8bf56051,ELEC-1020,331,0
9cd23a0a,ELEC-1092,71,0
99b2778b,ELEC-1052,238,1
c6b3159a,ELEC-1012,273,2
4d4d94a4,ELEC-1077,151,0
b205f7cf,ELEC-1091,142,1
92749121,ELEC-1033,127,1
e5abee48,ELEC-1024,273,0
b51b298f,ELEC-1036,128,0
11c83a16,ELEC-1098,348,0
c0154761,ELEC-1061,129,0
2626864e,ELEC-1080,170,1
561cb767,ELEC-1001,158,2
1d8d93f2,ELEC-1026,167,0
0102a987,ELEC-1028,390,0
9e1c1a70,ELEC-1050,376,0
036377da,ELEC-1057,90,2
92623af3,ELEC-1031,290,0
47a99c61,ELEC-1098,292,0
fc4ef877,ELEC-1073,243,0
8616030a,ELEC-1067,205,1
458c1aa6,ELEC-1016,176,2
8ea4279f,ELEC-1027,357,0
9abc7f1f,ELEC-1078,76,2
3769ad63,ELEC-1085,139,0
0813c13f,ELEC-1034,160,0
65020408,ELEC-1000,253,2
242e93e1,ELEC-1006,64,0
d15862b3,ELEC-1099,394,0
fbc88cf3,ELEC-1046,205,0
17bfcb36,ELEC-1021,176,0
681ebe7b,ELEC-1075,103,0
7d7d2179,ELEC-1074,242,0
6538adbc,ELEC-1021,187,0
af157100,ELEC-1026,111,1
abf718b2,ELEC-1033,48,0
36e182c5,ELEC-1092,354,0
27c61c3f,ELEC-1001,324,0
30447c07,ELEC-1074,249,0
d4f4c70b,ELEC-1084,218,2
0d016d32,ELEC-1097,244,0
eb29d533,ELEC-1059,260,0
b4168939,ELEC-1011,306,2
48f85e1c,ELEC-1095,238,0
3bde53ee,ELEC-1089,127,0
7bec4beb,ELEC-1012,72,1
9ef16c15,ELEC-1094,384,1
e141a8af,ELEC-1066,74,0
484ceb01,ELEC-1042,150,0
f0f533a2,ELEC-1014,99,1
95320182,ELEC-1071,85,0
d798ab9a,ELEC-1071,349,2
900de486,ELEC-1011,151,0
a6d3ffa3,ELEC-1012,399,0
170add9e,ELEC-1023,202,0
0b68f2ea,ELEC-1022,128,0
6702a3fa,ELEC-1041,315,1
231f95ae,ELEC-1029,112,2
81eb0282,ELEC-1026,123,0
c3565157,ELEC-1010,315,0
e8c1b407,ELEC-1011,344,0
0e9e2ac1,ELEC-1022,349,0
28e32f13,ELEC-1033,50,0
1978b926,ELEC-1034,81,0
ce5be5cb,ELEC-1013,102,0
47624138,ELEC-1066,20,0
b4dc2f32,ELEC-1008,310,0
ad64efba,ELEC-1037,176,0
d59dcc15,ELEC-1096,156,0
b10087b2,ELEC-1019,239,0
40981327,ELEC-1090,303,0
1fbace6a,ELEC-1045,37,0
28f6b41d,ELEC-1081,109,1
8961645e,ELEC-1022,179,0
30578340,ELEC-1081,55,0
8180720e,ELEC-1030,325,0
15cff258,ELEC-1098,64,0
e08f40a9,ELEC-1003,298,0
dff5e435,ELEC-1018,153,0
ad394af6,ELEC-1064,159,0
0daca82d,ELEC-1028,85,0
6e702fba,ELEC-1089,124,0
752506c0,ELEC-1069,126,0
6352ffb8,ELEC-1067,44,1
1d3b254e,ELEC-1042,309,0
4ab5eea7,ELEC-1011,104,2
56e765f3,ELEC-1091,286,0
811e9501,ELEC-1008,332,0
b76e2798,ELEC-1022,250,0
4db80e88,ELEC-1043,311,2
5a54c4c5,ELEC-1055,326,0
50c3c510,ELEC-1067,27,0
b13bbac8,ELEC-1060,92,0
c76b7500,ELEC-1019,391,0
162030df,ELEC-1014,143,0
2791db5f,ELEC-1053,85,2
4652b104,ELEC-1015,61,0
a5f2eab1,ELEC-1078,221,0
42c266e6,ELEC-1018,372,0
b2bfacf0,ELEC-1084,348,2
daa4a850,ELEC-1071,391,0
16d2e0da,ELEC-1084,162,0
4777c936,ELEC-1081,49,0
7b390e97,ELEC-1003,38,0
4c1d6769,ELEC-1026,365,1
2fea5c9f,ELEC-1054,258,0
2633792b,ELEC-1017,45,0
7a64ff7b,ELEC-1002,276,0
36b5b8f3,ELEC-1054,126,2
8f6762df,ELEC-1075,372,0
dbc7e4f5,ELEC-1045,344,0
e5d1e17e,ELEC-1083,198,0
fead680b,ELEC-1068,180,0
cc8e3972,ELEC-1022,211,0
05e08c2b,ELEC-1032,398,0
75e85c4d,ELEC-1084,222,2
6138ad7b,ELEC-1027,177,0
28f0636b,ELEC-1017,29,0
36d31c22,ELEC-1082,258,0
b5a59e43,ELEC-1097,392,0
d93b2a7f,ELEC-1014,188,1
8988b983,ELEC-1086,153,0
f8973fae,ELEC-1000,84,0
54223a95,ELEC-1046,218,0
02702779,ELEC-1049,221,0
b6bab499,ELEC-1062,170,0
4f2ade4b,ELEC-1046,250,2
2f8f52f8,ELEC-1045,148,0
f7cabfde,ELEC-1081,135,0
1dbed1d7,ELEC-1051,202,0
c0417c95,ELEC-1071,357,0
1394ae16,ELEC-1067,43,0
cc537ccf,ELEC-1055,37,0
aa0d3186,ELEC-1056,141,0
6a4a4c27,ELEC-1040,325,0
0a2627da,ELEC-1032,321,1
d0fb788c,ELEC-1077,190,2
5ed49843,ELEC-1099,246,2
9d3b5426,ELEC-1059,143,0
91e46608,ELEC-1023,214,0
b6870326,ELEC-1041,82,0
dab91806,ELEC-1007,22,0
134f163c,ELEC-1088,397,0
76fa919c,ELEC-1088,241,0
2522ff49,ELEC-1021,324,0
970826d1,ELEC-1011,194,0
2c0d395b,ELEC-1073,292,0
003991ea,ELEC-1010,94,0
cd0d1bc1,ELEC-1054,354,0
e470bc36,ELEC-1094,264,1
26c4f40b,ELEC-1048,307,0
53833ede,ELEC-1030,160,0
40cc7c0d,ELEC-1005,40,1
5485636c,ELEC-1001,95,0
db3e43b0,ELEC-1056,61,0
a3032469,ELEC-1036,330,0
d45e329c,ELEC-1030,315,2
d022c1bf,ELEC-1042,235,2
8c61d0a7,ELEC-1027,124,0
c71fdea9,ELEC-1006,388,0
431ed994,ELEC-1068,206,0
c951542b,ELEC-1094,277,0
753eac0a,ELEC-1065,207,0
cd1747a5,ELEC-1068,37,0
4f2f5225,ELEC-1001,222,1
b6be9b23,ELEC-1074,166,2
84a0773c,ELEC-1018,337,0
0e515938,ELEC-1075,384,0
3b93c5ca,ELEC-1064,248,0
cd136f46,ELEC-1032,295,0
2b42d67c,ELEC-1014,296,1
96a61b5b,ELEC-1084,83,2
aa361014,ELEC-1076,370,0
b8eacd37,ELEC-1021,125,0
efe66bfe,ELEC-1085,25,0
c2ac97c1,ELEC-1029,294,0
ed53d836,ELEC-1007,321,0
a40b20c7,ELEC-1082,291,0
d74b8413,ELEC-1011,311,2
5fad4a7d,ELEC-1055,20,0
672b7ae1,ELEC-1075,116,0
e55a2641,ELEC-1018,296,2
361ee0a9,ELEC-1036,293,1
c9829e20,ELEC-1062,160,0
d23edea6,ELEC-1011,118,0
442ad942,ELEC-1001,79,0
74693262,ELEC-1015,49,0
185a08c2,ELEC-1059,202,0
9f268c4b,ELEC-1018,206,1
6569d242,ELEC-1095,210,0
cccf31cb,ELEC-1098,88,2
d6d3ce28,ELEC-1015,133,0
42bed046,ELEC-1035,65,0
576cbfcb,ELEC-1011,82,0
d4aeccec,ELEC-1055,212,1
e609ad5b,ELEC-1081,10,0
8b16c862,ELEC-1084,131,0
e89da166,ELEC-1038,235,0
da10c5d5,ELEC-1046,338,0
9a431ce4,ELEC-1086,66,0
c38303a1,ELEC-1061,115,0
10ed50d9,ELEC-1070,287,0
6a51d330,ELEC-1044,313,0
0341ec33,ELEC-1022,130,0
32332b85,ELEC-1048,325,0
a74c5a10,ELEC-1036,360,0
79f63266,ELEC-1064,189,0
4448642f,ELEC-1059,145,0
3e268932,ELEC-1051,345,0
bdebbc24,ELEC-1079,120,0
c7662082,ELEC-1007,50,0
b8f7b740,ELEC-1076,187,0
490d0cee,ELEC-1020,368,0
260fe990,ELEC-1003,183,0
edfe7fd3,ELEC-1023,258,2
99aa1cb1,ELEC-1045,41,0
a327f516,ELEC-1012,286,0
f8277dbe,ELEC-1081,221,0
52836564,ELEC-1069,32,0
d8d2c317,ELEC-1036,342,2
c9d999f6,ELEC-1058,45,0
77530b9b,ELEC-1015,215,0
09cf58b7,ELEC-1091,97,0
9b7f5d69,ELEC-1060,54,0
f792d74b,ELEC-1005,321,1
4c92c928,ELEC-1038,242,0
ba13f013,ELEC-1056,234,0
44900c1b,ELEC-1028,387,1
f2eefec5,ELEC-1018,26,1
17b71ea0,ELEC-1017,142,0
e796b50c,ELEC-1033,290,0
6f2cfcf2,ELEC-1091,55,0
da9b0afc,ELEC-1051,309,0
fcf81000,ELEC-1090,112,1
b4843ca2,ELEC-1001,240,0
11c76537,ELEC-1058,166,0
761a2e60,ELEC-1093,375,2
2b34022f,ELEC-1060,118,0
787df2c9,ELEC-1046,353,0
e33077fb,ELEC-1092,380,0
9fd99833,ELEC-1023,114,0
76bd8395,ELEC-1007,306,0
880e8f67,ELEC-1019,186,0
99e4fdcc,ELEC-1048,338,0
43aa0b62,ELEC-1067,69,0
5fc9192d,ELEC-1070,243,0
5b7be0c5,ELEC-1016,81,0
fa3a577a,ELEC-1061,44,0
bd8c15dd,ELEC-1090,139,0
10c28b54,ELEC-1062,44,0
cc1f5f70,ELEC-1014,360,0
c039808b,ELEC-1078,343,0
e2ccb9fe,ELEC-1079,373,0
91ee7ab5,ELEC-1006,88,0
f141b9b7,ELEC-1093,386,0
cefa34dc,ELEC-1050,165,0
dcd0a0ed,ELEC-1047,76,0
22a898f2,ELEC-1049,100,0
17fcfe7e,ELEC-1064,75,0
9ccd4c46,ELEC-1061,127,2
b4dbb379,ELEC-1024,295,0
3093234d,ELEC-1070,201,2
66998c02,ELEC-1092,381,0
b5182e20,ELEC-1006,230,0
8d776cb8,ELEC-1037,270,0
de73e1f2,ELEC-1070,127,0
aa9a5e2d,ELEC-1015,21,0
44afc195,ELEC-1007,59,1
d3e38dbd,ELEC-1080,153,0
9672b552,ELEC-1096,35,0
b844cc05,ELEC-1084,285,0
a4124be9,ELEC-1040,238,0
6b227e13,ELEC-1059,235,0
ad4cd77b,ELEC-1013,78,0
8911c6e2,ELEC-1086,35,0
6c4a8c66,ELEC-1087,309,1
a960cdc3,ELEC-1061,23,1
3e2349b7,ELEC-1065,216,0
5191b8eb,ELEC-1042,15,0
961af94d,ELEC-1072,332,0
18eef03a,ELEC-1097,118,0
2678fb1d,ELEC-1062,300,0
0a11495c,ELEC-1096,145,0
aafd1437,ELEC-1038,164,1
d08f797f,ELEC-1093,295,0
02eed41c,ELEC-1058,268,0
114e8bc2,ELEC-1071,233,0
54129619,ELEC-1083,24,0
62665657,ELEC-1096,107,2
934cf664,ELEC-1010,81,0
e7ab32e1,ELEC-1005,209,0
2f6403cf,ELEC-1083,204,0
2fe4d541,ELEC-1088,14,0
4af0ea1e,ELEC-1058,198,0
3c18facf,ELEC-1082,93,2
bec29305,ELEC-1025,365,0
33af0495,ELEC-1081,172,1
96d8ce0b,ELEC-1013,255,0
c63a431b,ELEC-1029,89,0
9722b3ea,ELEC-1032,43,0
196967c2,ELEC-1047,225,0
3dd7b5ed,ELEC-1068,97,0
34e4f9d0,ELEC-1065,290,2
f15e92a2,ELEC-1050,278,2
8f5914bc,ELEC-1081,216,0
3c064cd1,ELEC-1086,284,0
46688027,ELEC-1019,59,0
34fb3521,ELEC-1007,176,0
8fbeb7b4,ELEC-1007,142,0
dd20fd13,ELEC-1072,172,1
e07bb242,ELEC-1098,327,2
522c5272,ELEC-1089,266,0
2851713d,ELEC-1000,384,2
53e6d74b,ELEC-1056,235,0
8fd99104,ELEC-1079,309,1
9ff1ff55,ELEC-1069,111,0
4502f3a3,ELEC-1002,247,1
9772b57a,ELEC-1023,222,0
6c5eb38e,ELEC-1021,247,0
4ccd0ab7,ELEC-1018,149,0
3d4baafe,ELEC-1055,92,0
c75baff9,ELEC-1024,310,0
e33ec837,ELEC-1054,230,0
cb9819e2,ELEC-1047,70,0
3b45ec5c,ELEC-1025,228,2
b5df054a,ELEC-1094,45,0
27018874,ELEC-1094,13,0
ecb567b7,ELEC-1008,179,0
c40d868e,ELEC-1061,230,0
2e810783,ELEC-1006,189,1
38540f50,ELEC-1018,200,0
9f3e3e1b,ELEC-1069,198,1
cb9ae2a1,ELEC-1057,301,2
8cbf7b0a,ELEC-1097,28,1
3bac1081,ELEC-1008,255,1
7f74eec3,ELEC-1014,387,1
4aed09dc,ELEC-1018,169,0
146065c9,ELEC-1017,39,0
be050522,ELEC-1097,76,0
0924e55b,ELEC-1036,311,0
983c9fb6,ELEC-1007,334,0
9af51266,ELEC-1061,381,0
20cd8c94,ELEC-1029,173,0
61e43bf2,ELEC-1002,393,0
8f5c16af,ELEC-1007,323,0
ba7b32c0,ELEC-1001,325,0
9378d4c0,ELEC-1055,109,0
be76687e,ELEC-1008,357,0
931ea93b,ELEC-1044,41,0
7e8ade60,ELEC-1083,110,0
1a30e393,ELEC-1098,119,0
6e8463bc,ELEC-1009,227,0
1ed65d65,ELEC-1066,336,0
ca38e52a,ELEC-1006,80,2
a5012db5,ELEC-1049,103,2
ae1a9e71,ELEC-1068,290,0
c2712bfe,ELEC-1033,294,0
496b1e32,ELEC-1089,295,2
a75e8ffd,ELEC-1037,260,0
834ee1d7,ELEC-1064,330,0
8691b9d8,ELEC-1090,111,0
f9cedec4,ELEC-1068,38,0
f73d37dd,ELEC-1022,361,2
e71bd9e9,ELEC-1081,143,0
396f3ea7,ELEC-1097,156,0
64387d78,ELEC-1081,366,0
bab2e948,ELEC-1082,247,0
6e809460,ELEC-1094,207,0
e3267f50,ELEC-1014,238,0
a3010f64,ELEC-1026,65,0
cf11ac11,ELEC-1001,341,1
5862b243,ELEC-1078,367,1
afd897e5,ELEC-1053,41,0
5f05fe79,ELEC-1038,144,0
437a07b5,ELEC-1017,370,0
53c9b8be,ELEC-1013,263,0
8c99bf3e,ELEC-1083,248,2
098ef923,ELEC-1010,211,0
31fa30c3,ELEC-1074,221,2
4f34c997,ELEC-1007,104,0
fed8bb05,ELEC-1029,128,0
efb983ea,ELEC-1061,298,2
14411c8d,ELEC-1003,224,0
4ec3e825,ELEC-1070,237,0
bf593a35,ELEC-1019,150,0
19caacad,ELEC-1096,294,0
0cb9b5fb,ELEC-1096,78,0
e852aa22,ELEC-1093,397,0
e4b3b46d,ELEC-1024,386,0
439caa3e,ELEC-1018,124,1
34b65bea,ELEC-1039,316,0
ff876bbf,ELEC-1002,73,0
c1002cee,ELEC-1014,95,1
0931b164,ELEC-1013,188,0
3d0503a1,ELEC-1009,220,1
baf77201,ELEC-1078,240,0
6ee641a3,ELEC-1034,77,1
eeb63bde,ELEC-1008,356,0
3c7ecaba,ELEC-1056,97,0
5ae7a38a,ELEC-1016,336,0
f88cd377,ELEC-1033,140,0
25e5dc20,ELEC-1090,311,1
7ffffd6a,ELEC-1053,332,0
f611e123,ELEC-1003,74,0
116b7af7,ELEC-1035,225,0
004a57dc,ELEC-1046,92,1
94ed5fff,ELEC-1038,366,0
9cd02357,ELEC-1058,346,1
ae3bc6c5,ELEC-1047,83,2
4eef3aca,ELEC-1045,160,2
f5160105,ELEC-1045,394,0
edfae4da,ELEC-1041,161,0
fda86882,ELEC-1011,277,0
3a36e20c,ELEC-1089,219,0
dca63148,ELEC-1056,80,0
1df9ad3e,ELEC-1034,301,0
de969808,ELEC-1092,210,0
27e5431d,ELEC-1006,91,0
664e6761,ELEC-1010,155,0
57fc7882,ELEC-1017,194,0
0c9838f9,ELEC-1007,243,1
f0c6803a,ELEC-1021,265,0
6b5e4398,ELEC-1015,53,0
1633f9b3,ELEC-1026,370,0
88de9e8a,ELEC-1098,154,0
11e9396f,ELEC-1033,195,0
9c8d5c54,ELEC-1034,15,0
ba74f8ca,ELEC-1039,331,0
3d8cf6e6,ELEC-1094,30,0
3f7ba454,ELEC-1020,78,0
ecfeca8f,ELEC-1041,280,0
259fceef,ELEC-1031,44,0
de64ba59,ELEC-1002,65,0
fc5bb30b,ELEC-1031,37,0
db3d293d,ELEC-1024,154,2
a03b3040,ELEC-1021,154,0
260c995e,ELEC-1074,341,0
f1659e48,ELEC-1093,272,0
db070f2a,ELEC-1006,146,0
e2a18e84,ELEC-1096,204,0
8441dc23,ELEC-1057,273,0
831c0e4c,ELEC-1091,188,0
e37ff7f7,ELEC-1064,284,0
dfdaf2c8,ELEC-1099,187,0
241415cb,ELEC-1008,187,0
7a168f3d,ELEC-1051,391,0
3fd25783,ELEC-1028,130,0
a61b8178,ELEC-1046,30,1
a4ab13ad,ELEC-1097,277,0
733b4719,ELEC-1055,68,0
6182d3a5,ELEC-1054,293,0
f6ea878d,ELEC-1017,257,0
7f96050f,ELEC-1044,153,0
77041704,ELEC-1024,109,2
098ef197,ELEC-1025,58,1
de6a12d4,ELEC-1050,52,2
1e74939c,ELEC-1026,189,0
ecff4f89,ELEC-1072,14,0
f46dd6be,ELEC-1028,100,0
7c2aae93,ELEC-1061,335,1
2b4e5f92,ELEC-1090,151,0
28eeee5d,ELEC-1053,48,0
d7dbdb66,ELEC-1071,198,0
6a014cc9,ELEC-1037,224,1
fb8e2824,ELEC-1010,16,0
2b5d5147,ELEC-1077,76,0
d77b8ad3,ELEC-1079,326,1
0db9c837,ELEC-1005,283,0
0cc3d083,ELEC-1029,321,0
b0a00e37,ELEC-1061,93,0
3f3c1414,ELEC-1003,143,2
9af36d80,ELEC-1085,172,0
1fe1e6cb,ELEC-1037,298,0
9146d152,ELEC-1055,212,0
83cc3f81,ELEC-1024,222,0
6a49c26c,ELEC-1047,179,0
d2e8ceec,ELEC-1028,223,0
af7e8e57,ELEC-1035,70,0
c5192110,ELEC-1032,167,0
0845b51b,ELEC-1099,285,0
63b0ceb1,ELEC-1066,377,0
d3afbb5d,ELEC-1010,171,2
8a0160d0,ELEC-1084,358,0
7799a419,ELEC-1093,186,0
8b6307e5,ELEC-1092,338,0
a7a94bd7,ELEC-1063,372,0
89c51c81,ELEC-1013,366,0
3adf39d3,ELEC-1023,308,1
849dce64,ELEC-1053,283,2
15f5827a,ELEC-1041,291,0
145cd59d,ELEC-1030,66,2
a70390ce,ELEC-1014,22,0
dd5dbcc9,ELEC-1056,346,0
8f16cda1,ELEC-1051,65,0
8d0e760c,ELEC-1057,184,0
5b8ca50d,ELEC-1092,15,0
db2c0771,ELEC-1083,227,1
3b81149e,ELEC-1070,255,0
da7004cb,ELEC-1008,232,0
d3fbcc7d,ELEC-1035,213,0
4f48c334,ELEC-1081,47,0
55d66e8d,ELEC-1014,373,0
4af9597f,ELEC-1032,351,0
a4383ddc,ELEC-1029,86,0
8d9e5d99,ELEC-1037,84,0
48da0cea,ELEC-1020,222,0
7aab5671,ELEC-1045,298,0
2d51c8ab,ELEC-1089,95,0
a959a446,ELEC-1049,285,0
90ffea22,ELEC-1011,205,0
20b2ec06,ELEC-1024,90,0
8e5f8d56,ELEC-1078,368,0
e399996c,ELEC-1070,116,0
9f0a6f23,ELEC-1060,246,0
a3f0ec8f,ELEC-1037,101,0
be380998,ELEC-1055,322,0
28cda862,ELEC-1093,242,0
2f281dbe,ELEC-1039,24,1
65d8a18e,ELEC-1016,385,0
36c27d71,ELEC-1044,181,0
80b4a88c,ELEC-1073,174,0
c41588f9,ELEC-1035,165,0
f91d4617,ELEC-1004,307,0
0bef97ee,ELEC-1054,118,0
7a809dcb,ELEC-1086,152,2
caaeb9be,ELEC-1040,337,0
82914191,ELEC-1089,360,0
034660e0,ELEC-1047,155,0
6cb211f4,ELEC-1000,11,0
300593de,ELEC-1049,91,2
19a7dc22,ELEC-1064,288,0
01260132,ELEC-1009,122,0
5a05784b,ELEC-1046,34,2
5c8cb3a5,ELEC-1029,316,0
37ce7bb0,ELEC-1051,280,1
21edcc6a,ELEC-1081,181,2
3c6b1479,ELEC-1019,260,1
937200aa,ELEC-1016,191,1
91aacec5,ELEC-1012,383,0
9b6217a0,ELEC-1039,374,0
3da794d2,ELEC-1002,172,0
0a6ac219,ELEC-1007,114,0
49b47cab,ELEC-1078,304,0
8518db23,ELEC-1090,95,0
4b9ffd1e,ELEC-1038,284,0
d1964af0,ELEC-1057,337,2
0bbafbd7,ELEC-1057,213,1
e11c8bd3,ELEC-1023,50,0
ddaeea2d,ELEC-1091,305,0
6723265b,ELEC-1093,361,0
90e3d1dd,ELEC-1077,175,0
6288f1be,ELEC-1030,73,2
ed414fa7,ELEC-1054,122,0
82557c15,ELEC-1003,171,1
f4914fc3,ELEC-1010,116,2
b7d6a8de,ELEC-1082,51,2
1a115fee,ELEC-1015,10,1
d2e2af00,ELEC-1014,344,1
cf504e04,ELEC-1012,48,0
12082a12,ELEC-1059,42,0
1b0076f5,ELEC-1060,44,2
8f73957f,ELEC-1006,302,0
e4e32014,ELEC-1091,54,0
b61c71d0,ELEC-1037,63,0
4de6f0cd,ELEC-1073,23,0
e38a78cd,ELEC-1092,243,0
d6c7abbb,ELEC-1019,355,0
326fceef,ELEC-1080,126,0
424ffab0,ELEC-1011,317,0
ccbc26d8,ELEC-1007,163,0
2b0a8c5b,ELEC-1068,394,0
49b2fae7,ELEC-1044,392,0
1cae695a,ELEC-1062,272,2
e428a638,ELEC-1035,278,0
c879782a,ELEC-1082,201,0
e09c8784,ELEC-1002,209,1
2007d466,ELEC-1042,361,1
19921a26,ELEC-1096,89,0
6d042467,ELEC-1027,103,0
b13bade8,ELEC-1093,165,2
266c2c5c,ELEC-1084,125,0
d0e2f17c,ELEC-1039,287,0
8211b960,ELEC-1007,383,0
3ce51557,ELEC-1021,328,1
01483827,ELEC-1078,71,2
5b026da9,ELEC-1085,235,1
5fcc77af,ELEC-1029,216,0
49e92361,ELEC-1021,114,0
b81eafdd,ELEC-1023,165,0
294c532d,ELEC-1040,105,0
ef52ae23,ELEC-1036,242,1
cecea3b4,ELEC-1023,25,0
a91ff5b2,ELEC-1076,148,0
73c81046,ELEC-1060,156,1
5cdede79,ELEC-1062,11,2
be94b726,ELEC-1043,330,0
89c8346e,ELEC-1098,379,0
bc1c6463,ELEC-1091,131,0
56cad104,ELEC-1077,86,1
ef5a6575,ELEC-1062,240,1
00904fcf,ELEC-1017,293,1
b14dd9f4,ELEC-1011,339,0
62b67373,ELEC-1027,250,0
c9ee7748,ELEC-1034,63,0
89315ee9,ELEC-1094,247,0
7c8f7da4,ELEC-1091,179,0
5be0b245,ELEC-1058,338,0
96bd6591,ELEC-1060,108,0
1c1eba89,ELEC-1051,221,0
be5870bf,ELEC-1096,202,0
245e4b6c,ELEC-1089,146,0
f71d0805,ELEC-1041,283,0
f368326c,ELEC-1097,373,0
55645447,ELEC-1062,52,0
01ccd30c,ELEC-1034,291,0
fcd7f65c,ELEC-1086,252,0
6f3a7aa7,ELEC-1080,156,0
eda1cb09,ELEC-1099,39,1
28a40a04,ELEC-1090,85,0
72eb1c2c,ELEC-1094,183,0
0bd73d90,ELEC-1069,228,2
fb7ec0fd,ELEC-1036,257,2
260b6f0b,ELEC-1047,316,0
0a256c6f,ELEC-1084,86,0
08af09d1,ELEC-1027,343,0
643ac50f,ELEC-1063,398,0
f50b25e1,ELEC-1050,146,2
498e1edf,ELEC-1057,100,0
3a630c42,ELEC-1049,173,0
343d2527,ELEC-1028,296,0
2898c699,ELEC-1076,90,0
6e0a12da,ELEC-1079,226,0
254c9c32,ELEC-1012,180,0
ef6b490f,ELEC-1058,92,0
1aa370f1,ELEC-1022,214,0
782d8ecd,ELEC-1085,172,0
68ac4eb9,ELEC-1096,317,0
9e0bb6c2,ELEC-1046,363,2
f503a39b,ELEC-1022,284,0
07644fac,ELEC-1099,141,0
12989256,ELEC-1024,142,0
22f2012b,ELEC-1099,227,2
aaaaaa43,ELEC-1027,209,0
e5c4a544,ELEC-1055,216,0
fb0b1d34,ELEC-1047,308,0
680fcc81,ELEC-1096,242,0
3129176a,ELEC-1056,258,0
1e9fb088,ELEC-1055,61,0
5c5e7c7d,ELEC-1095,225,0
fef581c5,ELEC-1010,399,1
6faf9467,ELEC-1088,47,0
3447e4c8,ELEC-1079,393,0
87033ed0,ELEC-1002,218,2
7ec825c7,ELEC-1058,175,0
eb065f09,ELEC-1049,317,0
67154f23,ELEC-1053,176,0
588bc590,ELEC-1003,324,0
ea37c5d9,ELEC-1024,30,0
5eb1968e,ELEC-1000,332,2
e15c7704,ELEC-1051,233,0
25927e3b,ELEC-1037,26,0
da4d8c41,ELEC-1085,91,2
d52f93ba,ELEC-1021,115,0
f527755f,ELEC-1095,204,1
bdbf1178,ELEC-1009,178,0
be654d94,ELEC-1071,354,0
1e50d374,ELEC-1094,393,0
62542fa4,ELEC-1076,334,0
daa56eaf,ELEC-1045,21,0
22096490,ELEC-1004,232,1
00459770,ELEC-1060,140,2
da5dd8d2,ELEC-1026,212,0
bc38f527,ELEC-1052,396,0
5d4dae2f,ELEC-1060,53,0
f68b7841,ELEC-1071,62,2
289fdcf3,ELEC-1043,207,2
8f95b511,ELEC-1095,324,0
ce78dec1,ELEC-1053,360,1
020186e8,ELEC-1020,389,0
2e0a5644,ELEC-1020,66,0
2da5b257,ELEC-1042,207,0
c18cbc8a,ELEC-1057,85,0
6e63ce8c,ELEC-1081,121,0
b0994592,ELEC-1040,148,0
0b33754d,ELEC-1056,251,0
4cc801c9,ELEC-1076,166,0
b14316e2,ELEC-1045,220,0
b2be1e03,ELEC-1085,322,0
0021fd49,ELEC-1075,246,0
68398b90,ELEC-1023,328,2
d7a10ca2,ELEC-1085,316,1
2a1da4d3,ELEC-1015,32,0
f9b3bae0,ELEC-1048,260,0
7e2d406f,ELEC-1059,59,0
3313fda2,ELEC-1079,52,0
f4e629d3,ELEC-1039,391,0
35f6964d,ELEC-1099,226,0
730493d8,ELEC-1059,366,0
3a1c00ef,ELEC-1061,357,2
dbd26d0c,ELEC-1012,260,0
5e02a289,ELEC-1001,166,0
31cada39,ELEC-1037,304,0
a3a18b14,ELEC-1084,232,2
9a48140f,ELEC-1089,126,0
df542067,ELEC-1035,312,0
c8c2da75,ELEC-1082,211,0
c19e5be5,ELEC-1071,138,2
5d735629,ELEC-1008,229,1
57bf2d3b,ELEC-1016,369,2
d0d87a35,ELEC-1050,173,0
a97211a2,ELEC-1022,208,0
f17df850,ELEC-1054,245,2
09f4b696,ELEC-1010,31,2
159c1ae4,ELEC-1014,311,0
6b58e106,ELEC-1047,253,0
57b81539,ELEC-1005,323,0
013de3dc,ELEC-1087,60,0
38a9a285,ELEC-1074,56,2
2ad0d15b,ELEC-1090,11,0
a7f6f6c4,ELEC-1077,162,0
16160f4d,ELEC-1065,59,0
17a9c1a7,ELEC-1075,186,2
d85adc53,ELEC-1067,91,0
8b415af6,ELEC-1017,187,0
33d54cb6,ELEC-1091,43,0
3964f470,ELEC-1046,367,2
106943d5,ELEC-1048,107,1
f0610b47,ELEC-1025,235,0
ec8c09b4,ELEC-1094,328,2
0e02e9b5,ELEC-1060,27,0
3095210c,ELEC-1080,141,0
b1903fec,ELEC-1062,138,0
41eef2f6,ELEC-1009,361,0
d02dfaf7,ELEC-1030,321,0
5ce74b42,ELEC-1013,77,0
f7b90760,ELEC-1069,14,1
c81fda42,ELEC-1058,392,0
f3f29303,ELEC-1038,316,2
87e037c5,ELEC-1038,225,0
fc389b0d,ELEC-1041,250,0
179e0c9d,ELEC-1003,17,0
13819c57,ELEC-1089,70,0
3ed01553,ELEC-1065,349,2
4c3665dc,ELEC-1021,379,0
3a94dddc,ELEC-1034,43,2
d7597ab1,ELEC-1033,275,2
7193fd85,ELEC-1061,12,2
5182d515,ELEC-1066,194,0
7390f3a5,ELEC-1041,292,0
29ea64d2,ELEC-1000,374,0
67faf5f3,ELEC-1046,94,0
e0fb1efd,ELEC-1037,383,0
14721b8f,ELEC-1095,263,0
0a7ea747,ELEC-1019,96,0
896fddbc,ELEC-1035,172,0
d1524df2,ELEC-1052,399,0
ba6a8c33,ELEC-1065,185,0
680f2bb2,ELEC-1048,232,0
58157148,ELEC-1062,198,0
e33e083b,ELEC-1024,236,1
b284f4f4,ELEC-1056,139,2
61e4e314,ELEC-1032,87,0
ca2516e3,ELEC-1097,111,0
695dc19a,ELEC-1064,12,0
7fe8fbf7,ELEC-1003,60,2
923423a2,ELEC-1050,234,0
7fe38e42,ELEC-1063,153,0
086ae78d,ELEC-1025,11,0
0c065657,ELEC-1000,289,2
6092ca01,ELEC-1077,201,2
d327b087,ELEC-1015,393,1
05f15e4a,ELEC-1013,77,1
2bfe78ae,ELEC-1000,328,0
4a868de6,ELEC-1021,154,0
0243bfa0,ELEC-1049,158,0
a05eae0d,ELEC-1025,61,0
fa589ad1,ELEC-1013,266,1
7eba092e,ELEC-1084,39,2
92720812,ELEC-1022,123,0
a436e73b,ELEC-1047,143,0
4d3cfde1,ELEC-1028,125,2
79256cd3,ELEC-1092,330,1
36218b69,ELEC-1058,113,0
3b28f507,ELEC-1044,381,0
ae246929,ELEC-1066,341,0
bf7b7216,ELEC-1091,224,2
de2c8b71,ELEC-1017,61,0
c531b1bf,ELEC-1077,255,2
443e76ca,ELEC-1028,365,0
173e2fd0,ELEC-1042,103,0
6af48fcd,ELEC-1046,36,1
0c5dd154,ELEC-1063,390,0
5b72f767,ELEC-1098,303,0
f74122d2,ELEC-1005,363,0
6500101e,ELEC-1021,323,0
76f19a81,ELEC-1016,254,0
034cd8ef,ELEC-1092,262,0
663d9991,ELEC-1093,390,0
4fb1518e,ELEC-1078,202,2
b7c92a79,ELEC-1078,182,2
272e2457,ELEC-1005,313,1
b2bab428,ELEC-1030,109,0
a6107176,ELEC-1020,151,0
55a90947,ELEC-1097,254,0
23ca996c,ELEC-1090,226,0
09b4bf20,ELEC-1045,329,2
e80c64c5,ELEC-1029,355,0
a6f4030c,ELEC-1056,244,0
b4d6e036,ELEC-1063,397,0
b1c6eb0f,ELEC-1095,227,0
1ab36ac1,ELEC-1074,206,0
1167f0c6,ELEC-1073,59,0
8350395c,ELEC-1004,126,0
e910eb9c,ELEC-1035,395,0
4bf75ff1,ELEC-1003,246,0
bd7125d9,ELEC-1095,66,0
d39f36f6,ELEC-1052,99,1
4897336d,ELEC-1013,197,0
55a5e7d8,ELEC-1074,345,0
e084caad,ELEC-1009,49,0
2de57f70,ELEC-1097,153,0
c30ce106,ELEC-1054,113,0
006e623f,ELEC-1033,262,0
a4c6e707,ELEC-1047,120,0
4f6fd200,ELEC-1083,85,2
e3b316db,ELEC-1060,129,0
2f5b3406,ELEC-1098,188,0
c66f22da,ELEC-1053,261,1
0f454e60,ELEC-1065,143,0
686b4e44,ELEC-1045,72,2
7c3b2bab,ELEC-1099,13,0
0975df8c,ELEC-1063,136,0
266a4116,ELEC-1055,215,0
0b5a13f7,ELEC-1065,398,2
9b883c70,ELEC-1081,188,0
41056c7b,ELEC-1025,281,0
65213b34,ELEC-1074,288,0
8c9e7017,ELEC-1048,153,0
41976563,ELEC-1051,304,1
872d6c74,ELEC-1060,158,2
c6e911b1,ELEC-1056,11,1
a20f9f3a,ELEC-1078,236,0
d6275627,ELEC-1059,167,0
a4ddc034,ELEC-1097,234,0
b2af033d,ELEC-1027,382,0
4be7fe4e,ELEC-1018,325,2
17727538,ELEC-1096,337,2
cbb3e6fc,ELEC-1024,374,0
8fb93755,ELEC-1047,232,0
139ff51d,ELEC-1070,215,1
5408b125,ELEC-1067,350,0
438ec3c2,ELEC-1010,210,1
0e289782,ELEC-1093,208,0
08082a2b,ELEC-1006,65,0
d790ac4a,ELEC-1059,100,0
6acd5122,ELEC-1047,296,1
6d8adcb0,ELEC-1008,76,0
f40e5496,ELEC-1084,331,0
27c58cbc,ELEC-1056,286,0
0b734aac,ELEC-1012,286,1
0c524a2c,ELEC-1059,96,0
e9421a49,ELEC-1027,128,0
638fe7f1,ELEC-1072,203,0
77577c6f,ELEC-1063,202,2
fa9e4794,ELEC-1094,263,0
48bf272b,ELEC-1034,168,0
b0a88c93,ELEC-1007,24,0
182cdfa6,ELEC-1012,205,2
6c83d3e4,ELEC-1005,297,0
41cd2cb1,ELEC-1058,289,0
5bc31cce,ELEC-1006,262,0
cbd06834,ELEC-1089,62,0
2011448e,ELEC-1075,342,0
b0111003,ELEC-1048,38,0
c6d32357,ELEC-1096,377,0
f068cfa7,ELEC-1055,285,0
22081d0d,ELEC-1091,352,2
c5efe8d4,ELEC-1050,332,2
e0c7bf5d,ELEC-1062,281,0
71332465,ELEC-1078,149,0
8b14ef19,ELEC-1046,65,1
f9ec1220,ELEC-1056,269,0
95e61302,ELEC-1062,143,0
f7e55e02,ELEC-1025,193,0
dc136613,ELEC-1047,54,0
6bb686be,ELEC-1077,189,0
3edbf9c1,ELEC-1061,304,0
6eafbc46,ELEC-1034,84,2
9f1f1a55,ELEC-1053,52,1
356e738c,ELEC-1026,293,0
b4efa84f,ELEC-1064,378,0
e42794e3,ELEC-1049,310,0
4cb3d36d,ELEC-1022,178,2
8dfa6943,ELEC-1099,313,2
31a56824,ELEC-1006,34,0
93132d0f,ELEC-1060,10,1
1e92da86,ELEC-1070,197,0
8a924785,ELEC-1077,330,0
0cefa21f,ELEC-1026,120,0
2db1c04d,ELEC-1005,143,0
25fa61e2,ELEC-1063,182,0
91a29a9c,ELEC-1084,27,0
1078c037,ELEC-1084,318,0
469e53c9,ELEC-1049,389,0
d9ef339c,ELEC-1081,251,0
bb6e08ce,ELEC-1067,94,0
b84b00b1,ELEC-1030,261,0
eaf6b2de,ELEC-1088,388,0
337a5905,ELEC-1055,364,0
7d5a1209,ELEC-1032,75,0
289a7f97,ELEC-1063,378,0
540fffd0,ELEC-1013,177,0
d2631eb1,ELEC-1079,122,0
124fcf34,ELEC-1018,207,0
6304a919,ELEC-1076,234,0
91fc6627,ELEC-1082,397,1
f1dceaec,ELEC-1034,19,0
57031fbe,ELEC-1094,332,0
fc2f4761,ELEC-1074,183,0
16aca90b,ELEC-1055,320,0
2159b33c,ELEC-1094,366,0
dafbecf9,ELEC-1035,13,0
a5ccc34c,ELEC-1016,193,1
0a23e856,ELEC-1035,37,0
3c3ffd0f,ELEC-1067,281,2
5b0f3bbf,ELEC-1078,103,0
6d1ad4b2,ELEC-1009,389,0
860a8ce1,ELEC-1036,272,1
9855d310,ELEC-1057,186,0
32768c38,ELEC-1085,100,1
64a6ec87,ELEC-1034,278,0
836870e6,ELEC-1087,186,0
eddf1ae5,ELEC-1072,21,0
3df597fe,ELEC-1028,188,1
68234e78,ELEC-1012,216,0
eda15c56,ELEC-1099,196,0
24ce5cb0,ELEC-1085,165,0
12b11595,ELEC-1049,327,0
6faf86ca,ELEC-1098,303,0
e2d4ec65,ELEC-1029,285,1
df89cc68,ELEC-1020,55,0
c920e1d0,ELEC-1055,304,0
e86e7871,ELEC-1089,339,0
fcde93d1,ELEC-1095,63,0
21617fda,ELEC-1039,147,2
e1f77ac9,ELEC-1096,264,2
42f0a487,ELEC-1004,86,0
4dc35647,ELEC-1087,21,1
a0099aa0,ELEC-1045,317,2
b73164cb,ELEC-1079,39,0
50fff1ad,ELEC-1096,295,0
d550f0bd,ELEC-1062,192,2
e3d2730e,ELEC-1085,308,0
b5513bf6,ELEC-1080,390,0
e27c8433,ELEC-1007,317,0
d98d872f,ELEC-1022,292,0
ff799452,ELEC-1017,159,0
53fffc70,ELEC-1085,133,1
b1dd688d,ELEC-1012,280,2
f332e5ca,ELEC-1036,137,0
5cd20a6a,ELEC-1001,377,0
240642f0,ELEC-1035,227,1
afe08b3e,ELEC-1087,32,0
fb933768,ELEC-1034,38,0
5477ba4b,ELEC-1043,227,2
883bd79e,ELEC-1053,204,0
e2397af5,ELEC-1065,286,0
eadacb58,ELEC-1061,219,2
bd9167a8,ELEC-1059,321,0
3b51edd6,ELEC-1085,200,0
7600a301,ELEC-1004,261,0
fd0dab05,ELEC-1031,399,2
10c7e914,ELEC-1034,78,0
554ac9d5,ELEC-1025,325,1
66cc8c7a,ELEC-1037,350,0
28cde74d,ELEC-1016,63,1
0d10e527,ELEC-1032,285,0
1cb6215d,ELEC-1087,219,0
b3300e08,ELEC-1008,237,0
e369cb1d,ELEC-1019,208,0
4e8a0c52,ELEC-1032,354,0
2b5b1b9a,ELEC-1006,280,0
0be593d4,ELEC-1076,281,0
ade59840,ELEC-1070,236,0
0c4db5e4,ELEC-1096,320,0
01160c5a,ELEC-1082,35,0
c828f298,ELEC-1082,223,2
e2c4729b,ELEC-1083,207,1
5936b9e9,ELEC-1043,33,0
0d5e47f9,ELEC-1028,398,0
41ced18a,ELEC-1063,31,0
d5f6aacf,ELEC-1089,242,0
11a5823e,ELEC-1064,325,0
dc5be46f,ELEC-1021,331,2
da03b8f3,ELEC-1057,356,2
20a6606c,ELEC-1098,195,0
81864eec,ELEC-1014,169,0
164ee53d,ELEC-1090,73,2
12cb1920,ELEC-1085,388,0
b05aeade,ELEC-1053,295,0
4a62f1bb,ELEC-1068,79,0
ff41f906,ELEC-1016,340,0
9e02d46e,ELEC-1096,129,0
b81b3c01,ELEC-1049,56,0
6979f690,ELEC-1008,282,0
263a9494,ELEC-1053,182,0
5c50adf7,ELEC-1050,131,0
afccb64d,ELEC-1045,262,0
56404f74,ELEC-1021,171,0
de5e4db6,ELEC-1033,132,2
f6a24c2e,ELEC-1081,84,0
1e6b6895,ELEC-1049,367,1
72334cae,ELEC-1090,220,0
579c98b5,ELEC-1073,263,2
e9b29411,ELEC-1061,111,1
f51fed14,ELEC-1037,186,0
9d683492,ELEC-1010,94,2
c45f8dce,ELEC-1037,395,0
fa5540da,ELEC-1016,395,2
7ff37252,ELEC-1053,259,2
aa3a12c3,ELEC-1075,397,0
1945b75f,ELEC-1021,179,0
3304e13e,ELEC-1059,395,0
f57c3f8c,ELEC-1080,241,0
96fb13eb,ELEC-1093,198,0
5d81c127,ELEC-1048,304,0
0af1e8c4,ELEC-1003,156,0
4a1eb278,ELEC-1052,176,0
a97013ed,ELEC-1054,261,1
15da403f,ELEC-1033,43,0
6add5905,ELEC-1052,21,0
b13c766e,ELEC-1071,135,0
4542ed95,ELEC-1063,217,1
13ad6731,ELEC-1050,169,0
5982aef6,ELEC-1051,156,0
b6468214,ELEC-1071,280,0
925f1f3b,ELEC-1021,226,0
ac965c27,ELEC-1018,89,0
9e097fee,ELEC-1056,295,0
c9cede6f,ELEC-1098,255,0
2eacc9e8,ELEC-1063,51,0
99b53c78,ELEC-1018,79,0
e7fbc44e,ELEC-1010,103,0
6273c577,ELEC-1096,60,0
a7399155,ELEC-1095,320,0
ea8de750,ELEC-1019,125,0
fb042250,ELEC-1042,307,2
4fdb3012,ELEC-1032,55,0
03fe6066,ELEC-1011,214,2
3eeee922,ELEC-1094,282,0
dfe5c082,ELEC-1019,88,0
20171c6b,ELEC-1024,282,0
80fa58b4,ELEC-1011,329,0
ec5897dc,ELEC-1060,89,0
18d286d9,ELEC-1006,339,0
9c36cbf9,ELEC-1098,193,0
9da6e963,ELEC-1005,175,0
3d51f144,ELEC-1075,166,0
74a67054,ELEC-1000,320,2
37b85ae9,ELEC-1094,62,0
e2cb3a25,ELEC-1045,369,0
784427f7,ELEC-1018,234,2
dde217b0,ELEC-1041,266,0
7f64b9fb,ELEC-1099,300,2
3b4ab5e1,ELEC-1019,393,0
10831536,ELEC-1056,144,2
766156e1,ELEC-1050,84,0
8af444ec,ELEC-1012,344,2
e82e8855,ELEC-1024,180,0
3294a9cb,ELEC-1078,122,0
0123720d,ELEC-1095,81,2
34a050b0,ELEC-1013,264,0
85a6b960,ELEC-1041,152,0
ddc0d489,ELEC-1061,365,0
38e6e02f,ELEC-1069,195,2
e9757659,ELEC-1011,315,0
717f5c7b,ELEC-1029,163,0
257a9031,ELEC-1083,243,0
1fbc9177,ELEC-1051,108,0
b17dae13,ELEC-1005,86,0
d906a650,ELEC-1099,108,2
c6c0fd44,ELEC-1038,267,0
202bf28f,ELEC-1088,392,0
fbdbad2b,ELEC-1016,259,0
abfb55c7,ELEC-1081,130,0
9510ae78,ELEC-1064,241,0
03b9cd48,ELEC-1021,10,1
a73bb5ae,ELEC-1031,163,2
a442c7bb,ELEC-1079,180,0
57b7179b,ELEC-1041,228,0
8c86aacc,ELEC-1035,211,0
1b1a6b19,ELEC-1060,366,0
de0907be,ELEC-1058,377,0
8d4a126b,ELEC-1032,389,0
d5d01755,ELEC-1090,361,0
8d38d1bb,ELEC-1096,256,2
6d36d89f,ELEC-1061,143,0
cddead56,ELEC-1026,21,0
12c0d45a,ELEC-1075,272,0
d430bbd3,ELEC-1025,176,0
49b9e3f6,ELEC-1057,315,0
c7d8678f,ELEC-1092,248,0
f3c40e36,ELEC-1062,157,2
12b04a7e,ELEC-1090,107,0
88bc3992,ELEC-1062,143,1
2948c245,ELEC-1098,197,0
9acef62c,ELEC-1000,135,0
1d1a62a8,ELEC-1054,253,0
2b92a9e4,ELEC-1032,51,0
b25b4eca,ELEC-1054,276,0
2cb139a5,ELEC-1086,339,0
da8407cf,ELEC-1031,328,0
1cdc7d01,ELEC-1080,59,0
27f1c6bd,ELEC-1034,246,0
3639d6b4,ELEC-1000,390,0
f1ec2a7a,ELEC-1005,152,0
d019b670,ELEC-1044,263,0
8de579cf,ELEC-1004,145,0
94e04cb2,ELEC-1096,43,0
5af6506d,ELEC-1037,137,0
d9fa60a2,ELEC-1074,267,0
58ed2144,ELEC-1044,333,0
238f94a8,ELEC-1023,235,0
a81e3cff,ELEC-1098,227,0
05f8574a,ELEC-1021,101,0
2bf562bb,ELEC-1081,77,2
4a6fcdd3,ELEC-1000,139,0
9d37dae5,ELEC-1094,149,0
83c12567,ELEC-1005,294,0
1211ccca,ELEC-1013,36,0
bcc5ddda,ELEC-1036,270,0
cab3bbec,ELEC-1043,77,0
97862157,ELEC-1046,286,0
80472e67,ELEC-1029,254,2
d9f98361,ELEC-1068,135,0
2e9a45dc,ELEC-1006,259,0
e606c5b8,ELEC-1003,69,0
d77c7928,ELEC-1066,252,0
d81c7ffa,ELEC-1079,231,0
29dc4f28,ELEC-1077,170,0
d9ed1753,ELEC-1038,167,2
d0047e41,ELEC-1019,67,0
0111b675,ELEC-1053,183,0
6ad80946,ELEC-1011,134,0
fa88347f,ELEC-1027,310,0
fc6e65e5,ELEC-1063,79,0
f66a785d,ELEC-1083,174,0
3d725f6b,ELEC-1039,348,0
1f706c79,ELEC-1089,273,0
4591fe1e,ELEC-1057,250,0
d1a1596c,ELEC-1018,142,0
edffd7b0,ELEC-1091,43,0
48dbcd32,ELEC-1025,246,1
c73cf42d,ELEC-1025,208,0
b0692220,ELEC-1052,111,0
4b6b3af8,ELEC-1008,118,0
23e7310f,ELEC-1090,257,1
7e57ce3d,ELEC-1006,232,1
e1a9369e,ELEC-1037,368,0
a63d0724,ELEC-1088,117,0
4dc8b690,ELEC-1056,23,0
0f6bc4c8,ELEC-1042,21,0
794802c6,ELEC-1018,180,0
7ac14e42,ELEC-1028,317,0
d877f595,ELEC-1033,228,0
e74c08f2,ELEC-1017,358,0
c71b0574,ELEC-1050,233,0
ed05abbd,ELEC-1029,146,2
d6f2b513,ELEC-1047,231,1
0d893363,ELEC-1064,384,0
dbbf9067,ELEC-1085,252,0
6482af87,ELEC-1080,162,0
9bc40157,ELEC-1060,15,0
06f06ad8,ELEC-1059,69,0
a6efb355,ELEC-1005,179,0
7a7afca0,ELEC-1011,136,0
07256ac0,ELEC-1054,71,2
bb9d704b,ELEC-1050,216,0
8191cb4f,ELEC-1052,129,0
fab25aa4,ELEC-1050,305,0
d13e1440,ELEC-1088,107,0
006ce7ff,ELEC-1071,100,2
49378b02,ELEC-1040,348,0
c65c912c,ELEC-1061,341,0
4253496f,ELEC-1079,235,0
52454034,ELEC-1015,294,0
96afcdf7,ELEC-1090,19,0
496818ec,ELEC-1000,57,2
50fec9a0,ELEC-1072,239,0
fdcf9fe8,ELEC-1048,366,0
af142f7c,ELEC-1039,23,0
f2cde2f5,ELEC-1090,294,0
3cb393ba,ELEC-1032,239,1
d734f633,ELEC-1059,399,0
4370c386,ELEC-1000,53,0
74a63a2c,ELEC-1080,314,0
190eeac5,ELEC-1095,202,0
f0d9649e,ELEC-1071,369,0
8a3f80fb,ELEC-1086,19,0
ad8b4b9d,ELEC-1050,193,2
04e1c130,ELEC-1082,145,0
ad2006f8,ELEC-1080,41,0
924668ec,ELEC-1048,356,0
fcba362f,ELEC-1001,77,0
61f58961,ELEC-1034,373,0
9510be0d,ELEC-1077,65,0
18741d2b,ELEC-1007,130,0
cd3a703b,ELEC-1039,380,0
d0db7c0f,ELEC-1038,92,0
40446cea,ELEC-1081,282,0
5a2108ed,ELEC-1072,217,0
cc04c0b3,ELEC-1087,119,0
3def57e5,ELEC-1060,394,0
16cd7956,ELEC-1077,156,0
6279777c,ELEC-1036,258,0
fefd80cb,ELEC-1016,347,2
45c180c6,ELEC-1055,348,0
6ee2f822,ELEC-1030,296,0
429f4a84,ELEC-1037,341,0
d5634ea8,ELEC-1020,129,0
fdf68347,ELEC-1013,93,0
1003bf48,ELEC-1033,229,0
32f0df0d,ELEC-1028,380,0
e0896b6f,ELEC-1066,176,0
2145ae76,ELEC-1057,153,0
61098b7e,ELEC-1047,306,1
01b436b4,ELEC-1040,325,0
b12e8010,ELEC-1050,61,0
14140cbc,ELEC-1056,327,0
83100a11,ELEC-1073,107,0
ff8f6f7c,ELEC-1082,329,1
2db21f4a,ELEC-1021,259,0
bb84d5b0,ELEC-1015,295,0
fafb4904,ELEC-1007,363,0
04a1a7ca,ELEC-1036,262,0
536851c1,ELEC-1005,271,0
1e0fd13f,ELEC-1046,180,0
96be52f3,ELEC-1094,300,0
826ef076,ELEC-1002,301,0
ef2c4e99,ELEC-1025,150,0
3e254963,ELEC-1049,82,2
95e14b8b,ELEC-1075,248,0
77209585,ELEC-1044,78,0
4c09726f,ELEC-1090,298,1
2b2878b6,ELEC-1019,351,1
f1adfd2d,ELEC-1082,212,0
bbfd1fd6,ELEC-1065,306,0
0d2bc531,ELEC-1047,20,0
f5819675,ELEC-1095,257,0
7e8979ba,ELEC-1015,80,0
236e0d54,ELEC-1060,67,0
f2f1e393,ELEC-1095,159,0
68c7f940,ELEC-1013,298,0
39c0787c,ELEC-1097,228,0
1508f9f4,ELEC-1052,298,0
ce677eee,ELEC-1049,20,0
0cbba32c,ELEC-1020,165,0
53eee5cf,ELEC-1001,323,0
f5364b01,ELEC-1047,254,1
9227c5ee,ELEC-1005,364,0
b76c8ecd,ELEC-1053,298,0
08d47920,ELEC-1071,90,0
9b187991,ELEC-1078,324,1
f073fd05,ELEC-1085,74,0
666027bc,ELEC-1067,35,2
6dad37c0,ELEC-1092,166,0
21f1e10f,ELEC-1092,224,0
ef6f0b83,ELEC-1011,130,2
6b8fc09b,ELEC-1007,230,0
6d411a3e,ELEC-1096,62,0
feb6c9c6,ELEC-1081,94,0
dc117d1b,ELEC-1083,339,0
9484ed91,ELEC-1010,187,0
6b9a1ab9,ELEC-1023,139,0
60963902,ELEC-1082,337,0
465abd94,ELEC-1068,361,1
44cd28de,ELEC-1048,186,0
4fe0e25f,ELEC-1021,304,0
3896b29e,ELEC-1069,188,2
be3a6d22,ELEC-1012,244,0
a9835d00,ELEC-1031,59,0
54126e80,ELEC-1056,103,0
8289141c,ELEC-1023,338,0
a65d7730,ELEC-1091,190,2
3473a18d,ELEC-1057,43,1
c21f2753,ELEC-1077,58,0
aa6a2a3c,ELEC-1014,250,0
7366fe02,ELEC-1077,259,2
6ed3fb76,ELEC-1029,377,0
ec67700c,ELEC-1029,324,2
fec74d0c,ELEC-1040,59,0
9c352ba6,ELEC-1088,264,0
172d3c06,ELEC-1047,216,0
d22d366d,ELEC-1024,238,0
c2e3eafa,ELEC-1048,87,0
2c5f5db8,ELEC-1010,200,0
6459360f,ELEC-1066,142,0
1ef1adfd,ELEC-1058,165,0
2407ad18,ELEC-1038,331,2
9dd19bbd,ELEC-1030,26,0
f892557f,ELEC-1003,225,0
aa94e55f,ELEC-1078,52,0
aa785032,ELEC-1046,282,0
30c70b11,ELEC-1023,165,0
6242b6d6,ELEC-1075,291,0
d294fb5a,ELEC-1083,395,0
50ceb3b7,ELEC-1059,111,0
483e1d57,ELEC-1026,164,0
33b1aabf,ELEC-1028,263,1
3172505f,ELEC-1097,198,0
438ee7e8,ELEC-1078,203,0
4536a214,ELEC-1011,120,0
a5fb39f5,ELEC-1040,350,0
7c81f96e,ELEC-1035,294,0
f7ae7e9f,ELEC-1007,72,0
6210672f,ELEC-1049,388,0
30979f46,ELEC-1091,125,0
30f934f5,ELEC-1051,361,0
5000dac3,ELEC-1084,282,0
51db514a,ELEC-1077,16,0
4499fb58,ELEC-1085,334,0
5d450616,ELEC-1029,376,0
6091c8ee,ELEC-1088,292,0
0cc93082,ELEC-1018,150,1
dafdf429,ELEC-1061,31,0
5d5248d2,ELEC-1021,360,0
175eeb47,ELEC-1076,187,0
462eaf05,ELEC-1081,147,0
1b9b52f1,ELEC-1004,206,0
0f0e34a5,ELEC-1056,396,2
9272bb05,ELEC-1000,366,1
3f2c5e1c,ELEC-1049,293,0
3b7b82cd,ELEC-1029,353,0
6dc1af0a,ELEC-1089,399,0
1ed32c33,ELEC-1033,267,0
3e3418f0,ELEC-1032,331,0
d2e4c985,ELEC-1064,393,0
a69ebde7,ELEC-1091,27,0
2fb5531e,ELEC-1039,72,0
813c3f89,ELEC-1020,249,0
df132c8c,ELEC-1066,177,0
a289e327,ELEC-1088,53,0
7f363d7b,ELEC-1014,274,0
3f8b1c12,ELEC-1067,332,0
c9a5a3de,ELEC-1069,282,0
72eb5599,ELEC-1001,35,0
f1214ba6,ELEC-1080,37,0
bbbf0d22,ELEC-1073,78,0
2e6737bd,ELEC-1044,115,0
1302aea8,ELEC-1073,79,2
2807ff92,ELEC-1086,264,0
3c79c7e8,ELEC-1007,232,0
eab6bc9e,ELEC-1086,18,0
7007fcef,ELEC-1090,67,0
d55d901c,ELEC-1087,53,0
721e52e2,ELEC-1096,315,0
11e920b4,ELEC-1027,244,0
426093d5,ELEC-1024,252,0
1d21dc9a,ELEC-1045,288,0
7a960340,ELEC-1086,247,0
e15fa2ef,ELEC-1014,276,0
104f467e,ELEC-1091,13,0
a4c6c5d0,ELEC-1078,87,0
bb4a2a4d,ELEC-1069,42,0
3d5afcab,ELEC-1061,242,0
bc873be5,ELEC-1086,311,2
1c2ac724,ELEC-1095,50,0
c32c3408,ELEC-1000,172,0
06c7ce3c,ELEC-1074,354,0
84c5a2d5,ELEC-1072,98,0
07f4f7ff,ELEC-1045,28,0
916a456a,ELEC-1083,286,0
55e731d4,ELEC-1042,151,0
089a6d36,ELEC-1009,328,0
43a253c5,ELEC-1022,128,0
6a01b8ae,ELEC-1063,344,0
214bc8f7,ELEC-1053,206,1
20c6c2fc,ELEC-1050,86,0
adf49bfd,ELEC-1041,48,1
bbd80ee1,ELEC-1097,38,0
d9956550,ELEC-1067,369,0
433c50c2,ELEC-1027,320,0
07421625,ELEC-1087,80,0
7883d026,ELEC-1055,204,0
855bc2a4,ELEC-1048,89,0
39988036,ELEC-1067,149,2
38c7ce3e,ELEC-1007,289,0
8ce07097,ELEC-1058,171,0
c30a8852,ELEC-1095,305,0
e4833642,ELEC-1062,72,0
146efb81,ELEC-1015,136,0
d79affba,ELEC-1071,24,1
cf1f3397,ELEC-1088,88,0
926fbc63,ELEC-1093,98,0
e3f0ab8f,ELEC-1055,44,0
1a45d50b,ELEC-1014,293,1
864e82fb,ELEC-1036,309,0
9018ef54,ELEC-1057,367,1
009bae83,ELEC-1030,355,0
8b30679f,ELEC-1075,203,0
528243b2,ELEC-1068,301,2
57fb0c28,ELEC-1086,259,0
e585508c,ELEC-1085,115,0
b3af1ccd,ELEC-1066,257,0
9cccab26,ELEC-1042,233,1
530c4d18,ELEC-1024,154,0
045d1de7,ELEC-1033,70,0
d2b0f3a7,ELEC-1033,271,1
c7096c26,ELEC-1073,65,0
66ad9228,ELEC-1027,12,0
4c97be61,ELEC-1081,149,0
7ce38260,ELEC-1095,177,0
88aba88b,ELEC-1063,117,0
0397c481,ELEC-1097,283,0
1803782e,ELEC-1038,343,0
1ce56eb4,ELEC-1097,228,0
4ba5f04c,ELEC-1093,270,0
8016e754,ELEC-1027,286,0
ddeb1c56,ELEC-1076,215,0
9449a75e,ELEC-1064,167,0
b9dbdccc,ELEC-1016,254,0
cbbbff9a,ELEC-1002,379,0
5125e006,ELEC-1050,395,0
4ce5ef5d,ELEC-1009,394,0
9fafc302,ELEC-1030,296,0
05071f42,ELEC-1015,355,0
0f40b9a5,ELEC-1083,87,0
b4989354,ELEC-1029,146,0
53b7fab0,ELEC-1054,27,0
de47be1c,ELEC-1030,125,2
19637e4a,ELEC-1086,77,0
877c3a43,ELEC-1076,254,0
97f26347,ELEC-1002,351,0
c74dab5e,ELEC-1059,25,0
8f1e6dc0,ELEC-1004,230,0
719ef4c8,ELEC-1074,368,0
d2dbea21,ELEC-1008,130,0
92d2e59f,ELEC-1035,68,0
eb601fcd,ELEC-1080,372,0
fbe9fc6d,ELEC-1037,379,0
9226a865,ELEC-1007,95,0
a4017d1b,ELEC-1048,156,0
0e45c499,ELEC-1021,129,0
28cfb119,ELEC-1030,89,2
d58f2c0d,ELEC-1073,387,0
a083cd33,ELEC-1095,138,1
63d6c396,ELEC-1013,59,0
35c37af4,ELEC-1047,342,2
c6f05159,ELEC-1097,56,0
5100261e,ELEC-1089,334,0
8cfbb6df,ELEC-1099,325,2
ffe36cbb,ELEC-1047,370,0
940ba842,ELEC-1012,297,0
3ca542af,ELEC-1072,295,0
0a1ab200,ELEC-1026,231,0
6885c494,ELEC-1077,154,0
82259a72,ELEC-1036,238,0
d372c615,ELEC-1001,316,0
d4a32cff,ELEC-1083,267,0
0bff0b40,ELEC-1052,243,0
baeccc67,ELEC-1071,353,0
08e23542,ELEC-1098,231,2
3dd595b6,ELEC-1020,237,0
a3210325,ELEC-1021,55,0
69dffe1a,ELEC-1070,66,0
c604a306,ELEC-1062,58,0
994cbac4,ELEC-1077,50,0
4c1d8bf4,ELEC-1004,360,0
d90222a6,ELEC-1084,64,0
5f11f1ae,ELEC-1095,249,1
2888ad69,ELEC-1089,382,0
cb9ad896,ELEC-1063,111,0
66ce0190,ELEC-1007,92,0
ee1bf4f5,ELEC-1048,241,0
7c07680a,ELEC-1027,113,0
66b54465,ELEC-1072,312,1
9e93c05c,ELEC-1081,305,0
095d9a35,ELEC-1019,323,0
8cc98592,ELEC-1000,39,2
4d3dc80f,ELEC-1035,151,0
f4b84a65,ELEC-1075,301,0
d3711378,ELEC-1019,389,0
fc770e11,ELEC-1097,324,1
9f1c15dd,ELEC-1063,130,0
03a6f8f7,ELEC-1099,90,0
34e02666,ELEC-1070,398,0
923d7e4a,ELEC-1042,349,0
893c0786,ELEC-1042,94,0
1360cb9c,ELEC-1088,244,0
ac23d104,ELEC-1081,64,0
7a320386,ELEC-1046,244,1
df9d1213,ELEC-1036,386,0
8ae25d95,ELEC-1030,135,0
2628887f,ELEC-1013,210,0
d514764c,ELEC-1025,394,0
9828b946,ELEC-1050,176,2
732d8edc,ELEC-1001,287,0
5cbccb96,ELEC-1009,128,0
326b8f50,ELEC-1028,333,0
dfa031c1,ELEC-1013,339,0
78090783,ELEC-1040,367,1
0303dbed,ELEC-1022,48,0
e64e886b,ELEC-1091,211,2
990a6f40,ELEC-1023,224,0
0fea298c,ELEC-1067,332,0
e4e54490,ELEC-1079,126,0
e33744d9,ELEC-1000,376,0
e8120b26,ELEC-1052,298,0
c63191f2,ELEC-1093,83,0
75faf55e,ELEC-1003,316,2
795b52a6,ELEC-1061,378,1
d64f822c,ELEC-1020,152,1
01f88ce6,ELEC-1093,24,0
72f77c8c,ELEC-1014,395,0
03da657b,ELEC-1097,218,0
a1361bd1,ELEC-1052,307,0
b42366a5,ELEC-1084,297,2
fd43c7bc,ELEC-1072,87,0
dba9a4f4,ELEC-1037,152,0
020bbd53,ELEC-1057,252,1
66687d02,ELEC-1048,186,0
75781639,ELEC-1086,202,0
f85b1b1f,ELEC-1082,311,2
d613ccff,ELEC-1011,140,0
89381612,ELEC-1081,365,0
a3ef0856,ELEC-1052,333,0
964ee239,ELEC-1091,227,0
4361e86e,ELEC-1053,319,0
f08900a9,ELEC-1068,11,2
0a169d26,ELEC-1014,47,0
53e0e999,ELEC-1082,241,0
36af23f5,ELEC-1014,99,0
3df185ef,ELEC-1047,216,0
b835fb8b,ELEC-1082,373,0
9270bca3,ELEC-1071,155,2
4e7aa94a,ELEC-1053,284,0
c335a56b,ELEC-1033,275,0
ed8d36eb,ELEC-1079,139,0
33e0a548,ELEC-1091,62,0
d4792a63,ELEC-1017,276,0
11076111,ELEC-1039,195,0
90f7632f,ELEC-1061,358,1
3c2c65f2,ELEC-1096,372,0
fb36f1a8,ELEC-1079,147,0
83c8e086,ELEC-1003,384,1
fe4ee7da,ELEC-1090,44,0
93bf27af,ELEC-1064,274,0
01c7484c,ELEC-1048,64,0
2e1ea1cc,ELEC-1020,308,1
d2b10b1e,ELEC-1096,395,0
5930b519,ELEC-1090,174,0
2c09ade9,ELEC-1029,46,0
83f2740c,ELEC-1054,251,0
37670eaa,ELEC-1047,188,1
c116be1a,ELEC-1066,244,0
70c4b602,ELEC-1096,279,0
7ec27383,ELEC-1075,59,0
12af33d5,ELEC-1074,279,0
5846f43f,ELEC-1087,323,0
a3bcfe2e,ELEC-1016,297,0
2441a608,ELEC-1091,250,0
da74c6f2,ELEC-1080,175,0
7b567ed1,ELEC-1026,94,0
0e576c97,ELEC-1068,107,0
2b70cd27,ELEC-1058,122,0
55a333da,ELEC-1038,311,0
b5ced032,ELEC-1008,92,0
8734cca3,ELEC-1046,150,2
1b12b1e0,ELEC-1047,204,0
12a910a5,ELEC-1078,262,0
f108b625,ELEC-1028,106,0
14d15c86,ELEC-1054,119,0
705d22ff,ELEC-1073,355,0
77b3e533,ELEC-1023,133,0
64f0a86b,ELEC-1011,347,0
5a554a08,ELEC-1085,397,2
2cd7f844,ELEC-1003,48,0
7469dc32,ELEC-1011,273,1
12c740be,ELEC-1098,334,0
c0d72eec,ELEC-1072,387,0
10dd97c6,ELEC-1000,288,0
fba2a60a,ELEC-1016,142,1
32400f15,ELEC-1019,235,0
253391f6,ELEC-1037,59,0
52045276,ELEC-1063,349,0
8addc2d2,ELEC-1013,72,0
e0858732,ELEC-1088,36,0
60422d7a,ELEC-1046,274,2
cfa34ac5,ELEC-1050,311,1
b6e1e5aa,ELEC-1038,378,0
5ec0198d,ELEC-1065,187,0
973c4b1a,ELEC-1006,266,0
8ef50a6b,ELEC-1076,40,0
f718c37a,ELEC-1015,151,0
338744f7,ELEC-1072,285,1
d4e383dc,ELEC-1008,139,0
82feae5b,ELEC-1030,13,0
da48ca04,ELEC-1062,219,0
0e838150,ELEC-1063,230,2
5d8abb60,ELEC-1089,339,2
13825def,ELEC-1000,343,1
35a9ab63,ELEC-1065,60,0
c989fe00,ELEC-1048,287,0
61ef6e60,ELEC-1042,324,0
39ce95e6,ELEC-1097,23,0
beee57d8,ELEC-1010,263,0
b518e2cc,ELEC-1027,97,0
650292af,ELEC-1006,65,2
34e8b826,ELEC-1006,312,2
258b4932,ELEC-1027,164,0
e0838d11,ELEC-1055,94,0
5b24c60f,ELEC-1029,112,0
99d786ca,ELEC-1014,275,0
25968d53,ELEC-1000,387,0
53046ffd,ELEC-1045,35,0
f6544abc,ELEC-1089,61,0
063762ab,ELEC-1029,98,0
e356990b,ELEC-1021,388,0
3d4eacab,ELEC-1046,372,0
3e2677a9,ELEC-1050,167,0
953998ce,ELEC-1058,288,1
d0290bbc,ELEC-1059,80,0
fc161c59,ELEC-1097,132,0
75539738,ELEC-1036,350,0
8c7fd86e,ELEC-1027,292,0
fa382e71,ELEC-1044,42,1
0c2b173e,ELEC-1019,47,0
e45554f2,ELEC-1052,46,0
9a0509f4,ELEC-1037,85,0
c2697699,ELEC-1003,381,0
5de35b1b,ELEC-1009,87,2
130bf0cc,ELEC-1052,380,0
4848d6e0,ELEC-1043,15,0
4fefe894,ELEC-1071,274,0
60dae7ed,ELEC-1055,238,0
7baa7064,ELEC-1009,248,0
bd375a5e,ELEC-1081,208,0
c601f7f0,ELEC-1062,51,0
a6a7c8b3,ELEC-1008,101,0
f86396e8,ELEC-1055,303,0
142a9bb5,ELEC-1035,37,0
847d7a03,ELEC-1053,230,0
872832df,ELEC-1072,105,1
e8047d73,ELEC-1041,150,0
e3f6f268,ELEC-1084,116,0
daacf6e0,ELEC-1071,124,0
eada3a8c,ELEC-1049,347,0
53479eee,ELEC-1057,14,0
6e9f0416,ELEC-1064,153,1
9efc63af,ELEC-1041,104,0
8c2181c0,ELEC-1031,371,0
d8d29754,ELEC-1018,64,0
c6ed4619,ELEC-1067,72,0
a2d0b578,ELEC-1059,111,0
508d4a0b,ELEC-1081,208,0
ba6481d1,ELEC-1046,307,0
9ad24b39,ELEC-1028,181,0
b0aa94ef,ELEC-1004,283,0
e32b370b,ELEC-1077,281,0
cb6f1b91,ELEC-1013,111,0
6edce3e1,ELEC-1024,227,0
59d1d8aa,ELEC-1085,328,0
9d9bfebd,ELEC-1061,237,0
7c20d7e4,ELEC-1055,383,0
8dc94c68,ELEC-1045,176,0
8ff358b7,ELEC-1014,347,0
5fb54e8f,ELEC-1004,198,0
4acf76d0,ELEC-1092,16,0
4da1c9da,ELEC-1034,10,0
1d2d80f0,ELEC-1079,316,0
f8a6a7c4,ELEC-1047,140,0
e9c2aa80,ELEC-1097,102,0
3fd80183,ELEC-1004,362,0
30a015e0,ELEC-1000,362,0
bb258938,ELEC-1041,397,0
cca0400b,ELEC-1084,167,1
be1e5475,ELEC-1020,277,1
ee9ccc85,ELEC-1007,128,0
a85efc7e,ELEC-1000,386,2
4320ed49,ELEC-1060,245,0
0c9cb9e3,ELEC-1059,262,0
ab539267,ELEC-1036,191,0
5f654598,ELEC-1001,395,0
e2f8a009,ELEC-1065,63,0
884d9053,ELEC-1007,190,0
16278bb2,ELEC-1040,389,0
a6874b82,ELEC-1029,54,0
64cdd8b4,ELEC-1007,224,0
98f0d734,ELEC-1067,320,0
ab5ed57b,ELEC-1078,169,0
7739edd0,ELEC-1044,160,1
0f9c0a09,ELEC-1084,280,2
93ab746f,ELEC-1094,239,2
05a0036c,ELEC-1000,225,0
bdc5f846,ELEC-1087,197,0
9c797907,ELEC-1080,21,0
ce50e864,ELEC-1077,85,2
0fb6c4ff,ELEC-1047,322,2
d308d710,ELEC-1001,75,0
a2837b5c,ELEC-1050,40,1
4f665509,ELEC-1089,224,0
ed548177,ELEC-1028,201,0
c07520e1,ELEC-1040,361,0
d2e2ddcc,ELEC-1003,25,2
ae7cc604,ELEC-1076,258,0
1f5cbba8,ELEC-1073,67,0
7477501c,ELEC-1088,135,0
036d8947,ELEC-1031,152,0
d6e1a0db,ELEC-1058,375,2
b6d213ce,ELEC-1093,154,0
66211654,ELEC-1053,208,0
d3a29fdd,ELEC-1075,242,2
f320484d,ELEC-1078,179,2
9cf25f86,ELEC-1094,113,1
69570642,ELEC-1042,196,0
446a517e,ELEC-1059,63,0
5589e632,ELEC-1026,291,2
73062f96,ELEC-1066,294,0
306d1c5d,ELEC-1091,259,0
75909e3c,ELEC-1033,83,2
50d191ee,ELEC-1056,291,1
2f4967c1,ELEC-1018,238,0
4eae6341,ELEC-1056,368,0
38cda2c5,ELEC-1082,269,1
5d6a63d7,ELEC-1077,16,0
42cc5f53,ELEC-1036,175,2
b9be489b,ELEC-1054,170,0
ea518f5c,ELEC-1047,180,0
9a02ecb4,ELEC-1003,216,1
41bac32b,ELEC-1079,358,0
e3a61a38,ELEC-1087,96,1
af125478,ELEC-1005,308,1
62965dc2,ELEC-1095,57,0
222d9b1a,ELEC-1090,71,0
c21eb035,ELEC-1015,195,0
b5dae97a,ELEC-1006,116,0
03848f17,ELEC-1057,123,0
be080523,ELEC-1075,329,2
8ea9ea3c,ELEC-1062,298,0
eccc262a,ELEC-1098,79,0
dbc2529d,ELEC-1017,265,0
54425d0e,ELEC-1061,68,1
fb578118,ELEC-1043,399,0
ef1d6aab,ELEC-1089,160,1
3af85855,ELEC-1095,194,0
fea70ace,ELEC-1064,304,2
d5a4f711,ELEC-1001,220,0
94dae1bc,ELEC-1062,55,0
20752961,ELEC-1097,353,0
2790397b,ELEC-1006,212,0
e0a54dc2,ELEC-1064,293,0
0eafca69,ELEC-1048,18,0
3a8b0f8e,ELEC-1022,130,0
8a203bf5,ELEC-1053,310,0
4e5c87ef,ELEC-1018,292,1
b932d756,ELEC-1038,189,0
b649b6dd,ELEC-1003,290,0
c1c31a4f,ELEC-1055,338,0
c24dc4ba,ELEC-1094,277,0
be4326c0,ELEC-1039,106,1
fd7a1770,ELEC-1007,216,1
5b8631af,ELEC-1012,52,2
3ee430e2,ELEC-1002,279,1
d27b7338,ELEC-1066,273,0
86dc2d08,ELEC-1051,293,0
85fac591,ELEC-1012,93,1
aece8c39,ELEC-1041,269,0
f6e5d212,ELEC-1050,319,0
c4c3fa17,ELEC-1017,174,0
58533c86,ELEC-1064,24,2
346e6fe4,ELEC-1085,265,2
f2630437,ELEC-1092,23,0
ebeffe73,ELEC-1083,184,1
4b0723ae,ELEC-1022,247,0
ab6dbdf8,ELEC-1050,113,0
6c876af8,ELEC-1040,10,0
f6b7e89c,ELEC-1011,263,1
0a61e269,ELEC-1075,269,0
c876d343,ELEC-1081,71,0
9c8cafcc,ELEC-1046,98,0
edd8dc89,ELEC-1085,298,0
3770abc1,ELEC-1054,190,0
1f0045a5,ELEC-1082,181,2
60c2c236,ELEC-1050,285,0
32768f56,ELEC-1058,174,0
120b8abe,ELEC-1046,153,0
87c4e589,ELEC-1063,188,0
14bd8bd5,ELEC-1044,206,0
0bffd51d,ELEC-1048,320,0
e7741203,ELEC-1038,53,1
77710b1e,ELEC-1074,86,0
2d6c136a,ELEC-1015,179,1
b3194d69,ELEC-1040,75,0
abee76c9,ELEC-1034,168,0
120baae5,ELEC-1043,71,0
774a8d23,ELEC-1013,70,0
7a11ae13,ELEC-1070,181,1
d810ec12,ELEC-1040,110,0
17f09cfe,ELEC-1073,108,0
64c6eb85,ELEC-1094,187,0
f7646653,ELEC-1080,96,1
ede289ba,ELEC-1059,63,0
176d368a,ELEC-1097,117,0
20493059,ELEC-1055,37,0
89a0e322,ELEC-1008,178,0
7ccf25c5,ELEC-1024,116,0
d9535d38,ELEC-1082,366,2
926733d6,ELEC-1093,339,2
f44babfa,ELEC-1044,332,0
2cdf5e12,ELEC-1095,180,1
d7d84980,ELEC-1089,188,0
2d96d49c,ELEC-1051,190,1
646ed3c7,ELEC-1034,290,2
ffd8a683,ELEC-1071,116,0
14328582,ELEC-1073,60,0
ddfc86ca,ELEC-1088,268,1
02943173,ELEC-1086,71,0
84e7984e,ELEC-1021,82,0
c5a4766f,ELEC-1064,196,0
244a588f,ELEC-1004,299,0
df73ba51,ELEC-1090,273,0
bbe9e84a,ELEC-1005,311,0
d71e78ff,ELEC-1040,117,1
cd9bdc33,ELEC-1044,208,0
26192c53,ELEC-1037,355,1
dfc8395c,ELEC-1077,178,0
b3b6c1ca,ELEC-1007,35,0
b8a7009c,ELEC-1038,186,1
5b6e5ce4,ELEC-1024,241,0
46672e29,ELEC-1016,98,0
3a7f0135,ELEC-1051,377,0
033c150e,ELEC-1054,331,0
5dd50ee7,ELEC-1074,126,0
20f1ca73,ELEC-1066,106,1
e67acc02,ELEC-1083,12,0
c9780a97,ELEC-1059,239,0
4becc710,ELEC-1076,24,0
b57dd183,ELEC-1020,263,0
42f0ca0d,ELEC-1001,72,0
1be7377b,ELEC-1074,154,0
c0a2d1f1,ELEC-1050,16,2
2f4caeed,ELEC-1036,363,0
adeb07ec,ELEC-1062,256,0
3b6f7bb0,ELEC-1033,77,0
e6d9a2bf,ELEC-1038,70,0
02248076,ELEC-1034,229,0
c743b471,ELEC-1093,61,2
776b1d7d,ELEC-1086,204,0
b08df5a3,ELEC-1008,92,0
b5aa9fe4,ELEC-1010,104,0
7967d0d0,ELEC-1006,188,2
643723fb,ELEC-1084,120,0
acc06bb4,ELEC-1096,147,0
78c16b07,ELEC-1047,47,0
d39b504d,ELEC-1020,199,0
4d727fbf,ELEC-1037,337,0
6091bc0a,ELEC-1017,377,0
9475a956,ELEC-1026,206,0
2acda2fd,ELEC-1068,140,2
72359410,ELEC-1097,118,0
4f0a7ed1,ELEC-1013,266,1
e5aba2c0,ELEC-1035,147,0
9023c1f6,ELEC-1066,65,0
4e13445a,ELEC-1084,21,1
be6f438e,ELEC-1050,22,0
2f0fea9b,ELEC-1021,252,0
09b26e26,ELEC-1024,16,0
8c0eba41,ELEC-1040,358,0
a8ec7208,ELEC-1060,90,0
8b2ee6aa,ELEC-1090,108,0
e412d913,ELEC-1010,228,0
65639a62,ELEC-1008,17,0
bc24a250,ELEC-1059,72,1
60599139,ELEC-1037,122,0
e3296730,ELEC-1054,183,0
71c53323,ELEC-1025,107,0
0ae51e6a,ELEC-1052,67,0
8e4a3fda,ELEC-1094,329,0
a154e8aa,ELEC-1090,171,0
b290358d,ELEC-1049,304,0
20826897,ELEC-1051,242,0
c5f647f2,ELEC-1095,20,0
cb4c65cb,ELEC-1013,29,0
eff38f00,ELEC-1098,362,0
e8ba7548,ELEC-1062,86,0
de8480e4,ELEC-1021,182,0
1f3805bc,ELEC-1055,299,0
bec841d5,ELEC-1000,282,0
df9c2583,ELEC-1050,175,0
c687123a,ELEC-1040,48,0
e7b4fa66,ELEC-1091,111,0
a6310b95,ELEC-1071,237,0
5361b31f,ELEC-1097,267,0
4b3a34c1,ELEC-1022,38,0
9f0629da,ELEC-1052,143,0
0cbd72dc,ELEC-1085,273,0
64cd86c5,ELEC-1099,309,2
ed5da30b,ELEC-1046,179,0
6c9fc835,ELEC-1026,310,0
61fee55f,ELEC-1052,256,0
1e12b324,ELEC-1020,326,0
6901b5bd,ELEC-1019,281,0
96ec84fd,ELEC-1056,73,0
96ba9798,ELEC-1094,339,2
33be739a,ELEC-1095,226,0
cb005f7a,ELEC-1036,241,0
9c486ff2,ELEC-1002,21,2
7fabd152,ELEC-1005,302,0
9680db35,ELEC-1074,169,0
210a1e67,ELEC-1058,341,0
4d548d85,ELEC-1015,156,0
832c469e,ELEC-1078,387,0
e043d591,ELEC-1078,64,0
737e01d1,ELEC-1052,14,0
6b247406,ELEC-1036,370,0
22829caf,ELEC-1098,107,1
f837fa5c,ELEC-1001,162,0
0669ae9c,ELEC-1099,20,0
245060a1,ELEC-1045,184,0
a0d3c3f0,ELEC-1089,392,0
6bef45f3,ELEC-1089,129,0
26e215ab,ELEC-1027,342,0
0c1188c2,ELEC-1075,220,1
cf7c425b,ELEC-1035,362,0
4c92d4d4,ELEC-1024,278,2
16749e77,ELEC-1061,196,1
148202f4,ELEC-1048,329,0
137de504,ELEC-1016,343,0
69a44437,ELEC-1057,225,0
ce4b04b2,ELEC-1005,210,0
73a5eb8e,ELEC-1091,224,0
9e72c65b,ELEC-1033,53,0
a08dc8a8,ELEC-1039,214,2
983fcd36,ELEC-1066,175,0
af1efbe9,ELEC-1009,130,0
e5b76e66,ELEC-1031,98,2
c306a3d5,ELEC-1033,145,0
775089f4,ELEC-1067,223,0
d8f171e0,ELEC-1034,214,0
f678f2c4,ELEC-1002,128,0
d502e824,ELEC-1000,62,0
19f30099,ELEC-1009,307,0
3d8c5f0e,ELEC-1053,16,0
9c616459,ELEC-1075,32,2
b8ebe952,ELEC-1083,46,2
2433caff,ELEC-1038,327,0
f8fed80a,ELEC-1082,97,0
afda6fa6,ELEC-1059,226,0
50c8b394,ELEC-1096,184,2
3a25fb6e,ELEC-1073,397,0
98c4b056,ELEC-1077,232,0
d617fa6b,ELEC-1025,352,0
8f8bac06,ELEC-1077,269,0
6692f99b,ELEC-1016,262,0
cb261d1a,ELEC-1077,108,0
2be967d7,ELEC-1070,223,0
1c417b09,ELEC-1071,179,0
919216b6,ELEC-1066,17,1
147eb489,ELEC-1012,292,0
f247c15a,ELEC-1033,251,0
5f5ac19d,ELEC-1078,94,0
2c5fdea7,ELEC-1016,238,0
d0cb44f6,ELEC-1024,133,0
b5f12f89,ELEC-1065,213,0
b0f59c49,ELEC-1099,125,0
eba4315f,ELEC-1067,79,0
7f396464,ELEC-1039,136,1
eaf9c933,ELEC-1022,85,0
625505d9,ELEC-1021,300,0
a0fa3219,ELEC-1014,218,0
2749e785,ELEC-1077,366,0
fad6888a,ELEC-1000,141,2
2d0bea6e,ELEC-1004,16,1
c4b0b825,ELEC-1097,143,0
083958fa,ELEC-1022,139,1
26bda73d,ELEC-1047,265,0
d04e8105,ELEC-1088,381,0
cd028530,ELEC-1049,329,0
4d982033,ELEC-1083,256,0
f5b9137a,ELEC-1033,398,2
8a454b0d,ELEC-1047,149,0
aa2ebe7c,ELEC-1039,161,0
59731ef9,ELEC-1025,153,0
b145fb93,ELEC-1064,140,0
8d8696c5,ELEC-1024,289,1
01e86ecb,ELEC-1037,253,0
cc114bae,ELEC-1083,373,2
5b04dd63,ELEC-1085,55,0
5053e2ac,ELEC-1094,14,0
34e0625c,ELEC-1008,224,0
f484c138,ELEC-1030,211,1
3e666cc9,ELEC-1089,113,0
f97f9258,ELEC-1079,206,0
20578242,ELEC-1063,108,0
f4fe8080,ELEC-1017,45,0
c2cd8c88,ELEC-1034,176,0
b093814c,ELEC-1027,261,1
e75fde00,ELEC-1016,276,0
e923a0d3,ELEC-1065,141,0
9d91fc88,ELEC-1014,121,0
05329fbd,ELEC-1024,292,1
afae9bc4,ELEC-1016,272,0
96ac688c,ELEC-1001,290,2
17ca8f4e,ELEC-1087,78,0
554341fc,ELEC-1005,240,0
128e9f51,ELEC-1065,343,0
7d68d8f4,ELEC-1078,233,0
e4c70c6f,ELEC-1013,388,0
f4f58923,ELEC-1035,317,0
3e052baa,ELEC-1082,225,0
fdcd5f04,ELEC-1043,325,2
8aa9dfd8,ELEC-1051,193,0
2fba15fc,ELEC-1096,115,0
1dddcb9c,ELEC-1018,13,0
02e9cf50,ELEC-1010,13,0
65144968,ELEC-1054,390,0
83ca0d04,ELEC-1061,247,0
93d37901,ELEC-1020,389,0
d1106b91,ELEC-1076,376,0
345353c2,ELEC-1024,231,0
3e55c8de,ELEC-1081,308,0
2c14e46b,ELEC-1082,306,0
899ef9e7,ELEC-1026,290,1
8b10801c,ELEC-1057,299,2
54ff203b,ELEC-1072,354,0
f7547bb2,ELEC-1021,102,0
d22f15a9,ELEC-1003,68,0
28321be3,ELEC-1025,385,2
79cb5696,ELEC-1010,218,0
21de9553,ELEC-1044,50,0
bad41d92,ELEC-1065,247,0
eaa3c4c9,ELEC-1061,168,0
21844e62,ELEC-1030,240,0
a9f02532,ELEC-1040,26,0
fb817fd3,ELEC-1074,97,0
8e2d53ed,ELEC-1049,229,0
5e34b52e,ELEC-1036,380,0
4eaa5633,ELEC-1063,297,1
1367d1a8,ELEC-1082,379,0
f542bd92,ELEC-1050,298,2
26eb1f7f,ELEC-1040,380,0
871a14b1,ELEC-1036,107,0
44a19b58,ELEC-1052,137,0
07d8d8f4,ELEC-1096,30,0
71bd110b,ELEC-1076,232,0
61540562,ELEC-1022,51,0
da0c5241,ELEC-1028,261,0
b6d0e7e3,ELEC-1083,64,0
236ec8c0,ELEC-1071,131,0
9af903d2,ELEC-1095,225,0
b880b1d2,ELEC-1092,252,0
ae78f5cb,ELEC-1095,152,0
ddd55795,ELEC-1099,82,0
0db16d7a,ELEC-1001,294,0
81614a24,ELEC-1098,212,0
962a35cf,ELEC-1066,152,0
fe085695,ELEC-1072,304,0
062448af,ELEC-1064,297,0
62d782b0,ELEC-1036,128,0
1bb797c8,ELEC-1067,102,0
6af07f7f,ELEC-1006,236,0
659d1a51,ELEC-1092,254,1
1a8d7cb9,ELEC-1090,393,0
47ee7a9e,ELEC-1030,360,0
aede3063,ELEC-1067,125,1
9473c2af,ELEC-1050,330,2
5b11ddbb,ELEC-1070,207,0
a694402f,ELEC-1089,168,0
060153b3,ELEC-1040,64,0
5abe885e,ELEC-1067,34,2
1594ee37,ELEC-1032,246,0
a4b41b1b,ELEC-1081,376,0
5b70b992,ELEC-1082,21,0
5227e83b,ELEC-1006,102,0
501da5f9,ELEC-1059,19,0
cde7f163,ELEC-1004,83,1
3ece6b15,ELEC-1064,24,0
7adcb669,ELEC-1045,238,1
8f08e823,ELEC-1015,380,0
9c4d1eb0,ELEC-1010,147,0
965a7d53,ELEC-1095,368,0
cc92f7af,ELEC-1039,313,0
c10c7de1,ELEC-1032,278,0
793d2d49,ELEC-1009,190,1
814f7c23,ELEC-1060,104,0
8bceff45,ELEC-1047,293,1
b78d1f1d,ELEC-1014,378,0
ba448aee,ELEC-1088,272,0
8f0c05ed,ELEC-1051,299,0
4a0b0631,ELEC-1080,213,0
0e417005,ELEC-1022,381,0
b5fe2d5e,ELEC-1074,342,0
07b2208d,ELEC-1058,353,0
33e39b2c,ELEC-1008,173,0
c1f93bc6,ELEC-1053,363,0
e09820f9,ELEC-1034,177,0
f0aec1fa,ELEC-1084,102,2
d8656dc7,ELEC-1071,318,0
540724d0,ELEC-1086,317,0
7b37f093,ELEC-1028,60,0
fcee89e0,ELEC-1049,283,1
e577e159,ELEC-1003,340,0
73d61943,ELEC-1017,328,1
240e133e,ELEC-1060,125,0
3eb9ece9,ELEC-1062,39,0
5f9ca62b,ELEC-1068,115,0
e1d09f9a,ELEC-1014,34,0
2b182853,ELEC-1087,22,0
3765b20f,ELEC-1087,22,0
8ec5e7c6,ELEC-1087,389,0
2af0e6f9,ELEC-1052,58,0
3245d765,ELEC-1008,184,0
b15cac2e,ELEC-1014,388,0
4dda6d1b,ELEC-1031,393,2
b4d09b40,ELEC-1043,382,0
c96388d6,ELEC-1009,73,0
1a6001fd,ELEC-1050,66,0
48c2c0fc,ELEC-1011,350,0
43b8b843,ELEC-1063,312,0
61a430c0,ELEC-1013,367,0
6b38bf3d,ELEC-1085,93,0
6c39ab41,ELEC-1079,269,0
f86febb9,ELEC-1077,233,0
a6e41bb9,ELEC-1033,198,2
68d203f2,ELEC-1013,31,0
b985661d,ELEC-1089,183,0
c2a8707f,ELEC-1015,33,0
26d3f655,ELEC-1004,283,0
cc8a8e7e,ELEC-1023,287,0
d55eb5fa,ELEC-1030,213,1
c6521dec,ELEC-1059,284,0
4ec6002a,ELEC-1010,334,0
687c82cc,ELEC-1047,13,0
c2913dc9,ELEC-1038,269,0
bfa56b61,ELEC-1096,155,0
65e93ffb,ELEC-1093,188,0
a8bfef81,ELEC-1055,296,0
7bdd1b05,ELEC-1030,190,0
71c77b87,ELEC-1042,109,0
c9ad2eba,ELEC-1088,264,0
3c05efa8,ELEC-1016,241,0
cb6a6ed0,ELEC-1048,161,0
67b9e2bc,ELEC-1010,134,0
1bee9376,ELEC-1085,365,1
6c794d86,ELEC-1020,250,1
4d132e05,ELEC-1076,252,0
d7608361,ELEC-1092,129,0
7af44d87,ELEC-1052,310,1
66cb5745,ELEC-1009,152,0
bcd40a96,ELEC-1076,101,0
1801af4e,ELEC-1031,315,2
ece55909,ELEC-1011,345,0
91ab67b1,ELEC-1083,71,0
1b5733cf,ELEC-1032,32,0
fa169fcf,ELEC-1077,79,0
1ca4b4ec,ELEC-1000,254,2
3899a4d1,ELEC-1051,226,0
bdc55bee,ELEC-1094,107,0
842c91fb,ELEC-1043,285,0
d3c3b86a,ELEC-1074,141,0
1520833e,ELEC-1078,347,0
21806bd2,ELEC-1040,270,0
24f86d5b,ELEC-1034,122,0
af56f0ca,ELEC-1054,35,0
409a1536,ELEC-1006,342,0
a649779e,ELEC-1056,386,0
19c25748,ELEC-1069,367,0
595f40be,ELEC-1040,198,0
780263fb,ELEC-1017,159,1
50f34b8e,ELEC-1009,107,0
f7a14a0f,ELEC-1027,240,0
b6fb9904,ELEC-1040,96,1
d70c1304,ELEC-1032,133,0
000f619e,ELEC-1029,323,2
81aee073,ELEC-1058,69,0
123b5eff,ELEC-1042,147,0
42605d49,ELEC-1052,101,0
a072bffa,ELEC-1043,210,0
85aff75c,ELEC-1079,304,0
0dbb946f,ELEC-1023,320,1
9c2b3616,ELEC-1007,104,0
7e6801d1,ELEC-1091,388,2
cf8f1091,ELEC-1082,175,0
c36f1611,ELEC-1037,118,1
9c84f416,ELEC-1091,285,0
7a5dc13e,ELEC-1046,393,2
49572ca6,ELEC-1031,143,0
b432cb81,ELEC-1036,110,0
9fa0455f,ELEC-1064,371,2
a65f8b07,ELEC-1046,322,0
4276fad4,ELEC-1081,72,0
0c9f28b1,ELEC-1096,386,0
ad965d76,ELEC-1076,368,0
1f24987f,ELEC-1004,386,0
084a089d,ELEC-1041,398,0
b2daa848,ELEC-1004,334,0
6c6e00cd,ELEC-1048,311,0
4456d699,ELEC-1034,276,0
05a58c08,ELEC-1032,318,0
5918e712,ELEC-1047,51,0
1a436888,ELEC-1020,20,0
23aa8333,ELEC-1085,140,0
83eeb54c,ELEC-1006,307,2
08ec4f0e,ELEC-1034,386,0
8adfc931,ELEC-1021,243,0
6782712d,ELEC-1000,194,0
1466c967,ELEC-1072,197,0
9d207868,ELEC-1092,398,0
65fb30ba,ELEC-1048,388,0
5934c5f1,ELEC-1005,275,0
df393cf4,ELEC-1043,373,0
3d67a818,ELEC-1064,310,2
13aa5a11,ELEC-1048,67,0
12942295,ELEC-1020,107,0
3abc6efb,ELEC-1099,156,0
75266669,ELEC-1025,82,0
5eb8c784,ELEC-1024,85,0
119d5f16,ELEC-1038,213,0
f9038eef,ELEC-1076,308,0
8e46345d,ELEC-1055,181,0
a3e3d0ab,ELEC-1017,388,0
aa1c9d31,ELEC-1057,48,0
b22746c5,ELEC-1033,76,0
d7168e9e,ELEC-1060,369,2
48932d04,ELEC-1071,199,0
8b712149,ELEC-1050,43,0
4bb47932,ELEC-1023,144,2
281239c1,ELEC-1041,316,0
dc6a501a,ELEC-1017,132,0
2f2d5f4a,ELEC-1060,359,1
5c562ffe,ELEC-1052,173,0
d2a443c2,ELEC-1058,383,0
4d41565b,ELEC-1018,352,1
9a97be94,ELEC-1024,310,0
54584b48,ELEC-1073,173,1
b5a85e54,ELEC-1056,243,0
3673be7f,ELEC-1007,148,0
075aad34,ELEC-1040,143,0
b3a5b965,ELEC-1010,140,2
2d6cb1c4,ELEC-1001,41,0
4a8506c4,ELEC-1085,191,0
d543109c,ELEC-1073,395,0
685347da,ELEC-1073,140,0
bc3eb2f8,ELEC-1099,166,2
560f91ba,ELEC-1041,242,1
936ef4b2,ELEC-1084,226,0
bab9597a,ELEC-1052,390,0
6ea5c67e,ELEC-1051,131,0
4a5c3259,ELEC-1077,197,0
74643a37,ELEC-1032,177,0
8d715bef,ELEC-1026,222,1
a95c11d2,ELEC-1008,56,0
682bd38f,ELEC-1011,301,0
78277746,ELEC-1073,313,1
9c31ba05,ELEC-1067,293,0
444ca672,ELEC-1042,63,0
9ca3d0c7,ELEC-1032,279,2
63878641,ELEC-1013,87,0
0ca2aa8f,ELEC-1093,288,0
80558202,ELEC-1043,391,0
35211315,ELEC-1020,16,0
9a195c0d,ELEC-1086,64,0
f9462949,ELEC-1043,280,0
4cf14dee,ELEC-1079,84,0
ce4595e1,ELEC-1000,280,0
52419a0d,ELEC-1068,232,0
dd012bb8,ELEC-1051,164,2
1b3859aa,ELEC-1084,140,0
a4b16ffe,ELEC-1070,73,0
7135d41a,ELEC-1064,154,2
40d65846,ELEC-1069,345,0
1430ff34,ELEC-1003,222,0
c6927746,ELEC-1084,102,2
beb7b81b,ELEC-1079,101,0
de2e8897,ELEC-1065,42,1
b989f3ca,ELEC-1034,183,0
8bb2c9ca,ELEC-1056,337,0
85042f30,ELEC-1008,16,0
0a2cb495,ELEC-1079,144,0
18dd0bc1,ELEC-1048,263,0
fabfc949,ELEC-1076,306,0
e724d9b0,ELEC-1081,298,0
47e37fb0,ELEC-1083,188,2
5a72beb9,ELEC-1083,151,2
667a4994,ELEC-1018,308,0
26a5b91c,ELEC-1066,303,0
18f8044e,ELEC-1091,237,0
6dec41ac,ELEC-1036,381,2
0d3f6ceb,ELEC-1012,253,0
1700c233,ELEC-1007,145,1
58d38e9c,ELEC-1047,247,2
1dcfea27,ELEC-1023,322,0
e5133d31,ELEC-1091,245,0
a3e8d0f1,ELEC-1051,379,0
59104ace,ELEC-1055,165,1
dc262a67,ELEC-1096,378,0
d121fcb1,ELEC-1009,232,0
7c61cebd,ELEC-1004,141,0
a0e5e376,ELEC-1064,322,0
c9190409,ELEC-1089,353,2
fbbc1366,ELEC-1042,312,0
0064614a,ELEC-1026,127,0
2156b0d7,ELEC-1049,253,2
823a4c87,ELEC-1002,382,0
d4673471,ELEC-1063,303,0
18d80d61,ELEC-1013,39,1
f8d686eb,ELEC-1006,179,0
4590fe4c,ELEC-1051,115,2
a5f62564,ELEC-1099,313,0
f56464e7,ELEC-1088,159,0
cc0464b3,ELEC-1031,385,0
e3da940d,ELEC-1031,348,1
74b2ff43,ELEC-1093,390,0
7f3e3eeb,ELEC-1081,36,2
2c2bbead,ELEC-1086,331,0
0b626d15,ELEC-1046,295,0
1f9800a0,ELEC-1071,311,0
d9c8ef3e,ELEC-1018,47,0
7a72b40e,ELEC-1013,72,0
3593df27,ELEC-1042,333,2
8cdefd4c,ELEC-1052,349,0
288e265a,ELEC-1096,286,0
144239c9,ELEC-1086,50,2
7fb95022,ELEC-1060,359,0
b160137a,ELEC-1015,64,0
9dab94bb,ELEC-1064,129,0
9cf5a97f,ELEC-1078,254,0
35268807,ELEC-1074,258,0
a7038a68,ELEC-1081,31,2
5c87a897,ELEC-1042,295,0
60d9953f,ELEC-1033,206,2
e499cc2b,ELEC-1071,334,0
554ad9fc,ELEC-1023,194,0
3b7a9bce,ELEC-1092,19,0
762237c4,ELEC-1090,294,0
18f593fc,ELEC-1059,137,0
8770c435,ELEC-1062,135,0
ebedfb21,ELEC-1071,332,0
aa363eba,ELEC-1012,121,0
df86570d,ELEC-1019,232,0
59981a0b,ELEC-1052,94,0
addef4cc,ELEC-1075,309,0
76c8855e,ELEC-1058,277,2
edf99ac8,ELEC-1023,302,2
52015c49,ELEC-1035,208,0
55fb4931,ELEC-1056,100,0
3a4746c7,ELEC-1034,124,0
7f6c1607,ELEC-1086,221,0
03756617,ELEC-1047,92,0
955c5a86,ELEC-1045,27,0
318d0537,ELEC-1007,190,1
90cbf24f,ELEC-1069,385,0
443a9f7b,ELEC-1015,191,0
ef174ecf,ELEC-1023,304,0
d89a3977,ELEC-1068,182,0
6c47bc3c,ELEC-1076,271,0
b0189284,ELEC-1068,84,0
91efe712,ELEC-1093,146,0
a9ac0386,ELEC-1021,203,0
9095ab40,ELEC-1032,24,0
9409c234,ELEC-1015,23,0
5b1c4e53,ELEC-1014,313,0
2381a29f,ELEC-1014,240,0
6d6f74b8,ELEC-1062,166,0
7e86bdcc,ELEC-1007,223,2
83506ae8,ELEC-1003,282,0
7ae137d1,ELEC-1084,334,1
7372d5dd,ELEC-1029,282,0
103d27b4,ELEC-1078,339,0
ed9cc495,ELEC-1019,344,0
814c4265,ELEC-1023,371,0
ba945b7c,ELEC-1084,295,0
af6f7fc6,ELEC-1033,194,0
a6b18b47,ELEC-1007,269,0
0a7b0ce5,ELEC-1079,301,0
180d245c,ELEC-1068,51,0
a4f91a86,ELEC-1074,16,0
8a2e7cb2,ELEC-1066,79,1
23c6c2f4,ELEC-1042,323,1
663a274a,ELEC-1086,301,2
38af9b3b,ELEC-1086,107,2
ad00e01a,ELEC-1019,172,0
131043d2,ELEC-1027,386,0
8a27d2ac,ELEC-1066,354,0
f20bbe18,ELEC-1030,195,1
afd83f2e,ELEC-1088,43,1
03da2155,ELEC-1061,228,2
f5505588,ELEC-1098,140,2
d40094d9,ELEC-1052,341,0
1657af00,ELEC-1028,288,0
d27bbb32,ELEC-1063,309,0
e5533035,ELEC-1047,281,0
517fbe35,ELEC-1022,204,0
3014ee00,ELEC-1071,242,0
4c16ff76,ELEC-1045,28,0
f906c64a,ELEC-1079,376,0
e363139d,ELEC-1031,234,0
7f34a6d2,ELEC-1079,135,0
2bc12773,ELEC-1071,183,0
9ff77dd3,ELEC-1043,64,1
4ac17d0f,ELEC-1057,387,2
81f0dafb,ELEC-1009,33,0
fe0bd907,ELEC-1047,249,0
3c060653,ELEC-1081,22,0
2b3e6c3d,ELEC-1003,284,0
03c9986e,ELEC-1040,65,0
b9a93ae8,ELEC-1005,169,0
69755621,ELEC-1022,266,0
7c673823,ELEC-1017,282,0
713f7636,ELEC-1034,380,0
11f0be0a,ELEC-1098,348,0
a26105f6,ELEC-1047,180,0
ab7d877a,ELEC-1051,126,0
fd0b4cc4,ELEC-1052,326,1
56d4189e,ELEC-1002,326,0
f27a1b9e,ELEC-1028,291,0
c95774c3,ELEC-1094,137,0
55043810,ELEC-1060,374,0
4bf3af0d,ELEC-1090,230,0
95f0e07b,ELEC-1001,332,0
866e2b25,ELEC-1031,310,0
7e5f58cb,ELEC-1022,353,0
ee7f2d46,ELEC-1075,381,1
69f12024,ELEC-1003,97,0
ddfeed7a,ELEC-1094,82,2
669b4394,ELEC-1077,38,0
507b2338,ELEC-1015,19,1
1444692f,ELEC-1076,150,0
e995f209,ELEC-1050,195,1
1abc83bd,ELEC-1072,181,0
bf6a87f7,ELEC-1079,45,0
30773a1e,ELEC-1062,344,2
0a39fa36,ELEC-1043,225,0
01951e34,ELEC-1099,51,0
2fb0d841,ELEC-1016,111,0
d2532b17,ELEC-1085,74,2
783e842a,ELEC-1019,299,0
b0eac71d,ELEC-1004,396,0
6fa5c33e,ELEC-1041,145,0
67f7fa9d,ELEC-1058,153,2
df09212f,ELEC-1021,275,0
558f1a70,ELEC-1023,364,0
91f52635,ELEC-1029,50,2
6d8bc7aa,ELEC-1098,239,0
3fc85116,ELEC-1038,272,2
b40faecd,ELEC-1058,43,0
4b307e26,ELEC-1004,175,0
eda90b92,ELEC-1091,18,0
86d11bd8,ELEC-1068,172,2
5084ba6a,ELEC-1057,34,2
c935f7c9,ELEC-1052,157,0
8b780b9b,ELEC-1000,304,0
83f13831,ELEC-1044,322,0
8fc50a5e,ELEC-1091,321,0
4d3fd7ab,ELEC-1061,97,2
45ceb5e5,ELEC-1018,82,0
ff04abd4,ELEC-1028,41,1
9430d829,ELEC-1029,376,0
14ac016b,ELEC-1061,353,0
168a4cd5,ELEC-1066,210,0
efce6205,ELEC-1014,146,0
df332aba,ELEC-1020,75,1
0bd51a80,ELEC-1022,161,0
c61ec2c3,ELEC-1080,311,2
cb1229a0,ELEC-1052,368,0
13a3bbb9,ELEC-1005,143,0
de0d5d9a,ELEC-1014,266,0
08bb809d,ELEC-1034,316,0
e7e8c7d5,ELEC-1035,161,2
cebd4498,ELEC-1016,238,0
66de259c,ELEC-1039,369,2
ff9f4b8d,ELEC-1034,309,0
f3fb5f5e,ELEC-1019,123,0
6d564f4a,ELEC-1052,127,0
8cc71d94,ELEC-1087,11,0
9bc3687a,ELEC-1055,181,0
cda08f66,ELEC-1080,350,0
a7b33283,ELEC-1032,288,1
bed4cc52,ELEC-1010,316,0
45726e6a,ELEC-1087,59,0
68b871dc,ELEC-1013,163,0
515d2969,ELEC-1047,234,2
eb336a16,ELEC-1085,74,0
6ce86669,ELEC-1040,42,0
4f4879f3,ELEC-1052,264,0
93186043,ELEC-1064,341,2
36711e32,ELEC-1094,180,0
8a6ff41e,ELEC-1048,195,0
05f8e224,ELEC-1058,123,1
8635ec3f,ELEC-1008,235,0
a1d00a17,ELEC-1073,269,2
80f84d29,ELEC-1070,131,0
1cd2c736,ELEC-1020,249,0
0029df55,ELEC-1089,374,0
ffb4df51,ELEC-1015,130,0
a0e822a2,ELEC-1070,399,0
8a234058,ELEC-1038,346,2
c0992695,ELEC-1059,64,0
aea2974b,ELEC-1018,227,0
51867e23,ELEC-1024,20,0
c73c7709,ELEC-1068,226,2
93a44c5e,ELEC-1084,140,2
a3bc5bbe,ELEC-1084,35,0
5f54b60d,ELEC-1002,359,1
88a87c60,ELEC-1089,299,0
7c2782dd,ELEC-1082,123,1
7584f404,ELEC-1083,174,0
e73c6b4a,ELEC-1043,299,1
174a5f0b,ELEC-1043,260,0
be487ba6,ELEC-1024,383,0
cbc2db53,ELEC-1065,69,0
ab2330ef,ELEC-1095,75,0
2b79c2e3,ELEC-1062,262,0
8538352a,ELEC-1093,192,2
f4305fc3,ELEC-1099,232,0
d916034e,ELEC-1057,236,2
7beb4408,ELEC-1090,284,0
fc309d9b,ELEC-1001,116,0
93b412f6,ELEC-1041,202,0
6a3169f0,ELEC-1082,290,0
ae5d2fc1,ELEC-1065,360,0
0266ce34,ELEC-1018,323,0
5bf02469,ELEC-1015,232,0
91ebd53b,ELEC-1072,139,0
5a4d69e8,ELEC-1065,60,0
015a2082,ELEC-1028,272,0
682b95e8,ELEC-1037,23,1
ddf5003e,ELEC-1099,71,2
238348f7,ELEC-1021,221,0
038e4b0c,ELEC-1011,352,0
fbacb844,ELEC-1011,230,1
941f0ca3,ELEC-1004,20,0
71769d56,ELEC-1091,25,0
577fa2b0,ELEC-1015,122,0
fc927b6c,ELEC-1000,118,0
b32dc8ab,ELEC-1098,311,0
536d4e09,ELEC-1080,391,0
b4a56187,ELEC-1089,301,0
b569dd35,ELEC-1038,91,0
c3a8fa66,ELEC-1012,209,0
94375a0c,ELEC-1085,256,0
fe70d36e,ELEC-1048,229,0
9bd77c7e,ELEC-1069,51,0
7e290fa9,ELEC-1018,189,0
c0e45a42,ELEC-1038,165,0
56dbdb63,ELEC-1051,76,0
1f480fc6,ELEC-1085,126,2
5afbe680,ELEC-1089,336,0
64643f5a,ELEC-1021,126,0
1659825c,ELEC-1027,54,0
63c198f6,ELEC-1063,281,0
b27ea4ac,ELEC-1093,132,1
089720ec,ELEC-1072,161,0
026a4e84,ELEC-1065,77,0
628b8566,ELEC-1040,240,0
94d1601b,ELEC-1078,221,2
308bae4e,ELEC-1087,311,0
bbf85fe7,ELEC-1098,392,1
90d84d20,ELEC-1064,69,0
efbaf2b7,ELEC-1054,177,0
0aaa5794,ELEC-1063,16,0
a6c161bb,ELEC-1075,114,0
6581a976,ELEC-1076,274,1
91508e37,ELEC-1022,68,0
63029db4,ELEC-1054,391,0
3b3c965e,ELEC-1034,318,0
7e93c502,ELEC-1078,302,1
ba7284c6,ELEC-1059,152,1
d9cd6520,ELEC-1089,367,2
a21607d5,ELEC-1033,286,0
243d4c3d,ELEC-1087,273,0
112628d2,ELEC-1003,128,1
6991f3c2,ELEC-1028,21,0
f5adca46,ELEC-1071,263,0
f4878930,ELEC-1063,55,0
b3f908ca,ELEC-1033,25,0
6f77e8b2,ELEC-1041,34,0
46c02154,ELEC-1030,263,0
f764c14e,ELEC-1030,193,2
e06473ec,ELEC-1041,319,0
a6ebb3d9,ELEC-1040,218,0
e2fe568b,ELEC-1052,247,0
c34875d9,ELEC-1028,282,1
40479501,ELEC-1064,303,0
662cbe58,ELEC-1067,131,0
df1f75bc,ELEC-1072,328,0
ac2bf64e,ELEC-1063,162,0
5c584b37,ELEC-1031,190,0
522999a2,ELEC-1080,16,2
2ed96f22,ELEC-1029,89,0
176773d4,ELEC-1063,325,0
22ada502,ELEC-1053,300,0
ad8a9fef,ELEC-1043,361,1
5065b1c0,ELEC-1014,202,0
a95683e1,ELEC-1008,258,0
8306f675,ELEC-1021,184,1
90d8f46a,ELEC-1038,305,1
4f84c6b7,ELEC-1033,11,1
975ef5bc,ELEC-1005,371,0
91bb7b58,ELEC-1087,152,0
498d3ff4,ELEC-1035,91,0
1cd1f883,ELEC-1008,357,0
88ce3d86,ELEC-1009,64,0
680f6275,ELEC-1091,21,0
2a2ac8cd,ELEC-1042,343,2
8816480a,ELEC-1017,278,0
d56d7118,ELEC-1066,132,0
e97836b9,ELEC-1009,245,0
12f4729f,ELEC-1068,188,0
5f7bd851,ELEC-1031,11,0
5135ddf4,ELEC-1029,227,1
27f002d8,ELEC-1066,296,0
78b70a7c,ELEC-1027,29,0
0bb0f517,ELEC-1003,41,0
f13386d9,ELEC-1032,250,0
5efd78e5,ELEC-1002,80,0
0226c30f,ELEC-1090,40,1
27c057e1,ELEC-1054,89,0
14569ed8,ELEC-1094,399,0
01e747cb,ELEC-1001,286,0
f435713a,ELEC-1089,76,2
2c1e6395,ELEC-1046,185,0
0762fe05,ELEC-1095,40,0
7cf6c08e,ELEC-1009,264,0
53a19b84,ELEC-1017,82,1
a5001fd7,ELEC-1012,99,0
4136665f,ELEC-1052,145,0
d4a935fe,ELEC-1002,121,0
07c84a4c,ELEC-1000,356,0
786ba740,ELEC-1082,295,0
81071379,ELEC-1042,101,0
4b7bf9d0,ELEC-1098,202,0
160e5bc4,ELEC-1063,37,0
50f65dd3,ELEC-1040,214,0
a3cdca6b,ELEC-1098,345,0
800b39ad,ELEC-1020,115,0
059a26ec,ELEC-1024,384,0
cfabddb7,ELEC-1081,94,0
0c6d64f9,ELEC-1022,345,0
c7f3ab78,ELEC-1098,64,0
f49cd738,ELEC-1058,301,0
cac2d642,ELEC-1013,233,0
f2dc2d3f,ELEC-1005,344,0
0cabc1bf,ELEC-1010,336,0
f43c030d,ELEC-1017,127,0
a10e5480,ELEC-1037,35,0
d2df4a69,ELEC-1010,135,0
6ec0eaa0,ELEC-1088,233,2
869ea881,ELEC-1077,276,1
1a65004e,ELEC-1036,182,0
0e227c06,ELEC-1049,52,0
dc64dc64,ELEC-1006,234,2
50ed3f98,ELEC-1033,145,0
cdac9afa,ELEC-1066,32,0
d515321f,ELEC-1030,176,1
c27cc012,ELEC-1012,14,0
c7ff5e46,ELEC-1083,129,0
18c094b0,ELEC-1040,324,1
dd1b2568,ELEC-1062,43,0
f19cdd3b,ELEC-1045,100,2
0345afe4,ELEC-1098,250,0
95cf7f6b,ELEC-1006,286,0
0f65ff88,ELEC-1017,35,0
b5919601,ELEC-1036,244,0
3c55c9ac,ELEC-1032,375,0
948d89f8,ELEC-1030,334,0
193eefc7,ELEC-1049,135,0
6355fabe,ELEC-1050,193,1
6c5fb2fc,ELEC-1043,44,0
273e7afd,ELEC-1079,11,0
d26fc239,ELEC-1055,31,0
c3c7ff61,ELEC-1001,295,0
edbe7131,ELEC-1021,80,0
a8a18699,ELEC-1009,168,0
2d28d77c,ELEC-1043,319,2
54aad8cd,ELEC-1021,314,1
0d113b4d,ELEC-1096,361,0
483f4721,ELEC-1074,57,0
9fc9cbb0,ELEC-1042,15,0
abf07a11,ELEC-1060,219,0
36aa0eb7,ELEC-1031,269,0
70c01ecf,ELEC-1020,20,0
bba701d9,ELEC-1041,83,0
41471954,ELEC-1087,340,0
ec1770b3,ELEC-1070,338,0
9e37c18f,ELEC-1049,380,1
7f8695fc,ELEC-1034,187,0
8abf4803,ELEC-1051,273,1
888eb3d0,ELEC-1010,395,0
c3b74c7c,ELEC-1066,94,0
a5b35702,ELEC-1097,70,0
55dd9f53,ELEC-1099,347,2
87084008,ELEC-1022,64,0
b198fbf7,ELEC-1062,148,2
c7dd5a02,ELEC-1000,67,2
2f323121,ELEC-1001,144,0
75261b75,ELEC-1022,185,0
b37cb161,ELEC-1018,191,0
90dd7492,ELEC-1037,385,0
0cdbda0d,ELEC-1085,212,1
b8fb090b,ELEC-1053,62,0
bd04139f,ELEC-1064,158,0
da31f9dd,ELEC-1013,194,0
05af859c,ELEC-1060,115,0
eb27733b,ELEC-1032,62,0
fe478ba2,ELEC-1059,178,0
e9c8218f,ELEC-1064,97,2
c938a952,ELEC-1082,225,0
b2f49eb4,ELEC-1027,60,0
4c75d167,ELEC-1009,249,2
d2827566,ELEC-1023,209,0
0b8029b8,ELEC-1071,246,0
d2b24c37,ELEC-1001,354,0
d9af7f03,ELEC-1007,365,2
f06d5f44,ELEC-1057,212,0
ab287a95,ELEC-1040,317,0
5dffb6b9,ELEC-1037,334,0
0ca03510,ELEC-1017,205,1
757dd9b4,ELEC-1021,354,0
2a556ef5,ELEC-1048,163,0
01c2370b,ELEC-1085,87,0
d5470100,ELEC-1071,253,0
46bc1fe6,ELEC-1070,350,2
26ddb7fe,ELEC-1027,42,1
216e0fe2,ELEC-1026,204,0
a5786a71,ELEC-1083,94,0
6640ab03,ELEC-1013,94,1
0ee1e254,ELEC-1048,399,0
7b8ed393,ELEC-1091,207,0
d7f90a36,ELEC-1038,107,0
858c3427,ELEC-1061,390,0
db5c5475,ELEC-1031,366,0
db74addd,ELEC-1028,48,0
03a61a9a,ELEC-1023,298,0
74f4547e,ELEC-1092,154,0
e6f4c7a0,ELEC-1061,232,0
aecd122e,ELEC-1047,371,0
4cd132b3,ELEC-1048,326,0
8b91c737,ELEC-1075,92,1
4c94d348,ELEC-1073,151,2
9d3fe570,ELEC-1023,137,0
7c736686,ELEC-1007,38,0
16c2e684,ELEC-1078,387,0
7a3309f2,ELEC-1087,132,0
79bf0314,ELEC-1056,277,1
724cd618,ELEC-1072,318,0
e28dc32a,ELEC-1051,100,0
7215effd,ELEC-1086,51,2
6f01e75c,ELEC-1066,139,0
4ea0238d,ELEC-1064,339,0
086cd256,ELEC-1037,353,0
bf87f153,ELEC-1030,241,2
613aac20,ELEC-1007,84,0
3362729b,ELEC-1072,94,0
1df51eef,ELEC-1048,268,0
cb87a69b,ELEC-1072,104,0
0533d317,ELEC-1071,232,1
5311304c,ELEC-1057,147,0
4c264ac4,ELEC-1092,26,0
19615825,ELEC-1055,162,0
dd00b6a6,ELEC-1064,213,0
99d81a25,ELEC-1053,39,0
2a08dfd3,ELEC-1043,148,0
4a84c605,ELEC-1083,299,0
d653716e,ELEC-1070,177,0
33c67633,ELEC-1040,177,0
b9afa861,ELEC-1054,308,2
b69badf7,ELEC-1060,145,0
0705e489,ELEC-1001,325,0
e617a7b0,ELEC-1053,314,2
4562c75f,ELEC-1018,100,0
53c30abb,ELEC-1043,74,0
c4cacee4,ELEC-1017,123,0
f5b4a18d,ELEC-1071,230,0
708c3578,ELEC-1095,331,0
897a6387,ELEC-1092,318,0
d401acc0,ELEC-1080,168,1
de2e58c2,ELEC-1037,398,0
a2f4d3b3,ELEC-1038,131,0
2e7b6a27,ELEC-1054,57,2
ed249d64,ELEC-1029,230,0
7d8394be,ELEC-1045,373,0
a7d15759,ELEC-1099,352,0
90802651,ELEC-1063,186,2
63a20ea4,ELEC-1055,82,1
072700e5,ELEC-1098,59,0
e97903cb,ELEC-1004,249,0
5eda85ff,ELEC-1001,200,0
166b9e21,ELEC-1037,227,1
6c2052c7,ELEC-1078,387,0
3b9eb02f,ELEC-1053,158,0
0553e9f3,ELEC-1092,25,1
b1a06707,ELEC-1001,45,0
079cc003,ELEC-1085,190,0
6e0e7356,ELEC-1078,394,0
24db2579,ELEC-1004,42,0
cbefdf9c,ELEC-1013,246,0
30ba52e8,ELEC-1058,13,0
3e860334,ELEC-1082,21,0
b1765d36,ELEC-1089,276,0
e85183e4,ELEC-1070,109,0
6388b1a2,ELEC-1086,138,0
eb0b1811,ELEC-1039,199,0
dcbd5c7f,ELEC-1056,365,0
c4c8275a,ELEC-1012,29,0
54da144a,ELEC-1091,228,0
aa1b6e68,ELEC-1073,89,0
72048fa9,ELEC-1031,223,1
33cdba80,ELEC-1081,245,1
0cea55a0,ELEC-1043,304,0
4994d8ef,ELEC-1000,227,1
34ebca9f,ELEC-1042,49,1
22bf2fc8,ELEC-1023,147,0
b928914c,ELEC-1042,67,0
00b97b68,ELEC-1034,172,0
dcb1a970,ELEC-1071,225,0
a56b2dbd,ELEC-1073,291,1
b0d43cc2,ELEC-1069,325,0
0315ca83,ELEC-1044,18,0
752e40f3,ELEC-1007,28,2
907c7c00,ELEC-1082,318,0
dbe722e1,ELEC-1050,229,0
83628b45,ELEC-1003,78,0
8301f493,ELEC-1075,197,2
463c6c8b,ELEC-1004,53,0
4e9801f0,ELEC-1004,290,0
5a2d56dc,ELEC-1055,343,0
32dc31e2,ELEC-1068,327,0
00af1fef,ELEC-1039,243,2
cee5a7e2,ELEC-1095,169,0
8335b06a,ELEC-1056,170,0
71c3a70b,ELEC-1093,252,2
cdc61c85,ELEC-1094,81,0
3dbf9caa,ELEC-1015,133,0
e2a6f3c6,ELEC-1099,233,1
fc96a4fc,ELEC-1039,257,2
09d59bb6,ELEC-1062,89,0
f727e903,ELEC-1083,390,0
b3424202,ELEC-1098,294,0
042b60e9,ELEC-1070,312,0
2a37a768,ELEC-1058,183,1
af3c788e,ELEC-1040,74,1
d525c712,ELEC-1034,360,1
1aa25242,ELEC-1072,191,1
082ef3e4,ELEC-1098,302,2
ee6d3e94,ELEC-1067,329,0
59f5ef59,ELEC-1061,224,0
c6f65068,ELEC-1061,279,0
2cf50383,ELEC-1079,90,0
b80b07cf,ELEC-1073,371,0
5397cf57,ELEC-1068,68,0
3ad9a4d1,ELEC-1055,305,0
c2079539,ELEC-1091,269,2
ef2615a5,ELEC-1044,170,0
82357484,ELEC-1021,89,0
9117eabc,ELEC-1016,141,1
1371362b,ELEC-1036,174,0
bac931fc,ELEC-1029,137,0
3c8491da,ELEC-1079,12,0
9998a72d,ELEC-1084,331,0
f9a8f585,ELEC-1028,31,0
21028d6e,ELEC-1019,344,0
8ab88086,ELEC-1047,21,0
a25a27f5,ELEC-1099,383,2
4e8979ab,ELEC-1054,31,0
c310f34e,ELEC-1019,305,0
49f4e855,ELEC-1057,282,2
003014e6,ELEC-1073,37,0
da0e1c64,ELEC-1071,288,0
2d40566d,ELEC-1082,12,0
eac7c689,ELEC-1084,362,2
8f8cab23,ELEC-1075,144,2
4b04a742,ELEC-1013,170,0
4ea2e732,ELEC-1068,383,0
fe1c97a3,ELEC-1039,66,0
9c26ec2a,ELEC-1077,42,0
db867248,ELEC-1030,100,1
e2ea8285,ELEC-1094,317,2
743949fe,ELEC-1074,252,0
3ab2a47f,ELEC-1039,146,0
88281bbf,ELEC-1078,161,0
8e219ca8,ELEC-1015,71,0
b4455f36,ELEC-1016,392,0
5d87ebf9,ELEC-1028,336,0
1932eaab,ELEC-1030,365,0
deeb8894,ELEC-1069,184,0
27242af9,ELEC-1042,74,1
e4ad0af2,ELEC-1089,141,0
a6fb794a,ELEC-1086,389,0
869a9f61,ELEC-1031,356,0
af84210c,ELEC-1091,358,2
06c2b11b,ELEC-1052,368,0
2d739b9c,ELEC-1082,33,0
ec736db0,ELEC-1052,248,0
696576e3,ELEC-1048,211,0
39ef33aa,ELEC-1058,170,2
7406a7cc,ELEC-1052,207,0
b467156f,ELEC-1002,165,0
c093bab8,ELEC-1003,124,0
ab871d7e,ELEC-1062,293,1
9c2fedc5,ELEC-1057,207,0
faefce74,ELEC-1009,239,0
72846073,ELEC-1088,314,0
42ae6b6f,ELEC-1016,179,0
9748add6,ELEC-1023,331,0
d3ac02f4,ELEC-1020,87,0
81352f19,ELEC-1081,28,0
47116a61,ELEC-1043,226,0
cd8c712c,ELEC-1052,376,0
6815a091,ELEC-1030,274,0
0554b4a5,ELEC-1071,340,2
012db323,ELEC-1098,278,0
bc67490a,ELEC-1045,207,0
46589ed3,ELEC-1037,225,0
d45fb633,ELEC-1053,29,0
b0aa50b5,ELEC-1030,341,0
30e79b07,ELEC-1022,167,0
4c761323,ELEC-1004,10,0
ccafeaa6,ELEC-1015,277,0
a58722bd,ELEC-1094,329,0
43d58e3c,ELEC-1033,335,0
047a7f69,ELEC-1059,215,0
d95fe215,ELEC-1087,310,0
0bd7685a,ELEC-1048,339,0
8abb5b2f,ELEC-1002,20,0
949a84b0,ELEC-1098,349,0
35cc4935,ELEC-1060,64,0
7e71e211,ELEC-1075,152,2
a2f022df,ELEC-1008,246,0
c3adeb78,ELEC-1020,262,0
afc57f62,ELEC-1035,179,0
6ad98385,ELEC-1053,239,0
6baa2072,ELEC-1023,10,0
5e002d99,ELEC-1067,152,0
79eeea7b,ELEC-1095,113,0
330862f4,ELEC-1057,299,2
76e70259,ELEC-1067,307,0
c51a4e27,ELEC-1045,24,1
e3bd981c,ELEC-1074,26,0
8240f986,ELEC-1010,155,0
ddedb792,ELEC-1080,82,0
6c72fc6c,ELEC-1054,322,0
27f3a276,ELEC-1004,265,0
22de09dd,ELEC-1014,397,1
675e2d03,ELEC-1012,226,0
308d1db6,ELEC-1044,242,0
7a7ceea6,ELEC-1088,53,0
fb303337,ELEC-1056,344,2
02ea79c4,ELEC-1095,31,0
7264262f,ELEC-1009,25,2
877ccdb8,ELEC-1013,32,0
4a1e3398,ELEC-1060,145,0
536a8e02,ELEC-1045,186,0
f5bd6eb5,ELEC-1038,274,0
871ebd34,ELEC-1084,80,0
621f26b3,ELEC-1083,195,0
a1a7112e,ELEC-1075,265,0
954e7a84,ELEC-1049,370,0
f83d833e,ELEC-1096,113,0
30a6611a,ELEC-1057,307,0
90ca025e,ELEC-1072,24,0
5b43bb3f,ELEC-1051,30,0
4982a97c,ELEC-1020,368,0
c62d23ad,ELEC-1046,361,0
e3d5c9e1,ELEC-1038,394,0
ff3b099b,ELEC-1071,211,0
010f11fb,ELEC-1073,298,2
65e2c803,ELEC-1068,209,0
ebde3478,ELEC-1037,194,1
d358d8c5,ELEC-1026,178,0
6b182f64,ELEC-1063,176,0
3f8f9563,ELEC-1078,303,2
6ff135f8,ELEC-1003,17,2
0625dcfa,ELEC-1032,50,1
a6474afe,ELEC-1061,58,0
07bc0e63,ELEC-1055,94,0
0226e876,ELEC-1005,170,0
24910441,ELEC-1071,236,2
faea361d,ELEC-1004,269,0
21591378,ELEC-1021,352,1
c27df8b0,ELEC-1087,40,0
3bf5439d,ELEC-1016,33,0
a38f939c,ELEC-1024,216,0
c093fd0b,ELEC-1061,202,0
3a0822c0,ELEC-1066,347,0
6952693d,ELEC-1005,152,0
988799a1,ELEC-1001,274,0
f287dc85,ELEC-1071,14,0
e0ec4c5b,ELEC-1020,76,0
130a4367,ELEC-1020,55,2
0280842f,ELEC-1058,27,0
f26de10a,ELEC-1085,134,1
5efa2043,ELEC-1045,81,0
601bddc4,ELEC-1057,267,0
dfb31973,ELEC-1046,313,0
d04162f0,ELEC-1029,150,2
d81a817e,ELEC-1045,329,0
5a1c0085,ELEC-1095,192,0
4ce7cb6a,ELEC-1019,195,0
56e3a390,ELEC-1067,122,1
5936d80e,ELEC-1010,94,0
1f026e9b,ELEC-1063,357,1
338125f4,ELEC-1045,291,0
c331827d,ELEC-1053,386,2
cc5a003b,ELEC-1018,125,0
fdf1493c,ELEC-1084,298,0
7ebbb3e3,ELEC-1079,248,0
56bfcea8,ELEC-1058,86,2
9fec5c61,ELEC-1054,373,0
bc0c787a,ELEC-1009,399,0
f0bea401,ELEC-1082,343,0
0a239220,ELEC-1079,82,0
a324d823,ELEC-1086,184,0
cfb9e134,ELEC-1057,397,0
1d2b8d3f,ELEC-1025,272,0
56c3f6f7,ELEC-1079,189,0
0ad97a23,ELEC-1065,71,0
02a7a80c,ELEC-1011,139,2
30f227ae,ELEC-1084,25,0
483757bc,ELEC-1061,260,0
8ebb509f,ELEC-1069,155,2
cfe4eec2,ELEC-1063,392,1
7dd84152,ELEC-1012,87,0
1f5b119a,ELEC-1070,329,0
bbde93f4,ELEC-1006,148,0
e5fe7c6d,ELEC-1063,246,0
4ca8ea73,ELEC-1009,169,0
51710f11,ELEC-1053,200,0
c792cf1e,ELEC-1094,310,0
6861f910,ELEC-1082,127,0
fb13b2f1,ELEC-1075,366,0
5d392694,ELEC-1052,333,0
5513fb51,ELEC-1014,321,0
1adef25f,ELEC-1037,249,0
8b226855,ELEC-1079,292,0
46bcc1df,ELEC-1097,370,0
0440426f,ELEC-1011,104,2
5fa5ad43,ELEC-1045,130,0
2073c34b,ELEC-1075,356,0
25307a11,ELEC-1079,73,1
3b17e8d0,ELEC-1090,326,0
437b0b25,ELEC-1071,16,0
5dcda83a,ELEC-1074,291,0
b923cd0e,ELEC-1019,280,1
b6ecfdf3,ELEC-1043,124,2
047b37d7,ELEC-1018,19,0
4bf3de1d,ELEC-1005,299,0
865d6939,ELEC-1051,208,1
80173934,ELEC-1001,29,0
28a95318,ELEC-1088,222,0
a7594191,ELEC-1052,302,0
39deb51a,ELEC-1065,229,0
48be706b,ELEC-1019,336,1
18de08b5,ELEC-1080,264,0
28153801,ELEC-1032,181,0
5a5ffb5d,ELEC-1036,72,0
34b5740a,ELEC-1090,276,0
d22e245d,ELEC-1053,337,0
40ca8b92,ELEC-1064,260,0
fa265ca5,ELEC-1049,133,0
fa84377d,ELEC-1057,50,0
49b2e31d,ELEC-1055,383,0
a4212097,ELEC-1082,259,0
f880f979,ELEC-1052,347,0
437b10cf,ELEC-1075,140,0
e61db59b,ELEC-1006,136,1
0db479b9,ELEC-1057,245,0
f4c3a351,ELEC-1009,297,0
175f0ee9,ELEC-1013,82,0
c748a3ec,ELEC-1015,100,2
b9630b3f,ELEC-1005,355,0
9284c0cd,ELEC-1017,310,0
6ff36d15,ELEC-1024,380,0
ba25c890,ELEC-1065,346,0
b9bf4c9e,ELEC-1006,61,0
1e457f86,ELEC-1044,343,0
d96123eb,ELEC-1059,91,0
46f4260b,ELEC-1098,330,2
9d792809,ELEC-1016,154,0
c16c63e2,ELEC-1095,297,1
3cf9f401,ELEC-1014,78,0
997c0852,ELEC-1000,36,2
73a2ebc2,ELEC-1065,238,2
5e93d9ef,ELEC-1062,265,0
fdf44c17,ELEC-1045,338,0
cde7bd77,ELEC-1048,54,0
e1c9440e,ELEC-1015,264,0
bd79ee06,ELEC-1027,273,0
8894873b,ELEC-1071,115,1
1812f97e,ELEC-1028,119,0
19d4ef56,ELEC-1053,315,2
ca597127,ELEC-1022,252,0
f32a3126,ELEC-1044,107,0
dd721f11,ELEC-1059,305,1
59ccbd31,ELEC-1030,144,0
9b79a5e5,ELEC-1026,279,0
80bf867e,ELEC-1055,260,0
0e421f3f,ELEC-1099,265,2
73878b95,ELEC-1045,350,0
78d8140e,ELEC-1043,127,0
4d06ad7d,ELEC-1046,247,0
aede01d7,ELEC-1098,318,2
9815b3c0,ELEC-1092,87,0
817cce4a,ELEC-1088,348,1
5209a7cb,ELEC-1056,242,0
891462c7,ELEC-1060,371,0
aee46544,ELEC-1041,197,0
884345c9,ELEC-1061,77,0
b1be1e8e,ELEC-1008,215,0
a141a5a5,ELEC-1061,128,0
7d7e9220,ELEC-1036,269,0
11883158,ELEC-1073,361,0
4e03e1c1,ELEC-1026,279,0
2fae1f6e,ELEC-1078,80,0
c31b7fe2,ELEC-1052,157,0
fdea950d,ELEC-1045,221,0
a59078cb,ELEC-1027,17,0
5e416f71,ELEC-1023,383,1
86095f19,ELEC-1007,228,2
bc6d1f80,ELEC-1086,323,0
d9cda47c,ELEC-1022,47,0
a930124f,ELEC-1057,84,0
87e39fe3,ELEC-1085,271,0
6d55c88d,ELEC-1064,63,2
fc961e73,ELEC-1070,54,2
3175ae31,ELEC-1078,273,0
1254c1ad,ELEC-1044,24,0
ae718cb1,ELEC-1066,310,0
690f55a9,ELEC-1034,33,0
15b99fa3,ELEC-1061,117,0
f978b40b,ELEC-1099,173,2
ee8f56aa,ELEC-1058,134,0
b7ac662d,ELEC-1071,155,2
9eef22ef,ELEC-1032,325,0
c698be8d,ELEC-1020,24,0
6aad86bf,ELEC-1047,315,0
97df5198,ELEC-1033,244,0
0d1d1a81,ELEC-1020,214,0
11e9a08e,ELEC-1011,387,0
b08c533a,ELEC-1079,176,0
2b90deea,ELEC-1014,15,0
485af31f,ELEC-1041,247,0
27e8c390,ELEC-1048,135,0
7ad55e62,ELEC-1093,167,0
bb607b36,ELEC-1094,346,0
0516b652,ELEC-1020,266,0
3b298ea4,ELEC-1059,238,0
9f52d206,ELEC-1088,228,2
810f18a7,ELEC-1033,222,2
1882935e,ELEC-1024,113,0
4d45b2b6,ELEC-1072,242,0
5be694e6,ELEC-1030,366,1
c58e4d1a,ELEC-1028,14,0
34c977bc,ELEC-1021,240,0
43386e61,ELEC-1060,229,0
15a8ea42,ELEC-1096,182,0
6142c0c7,ELEC-1041,268,0
c3c179aa,ELEC-1093,258,2
ee6c7f35,ELEC-1016,287,0
e969c517,ELEC-1086,246,0
a5c54a20,ELEC-1091,63,0
84865ec9,ELEC-1053,242,0
6e8f542a,ELEC-1090,98,1
3c1b12d8,ELEC-1009,161,0
52f2e63e,ELEC-1059,272,0
efea344e,ELEC-1047,48,2
31606240,ELEC-1069,185,2
4749e8c8,ELEC-1099,218,0
b0895caf,ELEC-1020,234,2
4f51f4f4,ELEC-1097,311,0
45326ff0,ELEC-1089,93,0
cba0286c,ELEC-1009,243,0
c266a04d,ELEC-1058,322,0
37256f0f,ELEC-1019,115,0
25a5f6fd,ELEC-1003,328,0
3b6e4151,ELEC-1095,125,0
0113561e,ELEC-1007,82,0
38158bc3,ELEC-1075,298,2
8c00c950,ELEC-1010,391,0
64423dd6,ELEC-1019,118,0
64545737,ELEC-1059,28,0
b1ff4264,ELEC-1098,173,0
0bcfec3a,ELEC-1022,173,0
8c3eb240,ELEC-1002,102,0
c7ba53be,ELEC-1021,37,0
1b783bf8,ELEC-1073,150,2
f75e3d07,ELEC-1044,148,0
5383e912,ELEC-1056,321,0
913ddc15,ELEC-1017,15,0
32129e94,ELEC-1051,124,0
60d2f4bf,ELEC-1056,147,2
243993dc,ELEC-1028,133,2
8fe7090a,ELEC-1078,50,0
4450c252,ELEC-1064,320,0
973f314d,ELEC-1091,336,0
e255cc0a,ELEC-1043,234,0
6c6326e9,ELEC-1099,162,0
add50297,ELEC-1078,195,0
3f777e6b,ELEC-1042,342,0
e86c6464,ELEC-1005,47,0
bf458085,ELEC-1092,147,0
b9ea9c0a,ELEC-1054,78,1
0c9ff7fa,ELEC-1007,146,0
5a63fc80,ELEC-1074,10,0
39b72827,ELEC-1076,169,0
fa76f66d,ELEC-1068,147,2
d74caa7d,ELEC-1017,97,0
eff11b84,ELEC-1017,236,0
05274aa2,ELEC-1030,89,0
9d7d4e60,ELEC-1069,84,2
4c59a8cd,ELEC-1096,261,2
66870484,ELEC-1097,87,0
f72e7e8c,ELEC-1067,285,0
46accd40,ELEC-1002,288,0
1ba246c7,ELEC-1077,183,1
be340e32,ELEC-1007,157,0
83bf553e,ELEC-1008,344,0
478a86df,ELEC-1057,17,0
053850a2,ELEC-1050,389,0
d9cd2d6b,ELEC-1052,63,0
2f1f15ee,ELEC-1052,175,0
4b4f09d6,ELEC-1011,197,2
a2d08b57,ELEC-1005,55,0
837ff0d6,ELEC-1054,21,0
6a655ba5,ELEC-1007,275,0
1018bd74,ELEC-1050,349,1
a636031f,ELEC-1024,140,1
f23be57a,ELEC-1090,307,0
803d0ea7,ELEC-1060,85,0
dbd5a6f6,ELEC-1055,176,0
7f56d09e,ELEC-1001,105,0
fdaf36db,ELEC-1044,389,0
edc6ae84,ELEC-1024,263,0
7d0f2909,ELEC-1010,262,1
5675048e,ELEC-1098,394,1
aea40996,ELEC-1077,196,0
d43a8f54,ELEC-1035,276,0
ebc2d1cf,ELEC-1012,230,0
6092f968,ELEC-1004,212,0
cf94b4bd,ELEC-1010,325,1
3504b2c9,ELEC-1008,345,0
a897cf33,ELEC-1036,366,0
c5fc69ca,ELEC-1063,210,0
20d26f8d,ELEC-1079,69,0
206bd123,ELEC-1032,78,0
c50f3e55,ELEC-1034,397,1
1d17d855,ELEC-1023,347,0
8e7a2642,ELEC-1031,182,0
1cd4e530,ELEC-1099,273,0
25872937,ELEC-1015,293,0
5a45e58c,ELEC-1063,201,0
03d30780,ELEC-1073,135,1
bdb037ab,ELEC-1082,211,0
2c587a53,ELEC-1087,154,1
448eb931,ELEC-1001,100,0
7b5e4496,ELEC-1028,335,2
c40abf44,ELEC-1094,340,0
2bf09e74,ELEC-1026,119,0
6eb6c63b,ELEC-1055,369,0
2ee8af15,ELEC-1037,369,0
4796fdf0,ELEC-1013,198,0
501971ea,ELEC-1092,397,0
a096df29,ELEC-1066,295,0
5ef19451,ELEC-1060,136,2
43ad4e25,ELEC-1028,374,0
ba908193,ELEC-1051,27,2
3e4f54e3,ELEC-1017,39,0
d63fb4da,ELEC-1087,76,0
d469b630,ELEC-1093,326,0
c0479b60,ELEC-1090,61,0
28bef9ee,ELEC-1012,142,0
ec5a8f39,ELEC-1023,166,2
20a9396f,ELEC-1060,41,0
92425617,ELEC-1007,393,0
25824b29,ELEC-1034,97,0
3dc3ecbc,ELEC-1095,168,0
d3ea6506,ELEC-1067,166,0
d0f12937,ELEC-1090,70,2
0cb49b02,ELEC-1013,251,0
bb144688,ELEC-1099,218,0
cbbf0925,ELEC-1056,189,0
e4d34620,ELEC-1020,300,0
f091f41b,ELEC-1007,173,0
139e3d41,ELEC-1016,343,0
3aff33be,ELEC-1027,61,1
64c78a64,ELEC-1036,356,0
e91cf948,ELEC-1018,53,0
e6dc80b4,ELEC-1028,199,0
b13786b5,ELEC-1009,115,0
5acbafc1,ELEC-1082,282,0
edbedd1e,ELEC-1028,83,0
afb5db15,ELEC-1005,393,0
5b520964,ELEC-1022,194,0
3e19f6f1,ELEC-1090,344,0
6aa9df99,ELEC-1034,245,0
6b8a15d5,ELEC-1009,384,0
43c4716b,ELEC-1044,391,0
1f50b577,ELEC-1045,34,2
f823133b,ELEC-1069,301,0
a97b6319,ELEC-1033,57,0
b88da814,ELEC-1025,32,0
5db8d9a2,ELEC-1055,15,1
f6e47536,ELEC-1063,68,0
50415b11,ELEC-1043,267,0
1a596f27,ELEC-1076,265,0
e2529df1,ELEC-1027,344,1
da6ba2e5,ELEC-1056,300,0
37c3b6db,ELEC-1008,66,0
e5fbb44c,ELEC-1006,60,0
dc68540c,ELEC-1092,371,0
eaf84f41,ELEC-1093,148,0
98ac6b1f,ELEC-1085,53,0
ff2dad0e,ELEC-1059,74,1
6eff64cc,ELEC-1060,392,0
aac9c4f8,ELEC-1023,96,2
e8a4252f,ELEC-1055,376,0
86136c93,ELEC-1094,66,0
67d40025,ELEC-1069,221,0
6d985d47,ELEC-1046,186,2
b65b635b,ELEC-1066,106,0
f13eb032,ELEC-1064,153,0
9d213184,ELEC-1017,103,0
c1e9989b,ELEC-1074,184,0
0774a482,ELEC-1096,159,0
44d3ac48,ELEC-1023,35,0
14b1dcb3,ELEC-1079,304,0
570a5192,ELEC-1085,109,0
bfbcfa2a,ELEC-1067,88,0
02277261,ELEC-1023,52,0
1bd9bfe3,ELEC-1097,281,0
4bebb3b8,ELEC-1079,45,0
7e27192f,ELEC-1069,177,0
1de510ae,ELEC-1031,291,0
e002f796,ELEC-1034,244,0
06c1043a,ELEC-1043,290,0
d7a4f448,ELEC-1069,335,1
8fb6e3c1,ELEC-1021,184,0
33e1892c,ELEC-1006,38,2
acebec03,ELEC-1070,317,0
1c477a8b,ELEC-1064,316,1
d3835a7c,ELEC-1069,141,0
1d4df642,ELEC-1019,143,0
97aecb08,ELEC-1004,186,0
f2e67496,ELEC-1065,236,0
439ea222,ELEC-1096,56,0
d54e9723,ELEC-1072,326,0
1872a687,ELEC-1048,190,0
eca14cff,ELEC-1073,35,0
86d3e56b,ELEC-1022,119,0
7f7a5900,ELEC-1043,111,0
aadb097c,ELEC-1082,225,1
9b97209b,ELEC-1030,285,2
f91f8885,ELEC-1048,353,0
a2a1fd92,ELEC-1083,168,0
5271135e,ELEC-1028,147,2
fa5dca84,ELEC-1088,122,0
8dc68615,ELEC-1067,170,0
32e3e47d,ELEC-1014,208,0
5b22b9d4,ELEC-1040,173,0
18f23bd7,ELEC-1084,318,1
db114cf1,ELEC-1061,394,2
01ff4076,ELEC-1094,208,0
154c5d5e,ELEC-1002,48,0
1c943052,ELEC-1070,117,1
834dfdfc,ELEC-1017,342,0
0c18743a,ELEC-1043,309,0
0cb130b6,ELEC-1077,353,0
a0f0e006,ELEC-1076,45,0
34729a41,ELEC-1017,19,0
22080e3d,ELEC-1052,344,0
caa892fe,ELEC-1084,280,0
f6ba3f12,ELEC-1092,334,0
6d988d76,ELEC-1014,16,2
717366f7,ELEC-1097,377,0
5c77893d,ELEC-1002,380,2
efec8408,ELEC-1039,282,0
dc771a0b,ELEC-1035,344,0
9b5fde99,ELEC-1036,391,0
e6678c04,ELEC-1040,208,0
aa8a5277,ELEC-1074,145,2
67fc517c,ELEC-1031,287,0
414dd093,ELEC-1058,109,0
be99e070,ELEC-1064,33,0
8a6d0900,ELEC-1030,300,0
819655b9,ELEC-1012,90,0
464c3384,ELEC-1006,15,0
8211f5e4,ELEC-1032,261,2
3bb624e8,ELEC-1025,381,1
fa92818b,ELEC-1079,253,0
8cde552e,ELEC-1082,323,0
bd0f3d9c,ELEC-1033,393,2
3df1289e,ELEC-1025,301,2
076b9d8a,ELEC-1042,358,0
d0dee628,ELEC-1051,289,1
9006f571,ELEC-1027,275,0
4d7d2ceb,ELEC-1085,392,2
67a2b97c,ELEC-1001,196,0
18e59e43,ELEC-1049,132,0
1ae27d54,ELEC-1021,356,0
c882f67d,ELEC-1096,372,0
746bc72d,ELEC-1049,386,0
d72851f8,ELEC-1090,125,0
20ff7760,ELEC-1082,217,0
9bd4c5cf,ELEC-1082,29,0
e5da771e,ELEC-1091,131,0
9ee25acb,ELEC-1001,66,0
169e08d8,ELEC-1011,239,0
2fdd07f2,ELEC-1051,58,0
12e6b162,ELEC-1070,34,2
6aa4ec2b,ELEC-1040,46,0
b1e78662,ELEC-1087,398,0
d694ca1b,ELEC-1051,164,0
ba83b079,ELEC-1001,122,0
b5fab7c4,ELEC-1025,29,0
41fd3fea,ELEC-1062,158,1
c0995706,ELEC-1078,319,0
ca268b3c,ELEC-1068,277,0
f131cd89,ELEC-1067,294,2
974340f3,ELEC-1073,221,0
4d70310a,ELEC-1077,313,0
46e81d57,ELEC-1006,129,0
080cf8f3,ELEC-1075,20,2
4c122f87,ELEC-1054,41,0
ac098bc5,ELEC-1019,86,0
20f8c221,ELEC-1091,14,0
ff296776,ELEC-1060,140,2
4be1d088,ELEC-1029,238,0
2000a10e,ELEC-1044,391,0
abd89236,ELEC-1033,92,0
06cbbe73,ELEC-1059,175,0
d51edac7,ELEC-1031,236,2
e8367403,ELEC-1073,165,0
4208c06e,ELEC-1040,270,0
eab7fa27,ELEC-1022,152,1
66742cea,ELEC-1026,122,0
7f1964a4,ELEC-1047,309,0
b50fc5b9,ELEC-1016,361,0
3bc87af5,ELEC-1070,223,0
094414c8,ELEC-1087,262,0
cf8bfb09,ELEC-1085,25,2
38042ef1,ELEC-1008,58,1
08fb2322,ELEC-1025,203,0
caec961c,ELEC-1020,275,0
4d0ba3e7,ELEC-1053,60,0
8e9b53a7,ELEC-1037,42,0
e0ed2366,ELEC-1099,283,0
ba7952b5,ELEC-1051,158,0
50349eab,ELEC-1022,60,0
07faf9be,ELEC-1000,274,0
4d41ad98,ELEC-1062,372,0
5bcce064,ELEC-1041,339,2
cf7807b5,ELEC-1097,363,0
b7d355f0,ELEC-1090,268,1
b6a06fb0,ELEC-1028,399,0
a461c4f8,ELEC-1085,230,0
c69b9c69,ELEC-1011,292,0
8a2734a4,ELEC-1050,335,2
efa32990,ELEC-1040,153,0
b2176c13,ELEC-1045,273,0
c3fb9395,ELEC-1094,86,0
379ecb1b,ELEC-1020,137,0
1f61b309,ELEC-1090,42,0
d99881d6,ELEC-1037,192,0
6d861189,ELEC-1007,308,0
f4cee01d,ELEC-1000,149,0
4a1a0895,ELEC-1090,342,0
2bf7218c,ELEC-1054,214,0
61d59c18,ELEC-1060,224,0
cca47485,ELEC-1052,296,0
4c1728e2,ELEC-1086,271,0
7a7fb4bb,ELEC-1041,72,0
991b29ca,ELEC-1071,207,1
9186d3b5,ELEC-1003,339,0
19c671d1,ELEC-1018,15,1
0cc36a57,ELEC-1094,370,0
f389efc9,ELEC-1094,259,0
3145e2ef,ELEC-1017,308,0
b06b8729,ELEC-1047,120,2
6167ff23,ELEC-1097,74,0
e2f218d9,ELEC-1041,152,0
557f9d55,ELEC-1096,269,2
c5d9ae89,ELEC-1072,300,0
4ec05126,ELEC-1012,383,0
8ee0ebf9,ELEC-1091,117,0
4fffe773,ELEC-1007,256,0
1aa0c39f,ELEC-1008,358,0
d9d734f5,ELEC-1042,229,0
8f7387be,ELEC-1031,298,0
6c2044e9,ELEC-1025,15,2
e175e14c,ELEC-1066,105,0
c26fb8ca,ELEC-1075,337,1
f1b18d6e,ELEC-1092,50,0
67ca9760,ELEC-1091,30,0
e8c482f3,ELEC-1041,307,1
543006b6,ELEC-1059,209,0
20355b42,ELEC-1003,151,0
10537cff,ELEC-1088,385,0
9f030446,ELEC-1059,62,0
30b25bcf,ELEC-1075,191,0
4b668656,ELEC-1075,63,0
8ace519c,ELEC-1016,354,0
a669f84f,ELEC-1082,34,1
ede9f164,ELEC-1003,94,0
114b8d8d,ELEC-1052,15,0
ef48e493,ELEC-1060,348,0
6127bf17,ELEC-1015,17,0
9440bb70,ELEC-1062,316,0
838d4316,ELEC-1041,10,0
5eb9b98c,ELEC-1010,397,0
c0c4d91d,ELEC-1057,266,0
5211b980,ELEC-1032,300,0
9cc4878a,ELEC-1048,84,0
2f85f21c,ELEC-1021,181,0
3682a262,ELEC-1025,27,0
999302c0,ELEC-1011,210,1
2225ae4f,ELEC-1011,161,0
7503e2a4,ELEC-1093,120,0
f467a3d1,ELEC-1010,188,0
f6a4a788,ELEC-1073,119,1
1c9bad6b,ELEC-1060,120,0
8798b6b7,ELEC-1025,316,0
a7c5789e,ELEC-1003,184,1
12d9fe32,ELEC-1040,329,0
72476253,ELEC-1018,372,0
9671e9c7,ELEC-1088,347,0
3153206a,ELEC-1015,281,0
91f268b5,ELEC-1044,45,1
7c710ac1,ELEC-1081,213,0
4a43371f,ELEC-1059,298,0
d44de5a0,ELEC-1032,375,0
2e298ac3,ELEC-1069,66,2
94d5b0b2,ELEC-1054,68,0
64c8fd86,ELEC-1011,292,0
4a8f2f3b,ELEC-1003,139,2
b33d741f,ELEC-1041,381,2
3ef8619a,ELEC-1097,135,0
27959b4a,ELEC-1000,279,0
73183d4f,ELEC-1009,108,0
00e37bc0,ELEC-1020,47,0
af3c1195,ELEC-1004,141,0
ccef5d9e,ELEC-1019,234,0
fba1a935,ELEC-1063,335,0
4a3fd66c,ELEC-1060,266,2
be22e1f7,ELEC-1024,71,2
7b54b95d,ELEC-1061,143,1
d16741c6,ELEC-1014,23,1
285bcefd,ELEC-1045,204,0
9e0c0893,ELEC-1072,306,0
4b2c6a72,ELEC-1061,132,1
59c947e7,ELEC-1093,16,0
f10c2552,ELEC-1001,82,2
64b97c6a,ELEC-1016,38,0
b68d8c17,ELEC-1084,248,0
b96825b8,ELEC-1029,22,0
de05f434,ELEC-1041,121,0
d26355c0,ELEC-1002,328,0
dcb55057,ELEC-1075,187,0
ceb3e8b6,ELEC-1016,164,2
50cd386c,ELEC-1060,34,0
8cc809e5,ELEC-1037,133,0
427e2b84,ELEC-1080,45,0
ae07b55e,ELEC-1039,326,0
eb0801ac,ELEC-1041,313,0
c5c051f2,ELEC-1008,311,0
878fde8d,ELEC-1058,195,2
790313b6,ELEC-1035,392,0
5626f3f3,ELEC-1083,209,2
65d3291d,ELEC-1020,198,0
010cd0eb,ELEC-1057,288,0
8dcb1747,ELEC-1073,213,0
86d41041,ELEC-1091,384,0
55676194,ELEC-1096,218,0
cf942567,ELEC-1095,207,0
94796cd9,ELEC-1029,90,1
10f5eb87,ELEC-1064,298,1
b2799aed,ELEC-1067,132,0
46d5deb0,ELEC-1004,334,0
156516c4,ELEC-1047,393,0
6bc5f098,ELEC-1093,112,0
135456b5,ELEC-1048,311,0
9a6ced08,ELEC-1050,72,0
6e36c0fb,ELEC-1042,11,0
19d274fd,ELEC-1061,143,0
6e53083d,ELEC-1046,189,0
bf4b71de,ELEC-1058,394,0
40d8a58c,ELEC-1086,378,0
bde892fd,ELEC-1038,332,0
a74f433c,ELEC-1019,337,0
0487a352,ELEC-1051,148,0
fb59dd42,ELEC-1070,35,1
1697fbd9,ELEC-1039,368,0
46ea5016,ELEC-1012,282,0
a7d7cffe,ELEC-1079,62,1
0f36b8ac,ELEC-1011,327,0
db5dd231,ELEC-1006,373,2
bbe24fc7,ELEC-1075,315,2
3a120656,ELEC-1040,111,0
8768e527,ELEC-1042,38,0
fecb8567,ELEC-1026,36,1
dc1bf2f0,ELEC-1004,275,0
eb7c7d62,ELEC-1017,164,0
2df2c345,ELEC-1095,388,0
3d7c86db,ELEC-1024,33,0
621f32f3,ELEC-1016,19,0
b4a9f9f4,ELEC-1051,365,0
f53759ba,ELEC-1071,133,0
4b350727,ELEC-1082,328,0
6232bbac,ELEC-1058,47,0
5d6f5fe0,ELEC-1010,397,0
3610216f,ELEC-1034,70,0
bcb91676,ELEC-1004,142,0
8bac9a3c,ELEC-1066,256,0
82033671,ELEC-1045,220,0
82fd61d0,ELEC-1040,274,0
963d0886,ELEC-1083,205,0
1fdffe24,ELEC-1048,184,0
fbd59ac0,ELEC-1066,122,0
fce38d7f,ELEC-1098,279,0
e920f676,ELEC-1080,72,0
4c0fc53e,ELEC-1013,142,1
de437d79,ELEC-1052,365,0
afbfe20c,ELEC-1006,188,2
37bb94f5,ELEC-1012,122,0
5dc438e0,ELEC-1085,18,0
e9e0f750,ELEC-1047,312,1
016882a1,ELEC-1049,215,0
7121e65e,ELEC-1084,163,0
358e1790,ELEC-1064,254,0
0dd3b089,ELEC-1017,136,0
16b34e27,ELEC-1077,33,0
8d172e14,ELEC-1044,86,0
c84f9a95,ELEC-1014,370,0
383ac0f6,ELEC-1035,293,0
06c96f27,ELEC-1045,92,0
e72a440d,ELEC-1086,289,0
65e0748f,ELEC-1097,23,0
543e8bf2,ELEC-1049,250,0
b5742525,ELEC-1043,335,0
86403058,ELEC-1090,84,0
4952e01d,ELEC-1024,236,0
5289c414,ELEC-1053,74,0
c7a9a8fd,ELEC-1062,287,1
8db33c15,ELEC-1080,118,1
52ff99d3,ELEC-1005,367,0
e209f143,ELEC-1031,311,0
26e63d69,ELEC-1041,249,0
1d437c92,ELEC-1087,163,0
601fd4dd,ELEC-1063,70,0
b83901da,ELEC-1010,330,0
590d8186,ELEC-1039,393,0
c0a05e46,ELEC-1001,395,2
9b644313,ELEC-1050,295,0
49956b96,ELEC-1064,57,0
a401f8fd,ELEC-1086,26,0
e97569fa,ELEC-1081,300,2
563b6fa8,ELEC-1090,37,0
d065252d,ELEC-1044,118,0
451405d5,ELEC-1054,135,0
eb3111e6,ELEC-1043,116,0
580e4632,ELEC-1083,158,0
513a635b,ELEC-1037,11,1
282d194a,ELEC-1073,18,0
be4d1cc0,ELEC-1086,120,0
546b9856,ELEC-1066,226,0
f8af7a76,ELEC-1038,114,0
78a4b8a1,ELEC-1038,163,0
a66c288e,ELEC-1015,20,2
3bbd13eb,ELEC-1063,79,0
d67d962a,ELEC-1041,216,0
1c8bb8f1,ELEC-1075,357,0
c9b8c768,ELEC-1093,335,0
5e44570d,ELEC-1098,225,0
3df2b77e,ELEC-1020,315,0
ad8393be,ELEC-1033,148,0
a63ef591,ELEC-1033,275,2
5017b21c,ELEC-1085,130,0
b36e6b34,ELEC-1076,64,0
9573edc7,ELEC-1054,42,1
892f9b34,ELEC-1086,61,0
d43c6b56,ELEC-1001,36,0
11240a83,ELEC-1083,11,0
917db6b9,ELEC-1003,138,0
323b1379,ELEC-1065,199,2
da219fce,ELEC-1077,331,2
81dd1a0b,ELEC-1054,268,0
e8967150,ELEC-1030,196,0
ef1a870f,ELEC-1038,99,0
b5a024b1,ELEC-1096,136,0
bc0fc572,ELEC-1014,163,0
9da05874,ELEC-1039,200,0
30eb68e9,ELEC-1026,372,0
5cc3c019,ELEC-1055,247,0
8b219fc4,ELEC-1047,35,0
97f08f10,ELEC-1040,61,0
e398c9b8,ELEC-1081,398,0
045c0100,ELEC-1033,239,0
acb24dff,ELEC-1006,310,0
3dadbb0a,ELEC-1082,392,0
d228daca,ELEC-1054,95,1
54f1d216,ELEC-1091,180,0
cf43cac8,ELEC-1055,87,1
9c9d2ab1,ELEC-1091,288,0
d91e4123,ELEC-1040,171,1
01aff072,ELEC-1075,304,0
62e28a07,ELEC-1059,284,0
2578ec77,ELEC-1018,56,0
43e44856,ELEC-1070,111,0
96ddf184,ELEC-1007,228,0
7cbad794,ELEC-1015,173,0
ad053a92,ELEC-1084,322,0
5f30ef9b,ELEC-1074,271,0
d540c1e0,ELEC-1087,74,0
47eb8e16,ELEC-1020,170,0
25f60c11,ELEC-1062,135,0
55813939,ELEC-1075,43,0
6c234fb1,ELEC-1001,12,1
b06cfc2a,ELEC-1074,301,0
221050c2,ELEC-1008,156,0
89472944,ELEC-1003,346,0
9cc04d6f,ELEC-1043,281,0
79823210,ELEC-1026,219,0
22627294,ELEC-1075,197,0
5e7fb092,ELEC-1040,256,0
2ee6bc57,ELEC-1038,355,0
0b42f14b,ELEC-1057,169,0
07f07370,ELEC-1092,29,0
fbae7acb,ELEC-1032,292,2
bee3efa6,ELEC-1056,24,1
d0dcf838,ELEC-1018,51,2
05074a7f,ELEC-1009,144,0
de7ea1b3,ELEC-1030,326,0
ddc80d07,ELEC-1036,351,2
12169990,ELEC-1011,86,0
4253ae98,ELEC-1035,232,0
30e849d0,ELEC-1026,339,0
a2df80d8,ELEC-1018,145,0
06105977,ELEC-1008,285,0
5a624484,ELEC-1080,134,0
1c9bcdfb,ELEC-1033,98,0
fc61febc,ELEC-1053,225,0
d15003b8,ELEC-1019,150,0
ca58b50a,ELEC-1066,269,0
faeb97a6,ELEC-1049,247,0
0051cb9e,ELEC-1081,43,0
392f0b3d,ELEC-1031,185,0
756d8cbe,ELEC-1096,150,0
17dcea55,ELEC-1011,152,0
d9b64c16,ELEC-1040,372,0
c85fec8c,ELEC-1021,109,0
61a47e1d,ELEC-1097,149,0
25959cbe,ELEC-1002,281,0
1333b731,ELEC-1005,130,0
852724de,ELEC-1050,200,0
d21e2b9e,ELEC-1059,260,0
cc8a97f0,ELEC-1053,397,1
1c725a4c,ELEC-1020,373,0
e6858b80,ELEC-1063,86,0
8834881c,ELEC-1002,100,0
f0200c93,ELEC-1031,340,0
f90a9840,ELEC-1027,56,0
3bac48d7,ELEC-1075,285,0
7324e4d3,ELEC-1091,19,0
607728e8,ELEC-1075,65,1
23175d03,ELEC-1062,220,0
f159e7f7,ELEC-1041,160,0
f5fc233f,ELEC-1061,384,0
b4e487b1,ELEC-1089,296,0
aa90e9b4,ELEC-1091,244,0
0a5a4d5c,ELEC-1078,213,0
56ca14f6,ELEC-1066,45,0
5b79da01,ELEC-1079,176,0
2f42421f,ELEC-1058,382,0
dd6a8f14,ELEC-1013,111,0
a5befc35,ELEC-1055,371,0
5931441b,ELEC-1047,189,0
a4f758bc,ELEC-1076,283,0
2af9d85a,ELEC-1096,379,0
4fa7aca9,ELEC-1065,122,1
9425d8d1,ELEC-1074,306,0
bef0f7d2,ELEC-1086,173,2
2a3b0db4,ELEC-1081,368,2
df18b861,ELEC-1069,138,0
1ffaae6e,ELEC-1050,270,0
a6720f8e,ELEC-1035,74,0
359a0a90,ELEC-1050,273,2
51f61d8e,ELEC-1009,245,0
946e620f,ELEC-1078,382,0
0ea9205b,ELEC-1064,336,0
5e7c1d59,ELEC-1061,291,0
cc8f6101,ELEC-1081,128,0
8458cbc9,ELEC-1073,53,0
265520cd,ELEC-1017,161,0
e4a9a12c,ELEC-1001,379,0
2c26c2e2,ELEC-1037,16,0
5cf91a79,ELEC-1023,376,0
c6d5aa24,ELEC-1065,216,2
6f48bf92,ELEC-1005,15,0
395ff3d0,ELEC-1001,43,2
d858123f,ELEC-1072,343,0
d6c41de6,ELEC-1059,16,0
0d8c37bf,ELEC-1048,272,0
1fb94daa,ELEC-1054,156,0
1bd87abd,ELEC-1023,198,0
52cf74ec,ELEC-1007,235,2
ad58061a,ELEC-1052,88,0
350abe4d,ELEC-1030,173,0
6d31b095,ELEC-1088,159,0
d6aa9df4,ELEC-1027,43,1
01d82c4a,ELEC-1093,166,2
ee60ce3a,ELEC-1094,318,1
19518662,ELEC-1032,232,0
4cea6ee3,ELEC-1050,380,0
6d82b12d,ELEC-1076,287,0
843ad756,ELEC-1061,165,0
55a1eb5e,ELEC-1059,141,0
e1c0e128,ELEC-1034,278,0
2ad66946,ELEC-1047,30,0
ee7feceb,ELEC-1048,307,0
a7fcdde1,ELEC-1022,259,0
0fc947b4,ELEC-1050,114,0
d92c179e,ELEC-1028,363,2
6282e1de,ELEC-1049,100,0
69a46332,ELEC-1043,91,0
7512bfee,ELEC-1043,358,2
6541654e,ELEC-1013,260,0
57809942,ELEC-1064,273,0
5ebdbe9b,ELEC-1016,204,0
4ec415fb,ELEC-1003,200,0
68c35eb5,ELEC-1086,158,2
9e2f3bf6,ELEC-1042,303,0
9cce54d2,ELEC-1006,358,2
60be3a55,ELEC-1056,289,2
cf63ab43,ELEC-1051,82,2
dd083a53,ELEC-1093,259,0
ad2c3043,ELEC-1096,326,0
d9dec1e3,ELEC-1069,289,0
916bc99a,ELEC-1066,281,0
cf337eba,ELEC-1092,37,1
8e579148,ELEC-1006,342,0
bb665c1c,ELEC-1067,228,0
b2afd033,ELEC-1066,158,0
6fac2ad6,ELEC-1093,65,0
83b19e59,ELEC-1037,383,0
f918f88b,ELEC-1062,373,0
30d55d8b,ELEC-1053,259,0
b40da9e9,ELEC-1016,360,1
6585ea20,ELEC-1021,365,0
be410049,ELEC-1048,342,1
ceb30f68,ELEC-1015,30,2
b36af968,ELEC-1056,279,0
9569b740,ELEC-1006,389,0
f787d928,ELEC-1024,249,0
b082928f,ELEC-1023,135,2
25821103,ELEC-1088,269,0
d425c73a,ELEC-1083,258,0
79e5d637,ELEC-1094,205,0
11adaa99,ELEC-1027,220,0
47e29c44,ELEC-1055,98,0
b766721c,ELEC-1039,221,0
5bc7f4fb,ELEC-1060,310,0
15d870cb,ELEC-1049,56,0
418b96df,ELEC-1065,71,0
7a727426,ELEC-1073,366,0
512fa438,ELEC-1037,176,0
0a6d05d6,ELEC-1041,38,0
a3e6b024,ELEC-1063,147,2
7b7a7f6f,ELEC-1067,122,0
14d2eebc,ELEC-1013,325,0
f70c923d,ELEC-1000,281,2
fcf1bafb,ELEC-1062,363,0
83ec8717,ELEC-1097,147,0
925952c4,ELEC-1041,378,0
e8e15b45,ELEC-1075,165,1
191cc519,ELEC-1068,243,0
29986207,ELEC-1091,250,2
0d02786d,ELEC-1016,390,0
a871330a,ELEC-1049,55,0
a44820b9,ELEC-1005,260,0
5d0de222,ELEC-1007,175,2
41891904,ELEC-1008,399,0
5c6d8c02,ELEC-1071,280,1
d90936fe,ELEC-1081,70,0
9679120f,ELEC-1094,198,0
533df6d8,ELEC-1095,26,0
a9923ba2,ELEC-1022,176,0
9c6ca16d,ELEC-1060,31,0
b8b07011,ELEC-1013,283,0
86630e90,ELEC-1038,273,0
0861ef1d,ELEC-1001,214,0
59a19ab6,ELEC-1077,276,0
053b23bc,ELEC-1039,11,0
3b66ccc3,ELEC-1081,189,2
dafeeb78,ELEC-1071,84,0
d3a1ddf4,ELEC-1059,263,0
280a08c1,ELEC-1077,80,0
4f2c790e,ELEC-1050,249,0
c5d5ccc4,ELEC-1044,329,0
e6e1bdf9,ELEC-1041,348,2
053d9d34,ELEC-1045,233,0
2f5dab07,ELEC-1079,87,0
40056997,ELEC-1045,209,0
ca9fed57,ELEC-1088,329,0
8c1e811e,ELEC-1023,27,0
04e5c49a,ELEC-1078,310,0
e1bc34cb,ELEC-1085,373,1
be565ba6,ELEC-1083,343,0
9fce724c,ELEC-1016,107,0
1ee67016,ELEC-1079,339,0
2fa3ee94,ELEC-1093,191,0
7c9f801d,ELEC-1027,323,0
6b8badd8,ELEC-1092,203,0
9ca1da2a,ELEC-1063,102,0
d4f15286,ELEC-1013,20,0
4544c5af,ELEC-1083,142,1
81484bea,ELEC-1076,376,0
0e9ac7e5,ELEC-1022,231,0
982a11a4,ELEC-1057,184,0
de146a56,ELEC-1026,89,0
00815e78,ELEC-1057,358,1
66cbd209,ELEC-1048,188,0
f0af6ee0,ELEC-1096,54,0
6289cb70,ELEC-1030,172,0
b080353d,ELEC-1081,86,0
c7addc46,ELEC-1032,390,0
36929fae,ELEC-1007,110,0
66fbacda,ELEC-1070,237,0
8c34b45a,ELEC-1051,12,1
5cbec810,ELEC-1048,341,0
17e07880,ELEC-1068,328,0
03dc0d41,ELEC-1045,255,0
85baa5c4,ELEC-1079,312,0
d350fa93,ELEC-1047,13,0
fa4fcec2,ELEC-1017,381,0
ec2e11a5,ELEC-1037,153,0
67d4c924,ELEC-1063,75,0
c0e9b777,ELEC-1091,329,0
6105f09c,ELEC-1032,261,0
b0b6dc7d,ELEC-1072,34,0
7744195c,ELEC-1081,82,1
0c7f1c2f,ELEC-1093,195,0
83691537,ELEC-1009,135,0
5fb51458,ELEC-1099,192,0
3ace8fd1,ELEC-1044,383,0
3d7b2320,ELEC-1074,86,0
0c356bee,ELEC-1066,17,0
b950422d,ELEC-1036,109,0
c6989b72,ELEC-1097,236,0
b90af3ae,ELEC-1024,390,0
d2ecc627,ELEC-1026,301,0
226699c2,ELEC-1064,236,0
6910f123,ELEC-1073,276,0
c6216d52,ELEC-1049,332,1
64fc373a,ELEC-1081,274,2
34de1746,ELEC-1039,101,0
54e9d805,ELEC-1011,93,1
e4eda5fc,ELEC-1018,178,0
3a871bbc,ELEC-1094,364,0
784b2334,ELEC-1080,370,2
3a34c9c4,ELEC-1035,303,0
31ae2252,ELEC-1004,10,0
058a31e5,ELEC-1056,323,0
28adbcff,ELEC-1063,315,0
f0183fe3,ELEC-1022,124,2
e207ffac,ELEC-1012,316,2
6709c97f,ELEC-1033,84,0
9b3d15bb,ELEC-1054,245,0
32a69325,ELEC-1078,299,0
c8b37a92,ELEC-1088,184,0
1e97dbcc,ELEC-1031,157,0
1a5bae67,ELEC-1020,377,0
e3fae2df,ELEC-1054,373,1
ac1d23f5,ELEC-1047,319,0
daa70e06,ELEC-1084,34,0
85b1c549,ELEC-1025,367,0
d35d8c87,ELEC-1099,303,0
569bac5a,ELEC-1003,307,0
fe1ceedc,ELEC-1077,106,0
2c957660,ELEC-1041,345,0
0f91b96f,ELEC-1010,343,0
caec204d,ELEC-1088,73,0
b68b3833,ELEC-1029,234,0
bde77cc9,ELEC-1023,291,1
487baa61,ELEC-1009,177,0
e7b501c4,ELEC-1017,140,0
6e529183,ELEC-1060,249,0
7f312873,ELEC-1023,139,0
df55182d,ELEC-1079,65,0
38d91f1b,ELEC-1004,179,0
8cc57648,ELEC-1090,266,0
6ac715dc,ELEC-1055,69,0
a29c883e,ELEC-1032,185,0
c0157907,ELEC-1069,100,0
16db9b11,ELEC-1044,85,0
558754b0,ELEC-1028,108,1
7e5c93ca,ELEC-1022,348,0
372d81af,ELEC-1016,281,0
c85f6ec2,ELEC-1058,86,0
68b05ec9,ELEC-1072,259,0
11367d4a,ELEC-1038,255,1
9b2feccc,ELEC-1005,226,0
9df3f5d6,ELEC-1032,263,0
8a324481,ELEC-1096,128,2
120bfc31,ELEC-1042,223,0
6546e9bc,ELEC-1027,383,0
aca79120,ELEC-1005,165,0
9244bf33,ELEC-1047,35,0
81dd573f,ELEC-1010,279,0
3222a42e,ELEC-1036,144,0
d29cf972,ELEC-1031,289,0
81ec36fd,ELEC-1056,178,0
b4ce96c7,ELEC-1070,337,0
1c839510,ELEC-1002,76,0
643b9365,ELEC-1074,46,0
6eed1adb,ELEC-1060,57,0
fd6e80ef,ELEC-1033,51,0
6fb77f13,ELEC-1063,356,0
9d1db93b,ELEC-1050,312,1
8aef184c,ELEC-1042,357,0
a38be0ba,ELEC-1059,131,0
72029c5a,ELEC-1078,283,0
6819e36c,ELEC-1042,253,2
0f17e051,ELEC-1034,362,2
e66d51e5,ELEC-1010,317,0
755cf23b,ELEC-1036,56,0
55f01420,ELEC-1070,224,1
52ba7176,ELEC-1011,298,0
5f1ddc30,ELEC-1074,203,0
b0ce0959,ELEC-1088,334,0
3eef56c2,ELEC-1036,189,2
423974a2,ELEC-1048,18,0
1d6ff369,ELEC-1024,82,0
d81f414c,ELEC-1035,228,0
6d1be219,ELEC-1051,271,0
86022406,ELEC-1002,70,0
13398747,ELEC-1070,198,0
dff37903,ELEC-1086,345,2
c28b58ce,ELEC-1076,309,0
82dae164,ELEC-1009,357,0
ae93f5aa,ELEC-1045,80,1
ba1e40de,ELEC-1030,321,0
c340b28b,ELEC-1089,109,0
9c8a5942,ELEC-1045,173,0
94fd5ff8,ELEC-1018,350,0
4cd124c9,ELEC-1023,216,1
58eca8a6,ELEC-1009,135,0
3fa01e15,ELEC-1071,375,2
8e9491e1,ELEC-1032,181,2
fbfe0f19,ELEC-1007,393,0
7d4f5030,ELEC-1036,173,1
212b1d48,ELEC-1011,327,0
9adaa864,ELEC-1023,205,0
9ab1b9b6,ELEC-1044,263,0
e861f404,ELEC-1003,245,0
24d0ff09,ELEC-1052,262,0
a5f7cc35,ELEC-1046,62,0
27531201,ELEC-1087,245,0
e5511c49,ELEC-1035,226,0
67165566,ELEC-1016,262,0
da982998,ELEC-1020,106,0
7a6acce8,ELEC-1059,171,1
214fdfb7,ELEC-1095,282,0
9e6a9bcc,ELEC-1035,168,0
fe07a662,ELEC-1034,194,2
e5ee7517,ELEC-1088,33,0
d1101888,ELEC-1080,108,0
40764385,ELEC-1091,258,0
f230ae64,ELEC-1081,374,0
fd98d684,ELEC-1040,157,0
ca25c9ab,ELEC-1089,203,1
f8a35402,ELEC-1042,48,0
4acfde32,ELEC-1047,88,0
dd3dc5fb,ELEC-1012,142,1
f3cb044a,ELEC-1050,172,0
ba845137,ELEC-1070,230,0
8573f2a8,ELEC-1089,209,0
b9bf5c3a,ELEC-1021,302,0
28f6c5b1,ELEC-1049,318,0
731eb66f,ELEC-1002,377,0
598c8221,ELEC-1075,105,0
bc4c4329,ELEC-1032,249,1
4d06fc96,ELEC-1097,150,0
dc4304d5,ELEC-1020,390,0
e2e737ca,ELEC-1002,159,0
94a47b38,ELEC-1026,13,0
fa9c90d5,ELEC-1002,380,0
7cfc7a34,ELEC-1057,371,0
5519aed6,ELEC-1063,236,1
c11b6705,ELEC-1025,208,1
20288bbd,ELEC-1064,259,0
be55f118,ELEC-1009,89,0
a568825d,ELEC-1087,121,0
473346de,ELEC-1016,185,0
f813d3de,ELEC-1094,332,0
71c64a47,ELEC-1001,363,0
8711befa,ELEC-1042,189,0
4a29c50b,ELEC-1079,230,1
78019228,ELEC-1086,370,0
526e4119,ELEC-1026,54,0
3ddf360b,ELEC-1074,297,0
1a9d723e,ELEC-1063,340,1
1efc7b92,ELEC-1007,146,0
1ff12509,ELEC-1007,91,2
eeab1ab7,ELEC-1098,75,0
5b806318,ELEC-1054,223,0
841081d8,ELEC-1059,262,0
b568e3e3,ELEC-1014,138,0
07b99396,ELEC-1031,184,0
2a5339f3,ELEC-1091,93,0
c01e40e0,ELEC-1012,176,0
58d156f7,ELEC-1073,338,0
7dc9d5b8,ELEC-1092,313,1
699676b7,ELEC-1091,40,2
69da7e71,ELEC-1020,279,0
d4b762ed,ELEC-1054,347,2
fa3081f2,ELEC-1062,167,0
4f56985d,ELEC-1066,175,0
6dd02ff2,ELEC-1025,151,0
9c8a69bd,ELEC-1054,362,0
ec5e53a4,ELEC-1066,105,0
f0ad47ee,ELEC-1061,371,0
f8eb5427,ELEC-1087,287,0
75641db7,ELEC-1075,16,0
e2165039,ELEC-1035,142,0
f71ad8ba,ELEC-1056,313,0
d7d8aba0,ELEC-1060,37,0
beb5362f,ELEC-1014,275,0
681aee57,ELEC-1093,97,2
fda736dc,ELEC-1081,350,1
45c03e18,ELEC-1054,369,0
7a08c277,ELEC-1089,143,0
9dc8561e,ELEC-1029,274,1
87d1d87a,ELEC-1037,157,0
36af7a03,ELEC-1068,333,0
05b35e19,ELEC-1079,65,0
6b7eae98,ELEC-1015,161,1
baeed2ad,ELEC-1020,320,0
0a55b56b,ELEC-1075,259,0
00d04c47,ELEC-1048,22,0
0e9b3f3a,ELEC-1049,44,0
e2045e51,ELEC-1012,207,2
f3083dca,ELEC-1044,124,0
3fac306b,ELEC-1021,261,0
005c07ef,ELEC-1007,63,0
d3894e99,ELEC-1097,346,0
d307dbfc,ELEC-1063,329,0
0619bb19,ELEC-1088,80,0
a9cf094f,ELEC-1031,56,0
a667227e,ELEC-1069,315,2
f482c555,ELEC-1083,46,0
43e4106f,ELEC-1016,150,0
2b213582,ELEC-1074,298,2
1a8c286b,ELEC-1067,347,0
d21b0f55,ELEC-1004,290,0
fa4e0a97,ELEC-1024,38,0
025ed41b,ELEC-1058,132,2
cc5106c7,ELEC-1041,132,0
53d08749,ELEC-1002,240,1
badc2535,ELEC-1005,237,0
1587580d,ELEC-1093,121,2
78140d6f,ELEC-1075,231,1
00a49cb4,ELEC-1026,342,0
f55220ee,ELEC-1038,293,0
ebf9deed,ELEC-1098,174,0
0293aa7a,ELEC-1015,230,1
5489cb1a,ELEC-1011,104,0
f4a3cb33,ELEC-1053,241,0
589b5ea6,ELEC-1089,197,0
502daa49,ELEC-1038,106,0
fe4fd39a,ELEC-1041,337,0
d1b683e2,ELEC-1061,150,0
c098799a,ELEC-1041,123,0
79b2a793,ELEC-1093,325,1
5afc4cf6,ELEC-1081,221,2
842eb24f,ELEC-1071,124,0
0edd0494,ELEC-1012,13,0
473609f1,ELEC-1028,366,1
6d25aa14,ELEC-1013,231,0
3be81fac,ELEC-1061,356,2
84ccf1f2,ELEC-1010,354,0
9cb312da,ELEC-1094,242,0
f5dc7602,ELEC-1021,212,0
3c8d4609,ELEC-1094,223,2
cf38fa58,ELEC-1098,40,2
3ffe3659,ELEC-1001,138,0
f36df5d8,ELEC-1076,119,0
74de0557,ELEC-1052,357,0
8de5b7e1,ELEC-1096,326,0
4f761b7d,ELEC-1021,353,1
4bba7e71,ELEC-1090,90,0
ce20a59e,ELEC-1069,334,0
003df041,ELEC-1045,207,0
6265ac93,ELEC-1029,24,0
037558df,ELEC-1013,46,1
85dcb8e6,ELEC-1055,132,0
b6042f99,ELEC-1007,123,1
8c81668e,ELEC-1055,234,0
2073bbc9,ELEC-1012,106,0
30dc6522,ELEC-1067,354,1
1ea4a82f,ELEC-1003,58,0
569711b5,ELEC-1056,92,1
2ef26697,ELEC-1091,266,0
9bcdf731,ELEC-1099,169,0
e2cdf028,ELEC-1049,356,0
6d59e3f1,ELEC-1023,261,0
a5840629,ELEC-1093,269,0
cfe88153,ELEC-1040,369,0
6b6d7cab,ELEC-1091,40,0
35075faa,ELEC-1053,363,0
6a60578c,ELEC-1044,280,0
dfe360dd,ELEC-1070,228,0
420c3529,ELEC-1042,131,2
7bf6802e,ELEC-1085,38,2
b78b0070,ELEC-1059,307,0
2c953520,ELEC-1084,116,0
b7fdd006,ELEC-1088,311,0
eee31341,ELEC-1060,266,0
5efcd50e,ELEC-1095,22,0
2aca2dfc,ELEC-1088,390,0
3949fe9b,ELEC-1011,291,0
2fe6a710,ELEC-1016,60,0
82d3c787,ELEC-1022,328,2
108d5031,ELEC-1035,80,0
3dee7a35,ELEC-1049,182,0
e32f234b,ELEC-1079,165,0
6c7138bd,ELEC-1017,291,0
9b0e9bf2,ELEC-1090,298,1
91d026b7,ELEC-1031,212,2
044a559d,ELEC-1095,376,0
8cacbdf2,ELEC-1043,208,1
9806ef81,ELEC-1069,209,0
e0949d0d,ELEC-1054,50,0
4a4b036f,ELEC-1042,387,2
3f00173c,ELEC-1064,233,0
e1bf49e5,ELEC-1070,110,2
3283ac9f,ELEC-1053,259,1
bf4eef28,ELEC-1016,109,0
7bc2d188,ELEC-1029,295,1
7f1c186f,ELEC-1082,189,0
1e70b75d,ELEC-1009,387,0
4226c4d7,ELEC-1000,181,0
1d8d8218,ELEC-1044,297,0
8b8cd1d5,ELEC-1059,367,0
b15a2396,ELEC-1041,358,2
29eccdd5,ELEC-1070,264,0
5364807b,ELEC-1007,337,0
aa9b0bf2,ELEC-1010,168,0
5a7bb748,ELEC-1084,235,1
c690d535,ELEC-1028,269,0
ffefdcd3,ELEC-1096,88,0
4f157b67,ELEC-1090,13,0
8fd414c5,ELEC-1054,43,1
d0a3700b,ELEC-1006,206,0
d6799310,ELEC-1091,395,0
6d4dbb3e,ELEC-1047,134,0
2da050e8,ELEC-1072,298,0
65a29f48,ELEC-1034,70,0
e1da7818,ELEC-1030,206,2
abfbff0c,ELEC-1052,127,0
78d54f9f,ELEC-1023,193,0
d4bd364c,ELEC-1033,106,1
b94ec6e9,ELEC-1074,86,0
988225ca,ELEC-1069,276,0
2e6b6a3d,ELEC-1072,136,1
1cfc66ea,ELEC-1044,75,0
3ea97184,ELEC-1085,69,2
cd78668f,ELEC-1050,295,0
bf5b81c0,ELEC-1011,162,0
1b4ae815,ELEC-1026,122,0
b8e3fef2,ELEC-1072,34,1
7648cd03,ELEC-1053,115,0
160b0bcf,ELEC-1035,189,0
992daa86,ELEC-1026,341,0
d9f937e7,ELEC-1037,225,0
f16af1c9,ELEC-1068,149,0
f6a45bac,ELEC-1056,104,0
97fdfcf6,ELEC-1056,196,0
cc7cbeee,ELEC-1087,238,0
451fba8c,ELEC-1057,153,1
dd899c7c,ELEC-1027,20,0
f3a166c9,ELEC-1006,223,0
699051ad,ELEC-1092,175,1
eed74619,ELEC-1031,26,0
b2f4c6c0,ELEC-1069,186,0
00ba0262,ELEC-1051,221,0
037bcdc2,ELEC-1032,245,0
9e408c80,ELEC-1069,99,0
d7727a55,ELEC-1056,255,0
8a96bd52,ELEC-1069,104,0
dc9f3fdf,ELEC-1051,43,0
48cada8e,ELEC-1030,310,0
3b5abaeb,ELEC-1052,305,0
f6128ee5,ELEC-1051,159,0
48b168bf,ELEC-1048,110,0
790a87f4,ELEC-1029,93,0
66cf0e68,ELEC-1039,313,0
9c32de89,ELEC-1028,273,0
1f5696b0,ELEC-1017,383,0
3c814c2b,ELEC-1082,165,0
36b86f84,ELEC-1079,15,1
a2681ead,ELEC-1070,289,0
f0e80578,ELEC-1077,201,0
f222a476,ELEC-1089,383,1
93165a79,ELEC-1039,66,0
e1c0bf36,ELEC-1026,252,0
aaa185bc,ELEC-1043,171,0
b54c8d24,ELEC-1028,379,0
81d34e73,ELEC-1080,136,0
5c6b83fd,ELEC-1021,300,0
1d96b3f6,ELEC-1085,162,0
12b21945,ELEC-1086,197,0
fb50d9ff,ELEC-1071,22,0
b1cb2370,ELEC-1026,40,0
5231eb4f,ELEC-1058,84,2
e221459b,ELEC-1038,115,1
71976da2,ELEC-1010,149,2
4634fcc2,ELEC-1032,247,2
95a49003,ELEC-1094,348,0
c31e25a8,ELEC-1019,357,0
8ee52572,ELEC-1052,274,0
682719d8,ELEC-1070,385,0
958144d6,ELEC-1063,46,0
9af0c0c9,ELEC-1077,146,2
39faa50a,ELEC-1023,101,0
a2ca98ec,ELEC-1075,326,0
de783c5c,ELEC-1080,317,0
4459aaac,ELEC-1068,307,0
5d31dd3c,ELEC-1098,192,0
baad4e5d,ELEC-1041,48,0
140d7b7c,ELEC-1078,150,0
e15869fa,ELEC-1005,329,0
1db1d14c,ELEC-1061,99,0
35a051e2,ELEC-1047,57,0
809ad88b,ELEC-1048,314,0
8faaeda3,ELEC-1084,180,0
b5ec66e6,ELEC-1085,266,0
4ee82878,ELEC-1023,166,0
d1ed5af1,ELEC-1048,75,0
ab806d60,ELEC-1067,316,0
1bfaf5c2,ELEC-1046,359,0
c6eca7e3,ELEC-1079,354,0
16af4ead,ELEC-1074,365,0
816f75f2,ELEC-1087,12,1
f39d46c0,ELEC-1070,188,2
03df121d,ELEC-1017,194,0
66c2f66b,ELEC-1039,240,0
4ba74e4e,ELEC-1061,10,0
498ecb45,ELEC-1021,125,0
c1a19470,ELEC-1028,10,0
e45b0531,ELEC-1052,32,0
3728517c,ELEC-1092,331,0
b4a6b6b4,ELEC-1039,298,0
1a712e6c,ELEC-1078,180,2
ebfc2f0f,ELEC-1028,380,0
437827c1,ELEC-1008,334,0
b9bdb081,ELEC-1025,149,0
a48f3aff,ELEC-1009,94,0
a11c974a,ELEC-1052,224,0
42de37fd,ELEC-1016,112,0
a96a07c2,ELEC-1086,108,0
aab60f00,ELEC-1046,351,0
dd0cab51,ELEC-1077,374,0
174a2e8e,ELEC-1001,360,0
1108861d,ELEC-1073,373,0
6484fd3c,ELEC-1039,376,2
dfc1f5f5,ELEC-1026,149,0
70d19e0d,ELEC-1054,389,0
0176ceb8,ELEC-1031,202,0
d678428a,ELEC-1073,70,0
12891e23,ELEC-1070,225,0
f5b3dc1c,ELEC-1093,323,1
8e6cc8df,ELEC-1009,352,2
c4d4831f,ELEC-1083,184,1
6d887942,ELEC-1040,287,0
04df40d0,ELEC-1017,207,0
e1851d58,ELEC-1014,195,0
eb69074d,ELEC-1055,176,0
fe4c7660,ELEC-1092,145,0
feeedcf0,ELEC-1040,10,0
3855aa16,ELEC-1052,104,1
3bb311ab,ELEC-1025,117,0
154e6b9a,ELEC-1041,81,0
d5c6af75,ELEC-1025,149,0
5869157d,ELEC-1042,173,0
1cf12c28,ELEC-1070,385,1
f87e75d9,ELEC-1071,197,0
3027fb86,ELEC-1017,301,0
20eb7feb,ELEC-1080,309,0
80b0d16b,ELEC-1077,95,0
95add8e9,ELEC-1017,280,0
66c91ad1,ELEC-1041,360,0
2d8cff45,ELEC-1075,88,2
982cc4cc,ELEC-1047,17,0
4d0f7855,ELEC-1065,345,2
98829ac1,ELEC-1096,296,0
09997abd,ELEC-1092,343,0
bdbb0ed6,ELEC-1055,206,0
828bf1ec,ELEC-1067,140,0
64c7526e,ELEC-1090,220,0
b47f5055,ELEC-1093,41,0
f7abcb44,ELEC-1024,266,0
d2f7529d,ELEC-1000,202,1
7e1453d3,ELEC-1056,369,0
676e925b,ELEC-1027,51,0
0a0dd213,ELEC-1063,234,0
1eb9d121,ELEC-1055,219,0
2b288d36,ELEC-1092,23,0
b5ae51d7,ELEC-1081,80,2
d05dbb70,ELEC-1014,148,0
361eccaf,ELEC-1075,343,0
81764829,ELEC-1079,187,0
262374df,ELEC-1010,109,2
327ef05c,ELEC-1084,110,1
a71f1586,ELEC-1027,282,1
2831b1f7,ELEC-1081,29,0
ad22c5b7,ELEC-1067,106,0
919af1c2,ELEC-1048,61,0
92d93cad,ELEC-1077,184,0
b17a7f9e,ELEC-1008,181,0
0dc44461,ELEC-1091,315,1
0470d327,ELEC-1044,180,0
f5d62a14,ELEC-1066,363,0
931691b5,ELEC-1026,159,0
200778de,ELEC-1079,203,0
94594363,ELEC-1077,319,0
553401a2,ELEC-1063,330,0
759ff119,ELEC-1055,44,0
8cc7884f,ELEC-1002,257,0
869572f2,ELEC-1016,343,0
661bc9d3,ELEC-1014,192,0
687b0b95,ELEC-1068,43,0
1465f1fb,ELEC-1034,341,0
ecb22fea,ELEC-1095,37,0
1f69d6a1,ELEC-1081,19,0
ac253a78,ELEC-1011,78,0
ec3df967,ELEC-1065,92,0
22c8d397,ELEC-1032,235,0
e4ae13cb,ELEC-1014,77,0
de0ee99d,ELEC-1089,86,0
edc5618b,ELEC-1093,365,0
7eb7a274,ELEC-1018,23,0
2109af1d,ELEC-1050,308,0
2220b2d6,ELEC-1031,252,2
0194558b,ELEC-1017,314,0
eeb547df,ELEC-1037,197,0
7ebda437,ELEC-1022,179,0
74f4373a,ELEC-1009,143,0
8112a7f0,ELEC-1041,159,0
7dc1666f,ELEC-1071,280,0
56bd351e,ELEC-1065,171,0
7f820467,ELEC-1006,109,0
4eae70e6,ELEC-1022,145,0
266bc48f,ELEC-1056,15,0
3e94ffa1,ELEC-1040,365,0
7aa883df,ELEC-1078,312,0
9bd01748,ELEC-1049,76,2
735091c7,ELEC-1090,27,0
83c8ff9c,ELEC-1055,155,0
c45bbbc4,ELEC-1054,192,0
fa480215,ELEC-1034,210,1
435b6df0,ELEC-1001,373,0
a93f03cc,ELEC-1086,132,0
6eb26275,ELEC-1025,299,1
8bdbedc7,ELEC-1004,380,0
215f1760,ELEC-1045,257,2
31eaf529,ELEC-1048,22,0
2848a517,ELEC-1057,207,0
20fb3290,ELEC-1008,240,0
af8696e8,ELEC-1016,195,0
52ccd60b,ELEC-1035,201,0
7942cc21,ELEC-1046,207,0
80cc1ce4,ELEC-1011,201,0
a5e45dcb,ELEC-1097,11,0
83dc6892,ELEC-1097,250,0
28ca40cf,ELEC-1087,41,1
9e10a19f,ELEC-1032,291,0
80cf9a02,ELEC-1056,193,0
12682aeb,ELEC-1065,349,0
6cb6f5b6,ELEC-1073,339,0
3623fcd0,ELEC-1092,38,0
8a220c20,ELEC-1049,147,0
97179f2f,ELEC-1037,144,0
