SKU,Supplier,Purchase,Net Sales price,Tax numerical (1 = ermeassigt),Frozen numerical,Weight,A B C,Unit_sold_day,Sales
2000000000,Coastal Crustaceans,0.89,1.361225638,1,0,130.0,A,362.28174992467274,29460.30539415459
2000000011,Highland Honey,2.23,4.62805135,1,0,179.0,A,20.17894494350278,6547.300833251522
2000000004,Nature's Pantry,1.3,2.433142541,1,0,140.0,A,40.460280420926374,5961.776324851066
2000000002,Alpine Dairy Group,0.99,1.799858557,1,0,115.0,A,53.903220005387276,5808.766192945316
2000000006,City Deli Partners,1.2,1.932868911,1,0,140.0,A,34.116562896991184,5641.851476562468
2000000001,Savory Sauces Ltd,0.75,1.230398743,1,0,140.0,A,65.28639388945943,4896.614186120947
2000000009,Global Grains Co.,1.3,2.427078962,1,0,145.0,A,31.19653646714375,4755.693789537387
2000000003,Pure Springs Beverages,0.89,1.680236498,1,0,140.0,A,46.849424488710994,4748.22740923628
2000000016,Bistro Basics,2.65,4.36484375,1,0,210.0,A,16.58278538815991,4504.336626355564
2000000010,Fresh Harvest Ltd,1.58,2.426159776,1,0,140.0,A,25.80037323598798,4002.5801125393186
2000000005,Mediterranean Delights,1.3,1.80584194,1,0,105.0,A,32.92912591225391,3571.094887331679
2000000021,Alpine Dairy Group,1.55,3.426863426,1,0,500.0,A,15.402909875546248,3222.974529230819
2000000014,Nature's Pantry,1.5,3.016574451,1,0,120.0,A,16.833994811841162,3165.334607017301
2000000037,Golden Wheat Mills,3.0,5.971985112,1,0,355.0,A,7.972343323769353,2787.4748283309586
2000000032,Coastal Crustaceans,2.61,4.672276708,1,0,5.0,A,7.9184559302328585,2545.230243685582
2000000017,Pure Springs Beverages,1.3,2.030684667,1,0,100.0,A,19.242418020252224,2458.3054837372233
2000000008,Green Leaf Distribution,0.69,1.455959438,1,0,120.0,A,26.47104888347446,2403.6942934849603
2000000033,Fresh Harvest Ltd,1.55,4.565091278,1,1,500.0,A,8.825673231047805,2402.7788608382602
2000000007,Tropical Tastes,0.85,1.548731343,1,0,137.0,A,25.275184847548868,2366.3274189361928
2000000013,Riverside Rice,0.89,1.582494465,1,0,140.0,A,22.668551839425223,2327.5844698803517
2000000067,Mountain Meat Co.,4.59,11.90950893,1,1,700.0,A,3.288349967669653,2230.278777964777
2000000196,Green Leaf Distribution,14.95,28.80536232,1,0,1060.0,A,1.6704777470210421,2189.137223022132
2000000012,Alpine Dairy Group,0.79,1.396299457,1,0,85.0,A,23.69140856374099,2038.5900176167
2000000022,Artisan Bakery Wholesalers,0.85,2.020448792,1,0,68.0,A,15.870538311981338,2024.093102562748
2000000020,Global Grains Co.,1.3,1.947430478,1,0,105.0,A,15.862598684671255,1948.8621769264107
2000000027,Highland Honey,1.55,2.753591654,1,0,80.0,A,11.625859888712649,1932.2911192387865
2000000019,Organic Oasis,0.79,1.681788703,1,0,120.0,A,18.1778468620707,1885.5587358947519
2000000015,Mountain Meat Co.,0.79,1.450611205,1,0,106.0,A,19.514198834967093,1862.919176154663
2000000018,Peak Protein Supplies,0.9,1.64737983,1,0,135.0,A,15.447708086506035,1707.0970828748775
2000000026,Golden Wheat Mills,1.3,1.878582781,1,0,105.0,A,14.070432377137456,1700.839462426264
2000000092,Eco-Groceries,6.15,10.6555615,1,0,670.0,A,2.3492408753844622,1681.8229496202155
2000000024,Global Grains Co.,0.89,1.740091623,1,0,120.0,A,13.340582223194229,1447.7853244882533
2000000029,Mountain Meat Co.,1.35,2.642596491,1,0,240.0,A,8.409252284286,1410.0209867804442
2000000036,City Deli Partners,1.59,2.710854503,1,0,140.0,A,7.868148928277816,1288.6930062673862
2000000167,Artisan Bakery Wholesalers,4.29,10.58557692,1,1,600.0,A,2.0028504110473913,1284.4299128702503
2000000112,Pure Springs Beverages,4.45,10.51703704,1,1,560.0,A,2.043241307774297,1279.8502978020572
2000000030,Savory Sauces Ltd,1.1,2.222828947,1,0,80.0,A,8.034056030375659,1269.925853091473
2000000031,Bistro Basics,1.77,3.08670282,1,0,15.0,A,7.448918646558755,1261.8556864873465
2000000084,Alpine Dairy Group,3.15,5.894136364,1,0,600.0,A,2.9605145880185333,1169.216915274899
2000000144,Green Leaf Distribution,3.75,7.599784173,1,0,600.0,A,1.947552615227509,1073.3927769339577
2000000228,Nature's Pantry,5.15,12.58545455,1,1,525.0,A,1.4273628435947532,1037.4215886124582
2000000045,Coastal Crustaceans,1.6,3.185483871,1,0,105.0,A,5.286643571971187,1023.6393190826564
2000000054,Bistro Basics,2.34,3.534173228,1,0,185.0,A,4.980985761208611,986.323080540556
2000000043,Riverside Rice,1.39,2.943786127,2,0,200.0,A,5.472043172243064,980.6832093985454
2000000052,Pure Springs Beverages,1.6,3.168423077,1,0,105.0,A,5.34729710164187,968.1428306289134
2000000035,Ocean Catch Inc,1.49,2.687427184,1,0,300.0,A,6.408706475042871,963.237282756908
2000000023,Coastal Crustaceans,0.89,1.27129506,1,0,140.0,A,12.415314016169015,953.3759682416239
2000000121,Nature's Pantry,3.69,7.779370079,1,0,355.0,A,2.056529391181231,945.0278641391778
2000000094,Coastal Crustaceans,2.8,5.023,1,0,40.0,A,2.865026796485411,930.6773633836689
2000000025,Coastal Crustaceans,0.69,1.486475038,1,0,120.0,A,11.162279430748747,920.3588202300945
2000000060,Nordic Frozen Foods,1.82,3.444860558,1,0,180.0,A,4.420389827470644,917.3122242995989
2000000079,Savory Sauces Ltd,1.89,3.617053942,1,0,160.0,A,3.7241355688936553,910.1961354552028
2000000048,City Deli Partners,1.39,2.833216783,2,0,200.0,A,5.3661895150397445,905.8798675076468
2000000049,Artisan Bakery Wholesalers,1.39,2.83506993,2,0,200.0,A,5.17473735044702,877.1774814262055
2000000028,Eco-Groceries,0.91,1.676956522,1,0,145.0,A,8.637939207626308,873.5090617714936
2000000046,City Deli Partners,1.49,3.055386905,1,0,120.0,A,4.231178670332491,854.5121970560411
2000000047,Organic Oasis,1.39,2.679372937,2,0,200.0,A,5.089116153182951,815.4471609256112
2000000050,Global Grains Co.,1.59,3.075704225,1,0,60.0,A,4.357813651823245,809.9043031633202
2000000091,Artisan Bakery Wholesalers,2.15,4.57,1,0,100.0,A,3.0189077857965287,808.0753597495651
2000000063,Ocean Catch Inc,2.29,4.036289593,1,0,169.0,A,3.59925848474055,802.6526383895664
2000000051,Mountain Meat Co.,1.65,3.037877698,1,0,120.0,A,4.304287061626877,787.3861845256213
2000000336,Savory Sauces Ltd,4.65,11.39068966,1,1,600.0,A,1.1182239935294547,764.2405484893395
2000000236,Fresh Harvest Ltd,4.78,10.8362963,1,0,1000.0,A,1.1295481543222168,762.6535361344481
2000000120,Valley Veggies,2.15,4.639428571,1,0,100.0,A,2.53079896782169,758.6790209199927
2000000070,Savory Sauces Ltd,1.98,3.677368421,1,0,500.0,A,3.1949150206259476,747.2892521803908
2000000034,Golden Wheat Mills,0.69,1.624561404,1,0,112.0,A,7.447241557349265,725.9100718005706
2000000123,Nature's Pantry,3.69,7.002698413,1,0,376.0,A,1.7234562964637927,707.2904319171455
2000000042,Alpine Dairy Group,0.85,1.73974212,2,0,230.0,A,6.6260845536303785,701.7139113944759
2000001029,Savory Sauces Ltd,39.95,71.423,2,0,,A,0.15371971382277724,658.7473870901038
2000000077,Mountain Meat Co.,1.75,3.273347826,1,0,160.0,A,3.142918193898807,657.2802279557208
2000000073,Coastal Crustaceans,1.95,3.1,1,0,165.0,A,3.6649332825575063,655.0032501126475
2000000115,Pure Springs Beverages,2.7,5.951008403,1,0,200.0,A,2.022596950585768,646.1695408786164
2000000058,Fresh Harvest Ltd,1.24,2.478249027,1,0,20.0,A,4.170097964035768,629.8759906871293
2000000089,Pure Springs Beverages,1.55,3.634719101,1,0,40.0,A,2.793188891969997,626.7528379892485
2000000038,Artisan Bakery Wholesalers,0.71,1.554252874,1,0,200.0,A,5.855160876284957,623.4132706230331
2000000181,Pure Springs Beverages,3.25,5.843363636,1,0,414.0,A,1.5677625161280988,616.9657424677429
2000000090,Mediterranean Delights,1.63,3.064042553,1,0,105.0,A,2.957781034436744,604.8994746302872
2000000069,Riverside Rice,1.15,2.238196721,2,0,200.0,A,4.306361114272207,597.9126945573665
2000000057,Fresh Harvest Ltd,1.2,2.78688716,2,0,200.0,A,3.504117065398763,588.2235388018316
2000000074,Nordic Frozen Foods,1.29,2.35367713,1,0,70.0,A,3.9915758284422136,561.1763585521937
2000000040,Eco-Groceries,1.05,1.773534483,1,0,115.0,A,5.5072124971718,558.7391476135414
2000000425,Golden Wheat Mills,5.35,13.253125,1,1,500.0,A,0.668510749789969,554.7040610353026
2000000072,Eco-Groceries,1.29,2.401076233,1,0,70.0,A,3.9459172754914014,551.1657250885664
2000000334,Mountain Meat Co.,3.75,9.196065574,1,1,350.0,A,0.9346122051879955,542.3586854525994
2000000118,Bistro Basics,1.82,3.731363636,1,0,180.0,A,2.3576486752418826,527.8346720471076
2000000554,Highland Honey,5.35,13.07264706,1,1,500.0,A,0.646947624858829,522.8160196745522
2000000080,City Deli Partners,1.6,3.161393035,1,0,100.0,A,2.8963805415367054,518.4439581166434
2000000368,Alpine Dairy Group,4.52,10.94673077,2,0,,A,0.7832549758255619,514.4448806215805
2000000068,Coastal Crustaceans,1.19,2.288820961,1,0,130.0,A,3.7911916574713644,505.19877852087467
2000000163,Mountain Meat Co.,1.79,4.776770833,1,0,186.0,A,1.9116887207089048,496.21307348494986
2000000102,Mediterranean Delights,1.59,2.898947368,1,0,122.0,A,2.865192106573792,495.10519601595126
2000000226,Green Leaf Distribution,2.45,6.494642857,1,1,500.0,A,1.2171000088384716,491.84363690505785
2000000039,Highland Honey,0.69,1.655014837,2,0,230.0,A,5.426446317565719,490.79127064792004
2000000155,Sun-Kissed Fruits,2.55,5.086972477,1,0,59.0,A,1.6194513951827005,485.38022140589396
2000000190,Mountain Meat Co.,2.35,5.755,1,1,200.0,A,1.5529254803971504,484.33241015070354
2000000056,Pure Springs Beverages,0.89,1.667348485,1,0,123.0,A,4.759473605819031,481.61496363434975
2000000197,Mountain Meat Co.,2.91,4.960674157,1,0,124.0,A,1.6536504188692205,481.3758196287707
2000000479,Tropical Tastes,3.35,9.215227273,1,1,350.0,A,0.8042122512690808,477.1960120068011
2000000214,Mountain Meat Co.,3.19,6.067613636,1,0,480.0,A,1.2497209331115884,476.6346373106663
2000000532,Bistro Basics,5.09,12.56,1,1,525.0,A,0.6638841792465987,471.71436793689264
2000000066,Golden Wheat Mills,0.85,2.071541667,1,0,75.0,A,3.693240634014921,464.8527711425818
2000000099,Urban Spices Ltd,1.77,3.180710059,1,0,15.0,A,2.2773058598174716,461.9407516552013
2000000608,Coastal Crustaceans,5.59,13.72366667,1,1,400.0,A,0.5581482817920922,459.59045819324456
2000000098,Mountain Meat Co.,1.59,2.580740741,1,0,28.0,A,2.9063541935539323,455.65821040842826
2000000258,Fresh Harvest Ltd,2.75,6.374337349,1,0,200.0,A,1.045712949085141,454.7304245103278
2000000402,Tropical Tastes,3.35,7.263207547,1,0,500.0,A,0.9446275798840242,454.5429835954439
2000000177,Nature's Pantry,1.59,4.003106796,1,0,400.0,A,1.7895883155192622,447.20185106357707
2000000149,Golden Wheat Mills,1.38,3.348709677,1,0,500.0,A,2.018405028632136,445.0207987102027
2000000071,City Deli Partners,1.15,2.222040816,1,0,70.0,A,3.157933246903964,444.6152222757705
2000000347,Eco-Groceries,4.15,10.19703704,1,1,240.0,A,0.7394082340178441,444.16118177976034
2000000139,Nordic Frozen Foods,1.09,3.261145038,1,0,150.0,A,2.0378330936683886,442.669157185686
2000000075,Highland Honey,0.72,1.98492891,1,0,150.0,A,3.905448835663316,442.0756976628405
2000000055,Ocean Catch Inc,0.65,1.573370787,1,0,105.0,A,4.68892333852425,440.99323995529573
2000000076,Peak Protein Supplies,0.89,1.728685446,2,0,230.0,A,4.293244117006378,439.1153934230329
2000000441,Nature's Pantry,4.29,10.33613636,1,1,500.0,A,0.7079198640429474,439.02937497644507
2000000212,Bistro Basics,2.65,5.377789474,1,0,207.0,A,1.195191726425736,436.1510722240316
2000000206,Alpine Dairy Group,1.99,4.676875,1,0,188.0,A,1.6651445055334062,434.6608024815425
2000000623,Pure Springs Beverages,8.95,18.0332,1,0,360.0,A,0.4483691441212396,433.15341692087145
2000000116,Urban Spices Ltd,1.95,3.5676,1,0,165.0,A,2.123045203255353,430.3509129053293
2000000083,Valley Veggies,1.29,2.371055276,1,0,70.0,A,3.021963029764164,427.7649108319534
2000000249,Nordic Frozen Foods,2.79,5.812948718,1,0,326.0,A,1.1538350742028132,418.528288795438
2000000617,Coastal Crustaceans,4.69,11.5703125,1,1,600.0,A,0.5461188675587905,418.3458842639732
2000000168,Fresh Harvest Ltd,1.69,3.452772277,1,0,210.0,A,2.055727831617622,417.6081358723169
2000000507,Tropical Tastes,5.15,12.88028571,1,1,600.0,A,0.5986335840287417,415.18462463999543
2000000113,Artisan Bakery Wholesalers,1.59,2.555263158,1,0,115.0,A,1.8887785083579094,407.55642924789555
2000000124,Mountain Meat Co.,2.09,3.214076923,1,0,145.0,A,2.0645624408888326,404.36068350532867
2000000397,Nature's Pantry,3.25,7.878,1,1,440.0,A,0.7587212652596496,402.546535115431
2000000387,Nordic Frozen Foods,3.06,7.096666667,1,1,500.0,A,0.9820452144878994,401.42865825184674
2000000082,Peak Protein Supplies,0.85,1.670458333,1,0,131.0,A,3.4871395353086636,401.3480702108265
2000000156,Ocean Catch Inc,1.89,3.828666667,1,0,200.0,A,1.8363539748187807,399.04468184697186
2000000495,Golden Wheat Mills,4.45,10.83289474,1,1,600.0,A,0.6447811691912512,398.136252426461
2000000171,Ocean Catch Inc,1.95,4.179557522,1,0,180.0,A,1.4255644833443213,396.04697049334675
2000000096,Peak Protein Supplies,1.26,2.415279503,1,0,100.0,A,2.7812905812603264,390.915417577802
2000000417,Savory Sauces Ltd,3.6,7.758666667,1,0,150.0,A,0.8550865251207889,389.4064035230765
2000000460,Artisan Bakery Wholesalers,3.49,8.635384615,1,1,360.0,A,0.8083328355332597,388.90047478698744
2000001019,Green Leaf Distribution,8.45,33.214,2,0,,A,0.1949780507316685,388.56005854238623
2000000290,Alpine Dairy Group,2.25,5.661142857,1,0,220.0,A,1.07488665643974,387.2328038308546
2000000065,Fresh Harvest Ltd,0.69,1.368064516,1,0,75.0,A,4.466232065713421,382.0092138977932
2000000198,Golden Wheat Mills,1.78,3.802197802,1,0,480.0,A,1.6433779083680224,379.0725041968905
2000000194,Tropical Tastes,2.15,4.611978022,1,0,100.0,A,1.3465126994806293,372.60521849724637
2000000269,Fresh Harvest Ltd,1.35,3.914936709,1,0,32.0,A,1.4184661298060859,370.7351026056377
2000000161,Tropical Tastes,1.75,3.187669903,1,0,200.0,A,2.0092672307746198,369.92675327301293
2000000140,Green Leaf Distribution,2.19,3.757777778,1,0,200.0,A,1.6250297479565625,369.54857540160265
2000000332,Highland Honey,2.6,6.410344828,1,1,230.0,A,0.9541599585714791,366.9896612944582
2000000041,Organic Oasis,0.58,1.135722222,1,0,70.0,A,5.326536483155057,364.99570498007455
2000000101,Global Grains Co.,1.45,2.706258065,1,0,240.0,A,2.2390142078374344,361.23049606214175
2000000148,Nordic Frozen Foods,1.54,3.074273504,1,0,80.0,A,1.8878269067488243,360.5482089603544
2000000791,Global Grains Co.,6.99,17.19842105,1,1,600.0,A,0.3463227540681024,357.37227263659395
2000000100,Fresh Harvest Ltd,1.05,2.14275641,1,0,55.0,A,2.7729707896246745,356.508056095323
2000000235,Nordic Frozen Foods,1.89,3.848860759,1,0,200.0,A,1.5217689439932978,355.93005008507856
2000000239,Nordic Frozen Foods,1.69,4.043417722,1,0,280.0,A,1.4473453007485881,355.63500724470885
2000000327,Savory Sauces Ltd,2.5,4.957727273,1,0,650.0,A,1.0650017005252599,354.3856336684913
2000000138,Nature's Pantry,1.59,2.819430894,1,0,350.0,A,2.005160239827023,353.5777217551293
2000000081,Fresh Harvest Ltd,0.79,1.607731481,1,0,100.0,A,3.6131492972903003,353.4474243577472
2000000247,Eco-Groceries,1.95,3.638555556,1,0,500.0,A,1.3391124021145668,346.1993196355717
2000000546,Artisan Bakery Wholesalers,3.5,9.063142857,2,0,,A,0.6184413936974291,346.19257849980306
2000000456,Bistro Basics,4.0,10.05435897,1,1,400.0,A,0.6313976100920702,345.46553142947033
2000000093,Alpine Dairy Group,0.72,1.866176471,1,0,150.0,A,3.011093091130952,343.21052093737654
2000000317,Mountain Meat Co.,2.89,6.226065574,1,0,220.0,A,0.9153625936722168,341.9464518066778
2000000178,Alpine Dairy Group,1.45,2.807788462,1,0,65.0,A,1.9245448970189087,340.5977911384797
2000000476,Valley Veggies,4.95,10.54060606,2,0,,A,0.6688250626357835,340.45479482718935
2000000579,Valley Veggies,3.79,9.368857143,1,1,600.0,A,0.5430766696628101,333.90050767549144
2000000622,Alpine Dairy Group,4.59,10.7725,1,1,700.0,A,0.4487737275186634,331.5027414411077
2000000287,Mountain Meat Co.,3.19,5.608970588,1,0,455.0,A,0.9609583036821486,328.2260655205967
2000000200,Nordic Frozen Foods,1.75,3.386344086,1,0,210.0,A,1.545818994721184,328.19647828108407
2000000453,Global Grains Co.,3.75,9.345555556,1,1,350.0,A,0.694095095080302,325.8437494576121
2000000227,Global Grains Co.,2.45,4.605584416,1,0,500.0,A,1.2200411763109005,324.4974018474754
2000000110,Organic Oasis,1.29,2.369640288,1,0,70.0,A,2.2501140613862862,322.23589979974565
2000000295,Coastal Crustaceans,1.99,4.614032258,1,0,188.0,A,1.2198620153282083,322.1223939990597
2000000185,Global Grains Co.,1.6,3.223009709,1,0,70.0,A,1.5326918648151293,321.35224324408165
2000000292,Sun-Kissed Fruits,1.99,4.937213115,1,1,230.0,A,1.172082422260808,320.90551192026135
2000000558,Pure Springs Beverages,3.09,8.31125,1,1,560.0,A,0.6528794252395704,315.70874897584747
2000000293,Nordic Frozen Foods,2.55,4.96057971,1,0,59.0,A,1.0093292677419645,314.06656523883595
2000000207,Tropical Tastes,1.69,3.698,1,0,290.0,A,1.3523499517705262,314.01565887414307
2000000061,Global Grains Co.,0.65,1.577183673,1,0,100.0,A,3.312443638866569,312.18569426693443
2000000053,Valley Veggies,0.69,1.396175299,1,0,60.0,A,4.045960815132143,311.6190127593205
2000000491,Mountain Meat Co.,2.88,7.136744186,1,1,165.0,A,0.6734899607882127,310.020898734529
2000000210,Bistro Basics,1.66,3.269270833,1,0,80.0,A,1.3968131086059346,309.45161931728614
2000000062,Fresh Harvest Ltd,0.65,1.579214876,1,0,105.0,A,3.2686096074179716,308.435687325167
2000000117,City Deli Partners,1.45,2.191544118,1,0,240.0,A,2.266652099864001,307.0798447111207
2000000152,Global Grains Co.,1.4,2.580970149,1,0,105.0,A,1.6179626381760484,302.4715558990197
2000000218,Peak Protein Supplies,2.29,3.911566265,1,0,120.0,A,1.287895467418224,302.261307869461
2000000467,Mediterranean Delights,3.65,7.886578947,1,1,500.0,A,0.7007838538006429,300.0255902078781
2000000419,Mountain Meat Co.,2.75,5.317173913,1,0,567.0,A,0.9111581231619277,290.68717217541695
2000000191,Mediterranean Delights,1.65,2.817446809,1,0,92.0,A,1.6980451274618187,290.13565906902454
2000000059,Sun-Kissed Fruits,0.99,1.377863636,1,0,75.0,A,3.9665750254685888,288.5730929697845
2000000607,Peak Protein Supplies,4.15,10.15225806,1,1,600.0,A,0.45361928524071576,285.52612290191615
2000000282,Fresh Harvest Ltd,1.99,3.623846154,1,0,400.0,A,1.1523143586725773,283.22884923686155
2000000273,Valley Veggies,1.75,4.520285714,1,0,800.0,A,1.0325254776048431,280.0386098831814
2000000184,Coastal Crustaceans,1.19,2.430104167,1,0,50.0,A,1.8953601387101568,279.2643580122825
2000000366,Urban Spices Ltd,2.15,4.177936508,1,0,500.0,A,0.9331716956312319,278.0605154902248
2000000497,Bistro Basics,3.19,6.780731707,1,0,225.0,A,0.6639727259033228,276.8865862787298
2000000104,Tropical Tastes,0.72,1.880066667,1,0,150.0,A,2.430674053935019,276.0299557217012
2000000699,Nature's Pantry,6.09,14.695,1,1,400.0,A,0.3258825311999621,274.8379917933835
2000000125,City Deli Partners,0.7,1.711079137,1,0,60.0,A,2.4419184488330132,272.2433831068086
2000000119,Sun-Kissed Fruits,0.85,1.836521739,1,0,200.0,A,2.301908383442613,269.25953566612736
2000000248,Savory Sauces Ltd,1.55,3.615657895,1,0,150.0,A,1.2367073180036727,268.29063459852557
2000000281,Savory Sauces Ltd,1.82,3.648428571,1,0,180.0,A,1.2073101283997871,268.1173336452362
2000000108,Green Leaf Distribution,0.65,1.577361111,1,0,105.0,A,2.8201981696015044,266.90825510136904
2000000309,Bistro Basics,1.89,3.736833333,1,0,307.0,A,1.2092410909099702,266.67929006953904
2000000306,Valley Veggies,2.5,5.163684211,1,0,210.0,A,0.9333171903691345,265.84185360963994
2000000179,Artisan Bakery Wholesalers,1.95,3.2028,1,0,230.0,A,1.3653274437191683,265.02246889356076
2000000088,Sun-Kissed Fruits,0.79,1.617297297,1,0,120.0,A,2.6768993195124344,264.0422889514729
2000000382,Riverside Rice,2.79,5.436078431,1,0,252.0,A,0.808312881128953,263.6431331343423
2000000279,Sun-Kissed Fruits,1.9,4.003125,1,0,450.0,A,1.179687905578314,262.813949051447
2000000712,Pure Springs Beverages,3.9,9.586666667,1,1,510.0,A,0.43226963738732954,259.4519952488483
2000000147,Sun-Kissed Fruits,1.15,2.267933884,1,0,5.0,A,1.7929622055374306,258.96036233872724
2000000064,Eco-Groceries,0.45,1.256359223,1,0,200.0,A,4.00154495401254,258.90996238699637
2000000109,Nature's Pantry,0.95,2.368244275,2,0,200.0,A,1.9183837598207043,258.7649468029458
2000000202,Artisan Bakery Wholesalers,1.0,3.389462366,1,0,70.0,A,1.2033401368272965,258.62514398488094
2000000535,Ocean Catch Inc,4.68,8.866176471,1,0,50.0,B,0.4999933037405199,258.3822538649014
2000000209,Bistro Basics,1.05,2.926483516,1,0,100.0,B,1.3656424103456364,256.71828015075783
2000000141,Peak Protein Supplies,0.72,1.938125,1,0,150.0,B,2.2864185536860058,256.71355631078916
2000000215,Mountain Meat Co.,1.19,2.382268041,1,0,45.0,B,1.549262510241845,255.71684347620396
2000000189,Coastal Crustaceans,1.21,2.687888889,1,0,60.0,B,1.654557927267306,255.48134559579162
2000000633,Fresh Harvest Ltd,3.95,7.578666667,1,0,360.0,B,0.5006942078207911,252.9729668669668
2000000222,Ocean Catch Inc,1.3,2.876666667,1,0,150.0,B,1.3783947768259832,252.41770296007286
2000000314,Urban Spices Ltd,2.15,4.378245614,1,0,500.0,B,1.0269586918181712,252.08637152076793
2000000594,Green Leaf Distribution,2.88,7.052058824,1,1,165.0,B,0.5427034031636218,251.85289348673513
2000000755,Nature's Pantry,5.09,12.50227273,1,1,500.0,B,0.3028016329369836,249.85676744293772
2000000489,Organic Oasis,2.94,5.8735,1,1,450.0,B,0.7061464015299923,248.85305335074193
2000000231,Nature's Pantry,1.82,3.803461538,1,0,180.0,B,1.0987972617947912,247.57988625883604
2000000379,City Deli Partners,2.0,4.065714286,2,0,,B,0.9221527306445219,247.00674554487617
2000000142,Global Grains Co.,0.88,1.846833333,1,0,39.0,B,2.154057703107127,246.92186288529763
2000000127,Fresh Harvest Ltd,1.17,2.165348837,1,0,120.0,B,1.8367210477838336,246.26461937258227
2000001016,Valley Veggies,4.7,10.0,1,0,360.0,B,0.19271393070899304,242.8195526447673
2000000525,Valley Veggies,2.95,5.531052632,1,0,600.0,B,0.6910035010771773,242.05852642733524
2000000448,Global Grains Co.,2.79,6.589767442,1,1,450.0,B,0.6120347629172543,241.99000522627935
2000000044,Eco-Groceries,0.29,0.8030463576,1,0,80.0,B,5.132720544929685,240.15190738965876
2000000660,Savory Sauces Ltd,4.68,8.640769231,1,0,50.0,B,0.44498839189667494,239.93062107722233
2000000095,Valley Veggies,0.75,1.704311377,1,0,120.0,B,2.3100358846530464,237.64424581110916
2000000107,Highland Honey,0.63,1.65,1,0,120.0,B,2.728959450694092,236.6290149575465
2000000663,Savory Sauces Ltd,3.29,8.105769231,1,1,400.0,B,0.46742817281878374,236.4251697928268
2000000777,Coastal Crustaceans,7.05,12.42736842,2,0,1000.0,B,0.3169294542568591,236.31594546711275
2000000324,Mediterranean Delights,1.75,3.747213115,1,0,100.0,B,1.0309611290738188,235.6570948836935
2000000087,City Deli Partners,0.69,1.485882353,1,0,75.0,B,2.8529473253024817,234.99603074774183
2000000642,Organic Oasis,3.79,9.072222222,1,1,360.0,B,0.4301894925504638,234.1664804449691
2000001025,Valley Veggies,14.05,27.296,1,0,30.0,B,0.1426600645565553,233.64294728141542
2000000254,Bistro Basics,3.25,3.271125,1,0,414.0,B,1.098500049267648,233.0809280842252
2000000575,Global Grains Co.,4.29,10.3862963,1,1,560.0,B,0.4426808749915198,232.7643708405576
2000000399,Tropical Tastes,2.5,5.013,2,0,350.0,B,0.7422675731857473,232.56170902375945
2000000296,Pure Springs Beverages,1.99,4.053,1,0,120.0,B,1.031249162691375,231.48846596349358
2000000307,Pure Springs Beverages,1.69,3.537941176,1,0,280.0,B,0.991840256128617,230.91960860941538
2000000337,Tropical Tastes,1.6,3.231311475,1,0,70.0,B,1.1099427938355904,230.2956043083508
2000000234,Valley Veggies,1.17,2.704810127,1,0,150.0,B,1.4170533459300625,229.97161434051534
2000000776,Coastal Crustaceans,4.24,10.49157895,1,1,400.0,B,0.3647961956433436,229.63728515333537
2000000488,Organic Oasis,3.75,6.623421053,1,0,454.0,B,0.6030505584566024,227.67269257552977
2000000323,Tropical Tastes,1.45,3.546428571,1,1,500.0,B,1.1439828507401382,227.19499415699144
2000000224,Tropical Tastes,1.27,2.6872,1,0,47.0,B,1.5345370113522858,226.29555306768864
2000000085,Nature's Pantry,0.69,1.469491525,1,0,75.0,B,2.710166041685687,226.17567509103378
2000000542,Nature's Pantry,3.32,6.918857143,1,0,110.0,B,0.5271578470923732,225.27625454890568
2000000086,Highland Honey,0.65,1.347891892,1,0,70.0,B,2.766465478657078,223.73378329702928
2000000346,Golden Wheat Mills,0.99,4.834038462,2,0,,B,0.8097287556189988,222.04529159186862
2000000097,Valley Veggies,0.89,1.621870968,1,0,120.0,B,2.370380034288632,220.69993956289596
2000000159,Golden Wheat Mills,0.88,1.875467626,1,0,47.0,B,1.5226986268827996,220.52905835670944
2000000265,Nordic Frozen Foods,1.21,2.944305556,1,0,60.0,B,1.2464178979629519,220.19010849097182
2000000242,Bistro Basics,1.09,2.235113636,1,0,80.0,B,1.4302290986032935,219.20396998235046
2000000412,Pure Springs Beverages,1.99,4.101702128,1,0,170.0,B,0.8853447396370511,217.88522414616196
2000000153,Fresh Harvest Ltd,1.39,2.501028037,1,0,18.0,B,1.4960836258143373,216.41456167793234
2000000211,Mediterranean Delights,1.27,2.731818182,1,0,47.0,B,1.451874277582867,215.5777088595507
2000000651,Mediterranean Delights,4.25,8.5384,1,1,500.0,B,0.43744336819958063,215.48460319168916
2000000694,Tropical Tastes,4.68,8.797391304,1,0,50.0,B,0.4253330676631188,215.15473227738863
2000000162,Nordic Frozen Foods,0.7,1.708918919,1,0,60.0,B,2.0172823379070413,214.57474023314668
2000000170,Nature's Pantry,0.72,1.958080808,1,0,150.0,B,1.8794476529853288,214.3123103124741
2000000129,Highland Honey,0.75,1.6325,2,0,330.0,B,1.9832148106037986,213.05484782866313
2000000106,Tropical Tastes,0.55,1.262716763,1,0,160.0,B,2.3888752502402175,212.99991772039812
2000000420,Riverside Rice,1.66,3.6128,1,0,80.0,B,0.8970018357417384,211.3492325234904
2000000172,Savory Sauces Ltd,0.72,1.998269231,1,0,150.0,B,1.7259598700888894,210.99351776580764
2000000308,City Deli Partners,1.29,3.10828125,1,0,400.0,B,1.090471668395002,209.92986683593006
2000000470,Eco-Groceries,2.98,5.782105263,1,0,455.0,B,0.6669246332886988,209.33811489456127
2000000724,City Deli Partners,4.15,10.78416667,1,1,700.0,B,0.2954223395806346,208.53057251811498
2000000981,Savory Sauces Ltd,8.5,17.37083333,1,0,4500.0,B,0.19983412353999763,208.27711525956252
2000000429,Eco-Groceries,3.2,6.001282051,1,0,600.0,B,0.6673780532523828,208.26644448496026
2000000376,Peak Protein Supplies,1.68,3.511320755,1,0,120.0,B,0.9506859979049306,208.1443108354207
2000000806,Valley Veggies,5.35,12.69117647,1,1,500.0,B,0.2885776283102509,207.53541102645545
2000000204,Bistro Basics,1.05,2.215824176,1,0,150.0,B,1.4717152151033412,207.03952747147738
2000000133,City Deli Partners,0.69,1.508166667,1,0,70.0,B,2.322363538782623,206.70558359890867
2000000396,Eco-Groceries,1.75,3.529818182,1,0,170.0,B,0.8673790928746391,206.19548214343988
2000000288,Global Grains Co.,1.39,2.817741935,1,0,60.0,B,1.3135081823202237,205.49541437269664
2000000859,Green Leaf Distribution,6.75,14.005625,2,0,,B,0.24344498902215428,204.57595343683258
2000000518,Global Grains Co.,2.29,7.046285714,1,1,300.0,B,0.5054287147660529,202.13323723599922
2000000151,Sun-Kissed Fruits,1.05,2.363894737,2,0,200.0,B,1.661925680524397,201.739810851548
2000000284,Peak Protein Supplies,1.25,3.3075,1,0,95.0,B,0.9587071371139455,201.44692738187996
2000000319,Urban Spices Ltd,2.13,3.61779661,2,0,360.0,B,0.9574350750815254,201.01427873030835
2000000131,Golden Wheat Mills,0.89,1.740714286,2,0,230.0,B,1.8597697175995562,200.608176505564
2000000676,Mediterranean Delights,2.25,5.609333333,1,1,200.0,B,0.49364720423405306,199.37028365246584
2000000105,Golden Wheat Mills,0.83,1.606351351,1,0,140.0,B,2.06866890116839,198.04242065629015
2000000276,Valley Veggies,1.19,2.868823529,1,0,111.0,B,1.184368808108171,198.04000030262455
2000000536,City Deli Partners,1.65,3.8775,1,0,600.0,B,0.6761705653060051,197.76250312019934
2000000820,Fresh Harvest Ltd,4.45,10.60666667,1,1,560.0,B,0.3101948379030672,197.40799484151194
2000000289,Green Leaf Distribution,1.75,3.648709677,1,0,32.0,B,0.9556431026216814,196.5323478864334
2000001039,Urban Spices Ltd,7.25,17.856,1,1,400.0,B,0.18193765453881253,194.92072552771808
2000000378,City Deli Partners,1.48,3.215535714,2,0,350.0,B,0.9197812375353699,194.85294993293417
2000000135,Artisan Bakery Wholesalers,0.69,1.519439252,1,0,60.0,B,2.3961999012743953,194.7870899745956
2000000175,Nordic Frozen Foods,0.79,1.736633663,1,0,85.0,B,1.8385058387357185,193.48435442985013
2000000298,Savory Sauces Ltd,1.49,3.1195,1,0,120.0,B,1.1022180468475402,193.40826727873562
2000000274,Alpine Dairy Group,1.39,3.262285714,1,0,97.0,B,0.9875114150262037,193.29266286081685
2000000143,Golden Wheat Mills,0.85,1.858362069,1,0,120.0,B,1.7183768789842362,193.26808890689168
2000000283,Nature's Pantry,1.69,3.396716418,1,0,210.0,B,0.9621785679132757,193.21111636774148
2000000192,Mediterranean Delights,0.65,1.749134615,2,0,230.0,B,1.6440367141720202,192.946270112924
2000000372,Coastal Crustaceans,1.75,4.371538462,1,1,300.0,B,0.9783588794449952,192.46200617326366
2000000600,Ocean Catch Inc,2.5,5.195483871,1,0,210.0,B,0.5974072336871655,192.43681811530976
2000000169,Fresh Harvest Ltd,0.88,1.784215686,2,0,230.0,B,1.8125228588814166,192.15205923715243
2000000784,City Deli Partners,4.65,11.304,1,1,600.0,B,0.2682254518591106,191.49603205239328
2000000275,Peak Protein Supplies,0.95,2.365492958,2,0,200.0,B,1.3301658063483717,191.4868689534686
2000000128,Green Leaf Distribution,0.75,1.640955882,2,0,330.0,B,1.773219849500713,191.4820034270549
2000000875,Nature's Pantry,4.89,10.92833333,1,1,1000.0,B,0.24300269660030116,191.20424179298098
2000000465,Urban Spices Ltd,1.66,3.601363636,1,0,80.0,B,0.8375052367573436,189.5872568808124
2000000848,Urban Spices Ltd,4.65,11.53733333,1,1,600.0,B,0.29071285967976956,188.6653780870953
2000000257,City Deli Partners,0.88,1.868764045,1,0,32.0,B,1.378506876796637,188.44377837205653
2000000530,City Deli Partners,2.89,5.472972973,1,0,280.0,B,0.5426138383274641,188.36451817301193
2000000442,Valley Veggies,1.99,4.646363636,2,0,350.0,B,0.6699999462359997,186.7838032018826
2000000137,Nature's Pantry,1.06,1.892966102,1,0,266.0,B,1.651921686873946,186.04525071884794
2000000545,Organic Oasis,1.98,4.035384615,1,0,300.0,B,0.6688647576859948,185.7634156913466
2000000955,Fresh Harvest Ltd,6.25,15.69,1,1,600.0,B,0.19720585931428736,185.64959595847012
2000000270,Global Grains Co.,1.25,2.38525641,1,0,50.0,B,1.1786810044916678,185.31853601192762
2000000238,Eco-Groceries,1.09,2.309473684,1,0,110.0,B,1.371428067634233,185.16388802396966
2000000449,Urban Spices Ltd,2.09,4.163953488,1,0,165.0,B,0.7387855685765289,184.57612471740694
2000000827,Urban Spices Ltd,6.75,13.21823529,2,0,,B,0.2324320149783189,184.3404638538449
2000000478,Nordic Frozen Foods,1.99,5.152727273,1,1,340.0,B,0.5555822198319574,184.33405007772564
2000000136,Artisan Bakery Wholesalers,0.53,1.360983607,1,0,90.0,B,2.1957845160428016,183.825913162196
2000000641,Highland Honey,2.85,6.487777778,1,1,270.0,B,0.4717847014261036,183.65005810846793
2000000331,City Deli Partners,1.5,2.947192982,1,0,120.0,B,1.0679674897222105,182.44866976730415
2000000619,Mediterranean Delights,3.35,7.1,2,0,,B,0.5385566403395922,181.95786077280138
2000000490,Green Leaf Distribution,1.29,3.676590909,1,1,70.0,B,0.7497086680227665,181.92055682996838
2000000301,Coastal Crustaceans,1.57,3.217636364,1,0,4.0,B,1.076480154418538,181.43304088328443
2000000213,Mountain Meat Co.,0.99,2.085697674,1,0,75.0,B,1.414002315899465,181.1639967163479
2000000291,Valley Veggies,2.45,3.403636364,1,0,120.0,B,0.8865235990379847,181.04423753444806
2000000325,Nature's Pantry,1.75,3.555789474,1,0,180.0,B,0.8771355650640175,180.79101999986588
2000000348,Urban Spices Ltd,1.39,2.816101695,1,0,97.0,B,0.9957156601507053,180.47798937602593
2000000195,Sun-Kissed Fruits,0.85,1.870111111,1,0,120.0,B,1.623360568082147,180.1502091124326
2000000243,Ocean Catch Inc,1.36,2.666617647,1,0,60.0,B,1.269094112369098,179.31805360181394
2000000164,Fresh Harvest Ltd,0.98,1.888712871,1,0,43.0,B,1.6601494129292216,179.25854827393894
2000000595,Highland Honey,1.79,4.669375,2,0,350.0,B,0.619599628809444,179.18821264013064
2000000315,Valley Veggies,1.19,2.918730159,1,0,100.0,B,0.9905624046638302,179.1586376162612
2000000158,Artisan Bakery Wholesalers,0.72,1.860925926,1,0,150.0,B,1.6185971276979763,179.067330641312
2000000350,Peak Protein Supplies,1.75,2.872363636,1,0,32.0,B,1.0174462231502936,178.59572703698154
2000000370,Peak Protein Supplies,1.0,3.220769231,1,0,70.0,B,0.9241208657088025,178.58280298033554
2000000241,Eco-Groceries,0.88,1.885842697,1,0,32.0,B,1.3648099609838849,178.495873177429
2000000326,Golden Wheat Mills,1.44,2.413076923,2,0,330.0,B,1.1152105502456722,177.8855337070812
2000000677,Peak Protein Supplies,3.13,6.216,1,0,250.0,B,0.47599208798535336,177.5260091208153
2000000483,Bistro Basics,1.98,3.536046512,1,0,130.0,B,0.7966219826008004,177.25810603955168
2000000408,Savory Sauces Ltd,2.0,3.924893617,2,0,,B,0.7475221625637554,176.0366978731964
2000000407,Global Grains Co.,1.78,3.716170213,1,0,80.0,B,0.7885328499645681,175.8193373370282
2000000340,Tropical Tastes,1.09,2.642142857,1,0,,B,1.1276753529221062,175.63246865089985
2000000463,Highland Honey,1.95,5.29675,1,1,168.0,B,0.578137950148781,174.98583928288892
2000000709,Valley Veggies,2.95,6.7236,1,0,250.0,B,0.39795349526212553,174.50087745502793
2000000316,Golden Wheat Mills,1.85,3.576333333,1,0,1000.0,B,0.8245031677320956,174.02153082683205
2000000854,Pure Springs Beverages,4.09,8.897222222,1,1,500.0,B,0.28891733629307137,173.51291775581856
2000000150,Urban Spices Ltd,0.49,1.333818182,1,0,200.0,B,2.194467428529765,172.48513985163862
2000000431,Urban Spices Ltd,1.89,3.722564103,1,0,305.0,B,0.8854533923283869,171.40016466431362
2000000225,Tropical Tastes,1.05,2.194827586,1,0,150.0,B,1.2057232132652635,170.5428500540756
2000000130,Mediterranean Delights,0.85,1.658269231,1,0,111.0,B,2.0236867738225177,170.246351713869
2000000145,Nature's Pantry,0.64,1.796140351,1,0,32.0,B,1.5925791594555463,170.13730885221142
2000000193,Mountain Meat Co.,0.99,2.018837209,1,0,50.0,B,1.5020864141319188,170.0818977901811
2000000730,Urban Spices Ltd,2.57,6.649259259,1,0,360.0,B,0.34727498220290626,170.03530240696344
2000000477,Alpine Dairy Group,1.92,4.033777778,1,0,120.0,B,0.6381521098708294,169.51810388693204
2000000534,Mountain Meat Co.,2.15,4.300810811,1,0,400.0,B,0.6183838433284303,168.6915788476734
2000000311,Bistro Basics,1.43,2.682352941,1,0,40.0,B,0.9396952349519109,168.59056799904758
2000000424,Urban Spices Ltd,1.71,3.340175439,1,0,112.0,B,0.6772818586371212,168.1926431221501
2000000208,Eco-Groceries,1.06,2.11304878,2,0,500.0,B,1.3706219971545022,167.63835768782198
2000000390,Sun-Kissed Fruits,1.7,3.911320755,1,0,120.0,B,0.6731614826513042,167.45565043103664
2000000437,Nature's Pantry,1.35,3.659565217,1,0,250.0,B,0.728401195400283,167.2078053262599
2000000486,Fresh Harvest Ltd,1.89,4.030243902,1,0,500.0,B,0.6742723617738641,167.1251475809137
2000001034,Nordic Frozen Foods,9.0,17.98,1,0,5000.0,B,0.1933639693896925,166.88084010870404
2000000318,Mediterranean Delights,1.06,2.39115942,2,0,230.0,B,1.027979609204884,166.8259236069887
2000000157,Nordic Frozen Foods,0.69,1.785258621,2,0,230.0,B,1.4759012529980866,166.71512211215207
2000001250,Nature's Pantry,18.57,35.6525,1,0,30.0,B,0.03883445106313651,166.1454320000315
2000000474,Artisan Bakery Wholesalers,1.99,4.948333333,1,1,230.0,B,0.6354899070762151,165.66756885670125
2000000374,Ocean Catch Inc,1.44,2.8502,1,0,45.0,B,0.9798685301257549,164.28360497437805
2000000220,Pure Springs Beverages,0.65,1.724285714,2,0,230.0,B,1.3226459366765952,163.53710511592584
2000000680,Sun-Kissed Fruits,2.59,7.138214286,1,1,450.0,B,0.326775019585706,163.28130791148763
2000000328,Peak Protein Supplies,1.45,3.14137931,1,0,460.0,B,0.8806593137698873,163.17572234675862
2000000182,Nature's Pantry,0.89,1.979693878,2,0,340.0,B,1.3681109961596158,162.50645780760973
2000000272,Riverside Rice,1.26,2.429482759,1,0,130.0,B,1.3645411332802677,162.48802068564945
2000000132,Mountain Meat Co.,0.69,1.506380952,1,0,75.0,B,2.0833119416802885,162.05776223094617
2000000369,Green Leaf Distribution,1.57,3.0786,1,0,2.0,B,0.9121918959692126,162.01580600900812
2000000134,Peak Protein Supplies,0.69,1.537565217,1,0,100.0,B,1.8305568799684968,161.8395337580148
2000000329,Global Grains Co.,1.19,2.399152542,1,0,45.0,B,1.1240304920361148,161.80323676587003
2000000165,Fresh Harvest Ltd,0.89,1.789368421,2,0,230.0,B,1.6555995414134106,160.82020916849467
2000000174,Nordic Frozen Foods,0.29,1.886666667,1,1,100.0,B,1.4777174764228544,160.58651356570715
2000000519,Eco-Groceries,2.15,3.803947368,1,0,397.0,B,0.6664035372274097,160.54771884370348
2000000761,Peak Protein Supplies,2.69,7.865882353,2,0,750.0,B,0.3996896184387459,160.33948734892127
2000000285,Global Grains Co.,1.05,2.225138889,1,0,150.0,B,1.1329910809310575,160.16161864354584
2000000261,City Deli Partners,1.09,1.890555556,1,0,210.0,B,1.4075687020822631,159.66520977286473
2000000266,Golden Wheat Mills,1.02,2.364090909,2,0,200.0,B,1.2244635467327118,159.21087266392087
2000000584,Tropical Tastes,2.19,4.23,1,0,500.0,B,0.6082116792931145,159.18800309593524
2000000232,Urban Spices Ltd,1.75,1.855641026,1,0,200.0,B,1.4473117326941443,159.10169630667082
2000000886,Nature's Pantry,2.64,5.100769231,1,0,255.0,B,0.2981115249227585,158.14220174102493
2000000416,Eco-Groceries,1.38,3.258913043,1,0,95.0,B,0.8078486386421639,157.9625079307583
2000000160,Savory Sauces Ltd,0.59,1.301140351,2,0,250.0,B,1.9121879468847873,157.57491008967807
2000000914,Peak Protein Supplies,5.79,14.006,1,1,960.0,B,0.2620263266299131,157.28317419869316
2000000176,Mountain Meat Co.,0.55,1.261619048,1,0,100.0,B,1.9502572629148962,156.57610885959775
2000000627,Valley Veggies,2.73,5.863214286,1,0,180.0,B,0.44480723767037583,156.48000900670627
2000000166,Golden Wheat Mills,0.76,1.540208333,1,0,30.0,B,1.8484186468984578,156.17553207451772
2000000344,Peak Protein Supplies,1.21,2.675166667,1,0,60.0,B,0.9067238381138394,155.93383206519658
2000000188,Mediterranean Delights,1.05,2.247848101,2,0,275.0,B,1.3671837627115582,154.96882501957163
2000000357,Fresh Harvest Ltd,1.7,3.174634146,1,0,70.0,B,1.049185551652344,154.59848083949703
2000000423,Mountain Meat Co.,1.55,3.176956522,1,0,40.0,B,0.8101201093749952,154.42298188554045
2000000154,Coastal Crustaceans,0.57,1.243983051,1,0,100.0,B,1.938270423694736,153.79390026710823
2000000846,Nature's Pantry,4.29,10.529375,1,1,600.0,B,0.24339812992898854,153.76981104004142
2000000114,Valley Veggies,0.75,1.035488722,2,0,320.0,B,2.5068640799132034,153.44236492695393
2000000349,Sun-Kissed Fruits,1.52,4.061190476,2,0,,B,0.8075704241024086,153.05254137683093
2000000244,Artisan Bakery Wholesalers,0.86,2.064415584,1,1,100.0,B,1.2352843598412904,153.00841705821378
2000001188,Organic Oasis,19.05,33.645,1,0,50.0,B,0.07519906426908789,151.80435103241751
2000000513,Mountain Meat Co.,2.57,4.136111111,1,0,50.0,B,0.6285802552836229,151.7766486594685
2000000539,Eco-Groceries,1.72,3.57902439,1,0,180.0,B,0.5857278713144888,151.67595499699806
2000000343,Artisan Bakery Wholesalers,1.05,2.209333333,1,0,150.0,B,1.064316088306211,151.16329357597513
2000000201,Sun-Kissed Fruits,0.97,1.89011236,1,0,127.0,B,1.3300163782399803,150.83282372885873
2000000360,Organic Oasis,1.3,3.2574,1,0,70.0,B,0.8141860780334494,150.12055079356068
2000000294,Nordic Frozen Foods,1.04,2.355932203,2,0,200.0,B,1.1678926938095766,149.84961645182867
2000000259,Peak Protein Supplies,0.99,2.123055556,1,0,210.0,B,1.1871419768316045,149.15056646199636
2000000487,Riverside Rice,1.69,3.585121951,1,0,60.0,B,0.6757953719631876,149.0027425798533
2000000203,Fresh Harvest Ltd,0.75,1.531630435,2,0,330.0,B,1.5321005401955665,148.88847387514295
2000000256,Urban Spices Ltd,1.19,2.249027778,1,0,75.0,B,1.1247691722781759,147.6761125266733
2000000499,Organic Oasis,2.35,4.302777778,1,0,250.0,B,0.6177455204729128,147.21350941731413
2000000685,Peak Protein Supplies,2.85,7.495,1,1,270.0,B,0.3267349318827522,146.93269886767365
2000000655,Eco-Groceries,2.2,4.294827586,1,0,300.0,B,0.5111370592082559,146.91258629835085
2000000250,Savory Sauces Ltd,0.86,2.075066667,1,1,100.0,B,1.173731673647971,146.13428829586698
2000000517,Peak Protein Supplies,2.24,4.484054054,1,0,235.0,B,0.5401248749691023,145.31694811018357
2000000547,Ocean Catch Inc,1.99,3.938857143,1,0,1000.0,B,0.597287048880907,145.30939862449094
2000000381,Urban Spices Ltd,0.7,1.497901235,1,0,80.0,B,1.014120167868753,144.75670584413623
2000000810,Coastal Crustaceans,3.06,7.48,1,1,350.0,B,0.2624931393769218,143.9862367195542
2000000562,Mediterranean Delights,1.95,4.104333333,1,0,144.0,B,0.642515478910653,143.84169257867035
2000000365,Organic Oasis,1.27,2.686382979,1,0,47.0,B,1.0034050891416717,143.42255836959424
2000000173,Pure Springs Beverages,0.83,1.530485437,1,0,140.0,B,1.5156863065321668,143.35967358836652
2000000531,Valley Veggies,1.99,4.700285714,2,0,350.0,B,0.504970457346929,142.41032561638337
2000000795,Urban Spices Ltd,3.35,6.668947368,1,0,453.0,B,0.3553947360070006,142.20652735170577
2000000302,Savory Sauces Ltd,1.45,2.730701754,1,0,240.0,B,0.9577239003047733,141.971166745179
2000000345,Mediterranean Delights,1.05,2.397777778,2,0,200.0,B,1.0042740481663488,141.85462227474582
2000000615,Nature's Pantry,2.25,4.454482759,1,0,500.0,B,0.5300165062763315,141.65696334930703
2000000824,Golden Wheat Mills,2.89,8.835,1,1,500.0,B,0.32429780185903406,141.57315923528128
2000000186,Urban Spices Ltd,0.53,1.316956522,2,0,250.0,B,1.8498890984437604,141.55740834608326
2000000362,Riverside Rice,0.82,2.314666667,1,0,100.0,B,0.8972529051911118,141.06847186148363
2000000304,Tropical Tastes,0.81,1.875238095,2,0,350.0,B,1.2536570706278323,141.05432983235437
2000000509,Peak Protein Supplies,1.65,3.946410256,1,0,226.0,B,0.5803713208629246,141.03939473481165
2000000389,Fresh Harvest Ltd,1.21,2.720754717,1,0,60.0,B,0.8128906836552768,140.66260390533557
2000000524,Golden Wheat Mills,1.4,3.033617021,1,0,118.0,B,0.5894673713365199,140.07709634193506
2000000516,Highland Honey,1.83,3.447111111,1,0,112.0,B,0.5565871589809716,140.00724339966712
2000000691,Savory Sauces Ltd,2.81,5.408695652,1,0,300.0,B,0.44930000615182897,139.7323019132188
2000000251,Alpine Dairy Group,0.88,1.760823529,2,0,230.0,B,1.1663742930192404,139.65699234895175
2000000567,Fresh Harvest Ltd,2.73,5.461034483,1,0,180.0,B,0.4702001659532327,139.6230005375017
2000000221,Golden Wheat Mills,0.7,1.485238095,2,0,23.0,B,1.5283573827689025,139.52039050810353
2000001223,Highland Honey,21.95,51.0,2,0,,B,0.045418280459569665,138.97993820628318
2000000682,Nordic Frozen Foods,2.0,4.135806452,2,0,,B,0.43138901308084726,138.27096341773856
2000000606,Mountain Meat Co.,1.98,4.092666667,1,0,48.0,B,0.5624338587920754,138.11125836498204
2000000644,Alpine Dairy Group,2.3,5.666818182,1,1,250.0,B,0.4983787247638543,138.0730569251327
2000000596,Savory Sauces Ltd,1.72,3.472571429,1,0,180.0,B,0.5859213871817275,137.83139108414085
2000000801,City Deli Partners,3.27,7.081176471,1,0,500.0,B,0.3433213486871001,137.76341318317705
2000000754,Peak Protein Supplies,3.98,8.210526316,1,0,400.0,B,0.2942133576205511,137.69185138018713
2000001086,Artisan Bakery Wholesalers,7.0,15.98,2,0,,B,0.14342704437148585,137.5178501777601
2000000697,Global Grains Co.,2.73,5.365,1,0,180.0,B,0.39421849782053797,137.4738456524671
2000000506,City Deli Partners,1.83,4.768787879,2,0,350.0,B,0.5673813654848376,137.36739305592138
2000000635,Golden Wheat Mills,1.88,4.385555556,1,0,80.0,B,0.5216770778512715,137.2706284185979
2000000205,Riverside Rice,0.7,1.439886364,2,0,23.0,B,1.549167377613334,136.94999892769923
2000000541,Highland Honey,1.88,4.244117647,1,0,1000.0,B,0.5353522414437041,136.3258737102041
2000000341,City Deli Partners,1.25,2.523870968,1,0,120.0,B,0.8114785120272896,136.05016882131994
2000000111,Eco-Groceries,1.85,3.283589744,1,0,90.0,B,2.424760800500568,135.99191306164968
2000000583,Alpine Dairy Group,1.99,4.615757576,1,0,368.0,B,0.4736239785309036,135.26700827688026
2000000462,Sun-Kissed Fruits,1.6,3.275853659,1,0,70.0,B,0.7015733741913154,134.6118855537651
2000000353,Alpine Dairy Group,0.7,1.490769231,1,0,90.0,B,1.0412529757474909,134.52988446657582
2000000338,Ocean Catch Inc,0.99,2.307636364,2,0,500.0,B,1.0040075106206328,134.13540341891655
2000000551,Nature's Pantry,2.35,4.901875,1,0,300.0,B,0.46933267685547914,133.85367943918266
2000000404,City Deli Partners,1.59,3.245106383,1,0,173.0,B,0.6852141748518242,133.4155735568265
2000000245,Green Leaf Distribution,0.89,2.000547945,2,0,500.0,B,1.1679351515021126,132.90798667766586
2000000924,Savory Sauces Ltd,2.97,6.153888889,1,0,630.0,B,0.2599291643717428,132.88778553705396
2000000732,Eco-Groceries,2.93,6.279,1,0,200.0,B,0.3696038303657372,132.6138543352265
2000000582,Peak Protein Supplies,1.7,3.530540541,1,0,54.0,B,0.5407841970053744,132.45494936105104
2000000385,Organic Oasis,1.7,2.913571429,1,0,80.0,B,0.6749217075018051,132.1442709604792
2000000271,Peak Protein Supplies,1.05,2.347166667,2,0,200.0,B,1.1092563635482005,132.01400596267416
2000000400,Bistro Basics,1.59,3.37,1,0,173.0,B,0.6497000940257117,131.36935901199888
2000000458,Highland Honey,1.71,3.433414634,1,0,112.0,B,0.6666825624118226,130.95195949722864
2000000313,Tropical Tastes,1.33,2.649090909,1,0,79.0,B,0.910097108113766,130.42735928724582
2000000916,Global Grains Co.,3.69,8.936666667,1,1,450.0,B,0.22632645951669075,130.0245510109138
2000000725,Coastal Crustaceans,2.89,6.168571429,1,0,220.0,B,0.36558482022771305,129.1577934763437
2000000262,Green Leaf Distribution,1.05,1.976944444,1,0,210.0,B,1.085055303957494,128.70564330442474
2000000373,Highland Honey,1.3,2.680192308,1,0,80.0,B,0.7975802178715529,128.26010187748037
2000000305,Artisan Bakery Wholesalers,0.55,1.571323529,1,0,90.0,B,1.2352452632858748,127.72834492710176
2000000568,Urban Spices Ltd,1.55,3.692727273,1,0,550.0,B,0.5581461927098191,127.52942821475538
2000000078,City Deli Partners,0.27,0.4937246964,1,0,77.0,B,3.744608143305041,127.43859435865933
2000000553,Nordic Frozen Foods,2.29,4.741612903,1,0,207.0,B,0.4767990793576477,127.42672122687388
2000000321,Pure Springs Beverages,0.75,1.835625,1,0,37.0,B,1.0822462024343502,127.14228386198747
2000000593,Peak Protein Supplies,1.39,3.285882353,1,0,97.0,B,0.5852920465781414,126.55902085062834
2000000508,Urban Spices Ltd,1.45,2.955675676,1,0,,B,0.7515407170500256,126.44383510244737
2000000683,Fresh Harvest Ltd,1.99,5.2775,1,1,168.0,B,0.39882434376650117,126.28772845366258
2000000355,Sun-Kissed Fruits,1.05,2.228421053,1,0,150.0,B,0.8919546647164136,125.88453501364316
2000000577,Mediterranean Delights,1.82,3.73483871,1,0,180.0,B,0.57973061890108,125.85227073855398
2000000821,Savory Sauces Ltd,3.58,8.093333333,1,0,65.0,B,0.25614993907666056,124.38641041562637
2000000646,Tropical Tastes,1.65,3.5,1,0,120.0,B,0.4786454865840449,123.71144884970018
2000000394,Global Grains Co.,1.11,2.502857143,2,0,320.0,B,0.8234515620626145,123.65889742926989
2000000310,Nordic Frozen Foods,0.86,1.620869565,1,0,140.0,B,1.1233644703066674,123.57745801761168
2000000303,Alpine Dairy Group,0.89,1.604782609,2,0,230.0,B,1.170871149469263,123.47672607688715
2000000187,Urban Spices Ltd,0.57,1.275619048,1,0,100.0,B,1.4565734138666389,123.21691142802312
2000000979,Fresh Harvest Ltd,4.75,11.478,1,1,380.0,B,0.21448665427749605,123.09389088985499
2000000388,Alpine Dairy Group,1.59,2.233333333,1,0,120.0,B,0.8981697668894851,122.76184374336529
2000001021,Highland Honey,3.75,8.73,1,1,400.0,B,0.19500013129914176,122.5692825048747
2000000146,Nature's Pantry,0.54,1.307280702,2,0,250.0,B,1.569837394618387,122.06236532832561
2000000223,Golden Wheat Mills,0.69,1.806623377,2,0,230.0,B,1.1936190530722535,121.49586324320677
2000000427,Global Grains Co.,1.46,2.631764706,1,0,60.0,B,0.6784166949716195,121.40945173212103
2000000925,City Deli Partners,3.55,8.328,1,0,410.0,B,0.2099168320091294,121.0283568486746
2000000868,Savory Sauces Ltd,3.0,7.11875,2,0,,B,0.2652890593173778,120.86569542499733
2000000666,Artisan Bakery Wholesalers,2.4,4.3772,1,0,50.0,B,0.45919327189091463,120.59884737360679
2000000743,Coastal Crustaceans,2.3,5.004285714,1,0,400.0,B,0.40161742566536635,120.58850075192387
2000000970,Peak Protein Supplies,2.99,7.248125,1,1,480.0,B,0.20724697053200472,120.17215586298293
2000000689,Ocean Catch Inc,2.79,5.455416667,1,0,252.0,B,0.36578726350095514,119.73131602545014
2000000450,Green Leaf Distribution,1.45,3.256111111,1,0,30.0,B,0.730014967379317,119.4032853100792
2000000230,Mediterranean Delights,0.56,1.2859,1,0,100.0,B,1.235236106195816,119.12925820157231
2000001212,Mountain Meat Co.,18.9,36.04,1,0,10000.0,B,0.05497205906036199,118.87158051212677
2000000605,Golden Wheat Mills,1.65,3.2015625,1,0,120.0,B,0.5772261309491511,118.27363423148107
2000000905,Tropical Tastes,3.75,7.310714286,1,0,119.0,B,0.26674507589731405,117.00582223710123
2000000628,Ocean Catch Inc,2.6,6.354545455,1,1,230.0,B,0.38980749742113513,116.77518886196184
2000000649,Eco-Groceries,1.88,4.193333333,1,0,368.0,B,0.44662207219696376,116.69204081083839
2000000828,Alpine Dairy Group,2.3,4.711428571,2,0,350.0,B,0.33355293972340355,116.47668656511566
2000000411,Golden Wheat Mills,1.08,2.385714286,2,0,330.0,B,0.7777225828086882,116.0626850223886
2000000415,Savory Sauces Ltd,1.22,2.43244898,1,0,130.0,B,0.7464450569639418,116.04624304651828
2000000598,Mediterranean Delights,1.75,3.778387097,1,0,100.0,B,0.511153104131853,115.88005758019598
2000000692,Mediterranean Delights,1.99,4.2725,1,0,1000.0,B,0.3872112353945139,115.80520022561424
2000000599,Highland Honey,1.89,4.383666667,1,0,110.0,B,0.454577479864888,115.70609878678943
2000000727,Global Grains Co.,1.45,2.485,1,0,350.0,B,0.42610966851916937,115.51445740078626
2000000401,Valley Veggies,1.25,2.520416667,1,0,120.0,B,0.7628594908760008,115.36342650772322
2000000794,Global Grains Co.,4.19,7.832777778,1,0,40.0,B,0.25877869824612487,115.21644840593873
2000000335,Alpine Dairy Group,0.82,1.664090909,1,0,39.0,B,1.0139867352515661,115.2063756505234
2000000759,Peak Protein Supplies,2.39,5.2405,2,0,,B,0.3659143454534809,115.05444765244344
2000000253,Bistro Basics,0.89,1.799594595,2,0,230.0,B,1.0777427291630102,114.81839939411043
2000000482,Global Grains Co.,0.95,2.119661017,1,0,50.0,B,0.6268529145072156,114.72325681770218
2000000809,City Deli Partners,3.75,6.965,1,0,800.0,B,0.2739407808389474,114.47985231259612
2000000435,Golden Wheat Mills,1.07,2.320212766,1,0,76.0,B,0.7864369888733367,114.34793818218316
2000000797,Ocean Catch Inc,3.35,7.26375,2,0,,B,0.310746253535833,114.04714604884087
2000000375,Tropical Tastes,1.35,2.647234043,1,0,52.0,B,0.7776692392655868,113.8324785287345
2000000103,Urban Spices Ltd,0.33,0.8119259259,1,0,60.0,B,2.6094964874643845,113.65307680255106
2000000721,Artisan Bakery Wholesalers,2.37,5.072272727,1,0,235.0,B,0.3733038773721671,113.60994456047219
2000000992,Eco-Groceries,4.5,9.690833333,1,0,320.0,B,0.17907891297855066,113.59138251306565
2000000252,Ocean Catch Inc,0.83,1.552236842,2,0,320.0,B,0.6899139607197059,113.5662557334672
2000000647,Coastal Crustaceans,1.81,3.770384615,1,0,66.0,B,0.500660508676198,113.26096077531476
2000000480,Golden Wheat Mills,0.98,2.933611111,1,0,50.0,B,0.7313991642929151,113.03863279718446
2000000286,Mountain Meat Co.,0.65,1.381617647,1,0,120.0,B,1.3595387305468332,112.70176215215491
2000000393,Ocean Catch Inc,1.45,2.669807692,1,0,240.0,B,0.658728424229746,111.98114342704034
2000000267,Global Grains Co.,0.87,1.726756757,1,0,124.0,B,1.0363428243994182,111.90750941329028
2000000601,Global Grains Co.,1.65,4.22,1,1,300.0,B,0.4413838739179408,111.75839687602262
2000000952,City Deli Partners,3.28,8.358333333,1,1,180.0,B,0.22227880607465736,111.47282124644066
2000000473,Tropical Tastes,1.5,3.07925,1,0,120.0,B,0.6321012907857991,111.22273712298127
2000000571,Organic Oasis,1.75,3.765757576,1,0,66.0,B,0.4755050065658117,110.79563844304988
2000000515,Mountain Meat Co.,1.52,2.996842105,1,0,432.0,B,0.5987471633785918,110.57080047870541
2000000673,Pure Springs Beverages,1.56,3.365862069,1,0,250.0,B,0.4706858442502186,110.26474860861202
2000000447,Golden Wheat Mills,0.95,2.068333333,2,0,500.0,B,0.8112512780793308,109.82867303369582
2000000829,Mountain Meat Co.,3.3,7.131764706,1,0,104.0,B,0.25496415950005147,109.10066365208093
2000001013,Riverside Rice,4.16,8.47,1,0,240.0,B,0.1967812123873552,109.09550416738526
2000000280,Organic Oasis,0.83,1.636619718,1,0,140.0,B,1.0748209264681274,108.60364491790993
2000000454,Sun-Kissed Fruits,1.7,3.172857143,1,0,70.0,B,0.5840246782035582,108.59599341458552
2000000863,Urban Spices Ltd,3.25,8.234285714,1,1,360.0,B,0.25099477200854725,108.50503992573184
2000000229,Fresh Harvest Ltd,0.54,1.205454545,2,0,250.0,B,1.5552819467244063,108.27095274828729
2000000485,Organic Oasis,1.7,3.255,1,0,70.0,B,0.5679468616085219,108.21465568541956
2000000631,Urban Spices Ltd,3.04,6.594375,1,0,280.0,B,0.4607521674522534,108.03102486197167
2000000354,Peak Protein Supplies,1.11,2.089818182,1,0,77.0,B,0.8414010987856305,107.45626921602263
2000000873,Artisan Bakery Wholesalers,3.09,8.266666667,1,1,560.0,B,0.21613895771391306,107.20492302610087
2000000921,Nordic Frozen Foods,3.99,6.44,1,0,100.0,B,0.25719880527005223,107.02635821344782
2000000199,Urban Spices Ltd,0.57,1.263103448,1,0,100.0,B,1.4608748069423025,107.02368835659308
2000000569,Coastal Crustaceans,1.45,3.066666667,1,0,200.0,B,0.5629057523740927,106.8113665196598
2000000853,Sun-Kissed Fruits,2.72,5.371666667,1,0,210.0,B,0.29448764519817067,106.77753903994451
2000000255,Fresh Harvest Ltd,0.83,1.630875,2,0,320.0,B,1.0084063601959365,106.67576582458575
2000000688,Nordic Frozen Foods,1.35,3.656,1,0,250.0,B,0.464210694638345,106.07214372486183
2000000126,Mountain Meat Co.,0.7,0.7325806452,2,0,23.0,B,2.451711221553895,106.05402255521706
2000001134,Highland Honey,8.07,14.82666667,1,0,50.0,B,0.11831930995116494,105.25685813255632
2000000455,Savory Sauces Ltd,1.06,2.048604651,1,0,90.0,B,0.8552375173856481,105.12261335302
2000000392,Bistro Basics,0.79,2.114166667,1,0,68.0,B,0.8365597613743841,103.95194030302952
2000000439,Mountain Meat Co.,0.75,2.075090909,1,1,100.0,B,0.667334554770192,103.85849009915995
2000000505,Global Grains Co.,1.07,2.333095238,1,0,52.0,B,0.6870570633252565,103.57649482344905
2000000312,Global Grains Co.,0.79,1.731454545,2,0,330.0,B,1.1048144291016289,103.48669972018284
2000000634,Organic Oasis,3.1,3.495925926,1,0,200.0,B,0.4904676528638278,102.87831500848158
2000000383,Global Grains Co.,1.15,1.990392157,1,0,100.0,B,0.86055803448791,102.77087774219736
2000000457,Highland Honey,1.45,2.687631579,1,0,240.0,B,0.7201042384594608,102.61987795875916
2000000445,Ocean Catch Inc,1.0,2.24255814,2,0,500.0,B,0.7764210232839367,102.09583538000894
2000000563,Tropical Tastes,1.39,2.974047619,1,0,500.0,B,0.44885287813437913,101.93856910502781
2000001258,Organic Oasis,23.1,45.79,1,0,30.0,B,0.03708013690988066,101.8739681563935
2000000122,Urban Spices Ltd,0.33,0.7892741935,1,0,60.0,B,2.233265284267142,101.6603131959187
2000000216,Mediterranean Delights,0.69,1.525945946,1,0,75.0,B,1.2420561783635502,101.38769905634312
2000000410,Alpine Dairy Group,0.79,2.040612245,2,0,350.0,B,0.7940119650844184,101.35309326659927
2000000528,Eco-Groceries,1.48,3.226486486,2,0,350.0,B,0.49486875758499704,101.27559820092479
2000000260,Sun-Kissed Fruits,0.55,1.1725,1,0,70.0,B,1.3773350840167395,100.87753093405958
2000000361,Urban Spices Ltd,0.85,1.780392157,1,0,50.0,B,0.9748720887600195,100.20949320311331
2000000906,Fresh Harvest Ltd,3.5,8.43,1,1,400.0,B,0.2310114734220754,100.15337423449539
2000000433,Coastal Crustaceans,1.09,2.238,1,0,300.0,B,0.7453111178069711,100.08037689912007
2000000363,Green Leaf Distribution,0.75,1.727068966,1,0,120.0,B,0.8819272113441129,100.01054577019639
2000000913,Alpine Dairy Group,4.16,8.26,1,0,240.0,B,0.25642453422756745,99.8517136424793
2000000277,Coastal Crustaceans,0.87,1.373563218,1,0,130.0,B,0.9556663032036329,99.30619411550795
2000000833,Alpine Dairy Group,3.38,5.433333333,1,0,326.0,B,0.28736388326554396,99.19125101179968
2000000180,Organic Oasis,0.33,0.785,1,0,60.0,B,1.8940229108906124,99.1205323366087
2000000825,Green Leaf Distribution,2.45,4.594736842,1,0,600.0,B,0.3200074774678436,98.59995101022145
2000000690,Savory Sauces Ltd,2.99,5.496190476,1,0,236.0,B,0.34115090865127795,98.43909469132625
2000000422,Green Leaf Distribution,0.92,2.202291667,1,1,7.0,B,0.7137535360585586,98.4141995132214
2000000233,Tropical Tastes,0.69,1.108227848,2,0,320.0,B,1.4765720704849383,98.18269726954084
2000001161,Coastal Crustaceans,11.7,18.848,2,0,,B,0.08673417455530918,98.0859433250315
2000000564,Green Leaf Distribution,0.85,2.281666667,1,0,400.0,B,0.6544860733614284,97.74452011983223
2000000464,Mediterranean Delights,1.3,2.752682927,1,0,120.0,B,0.6060182037190659,97.70744924533398
2000000990,Artisan Bakery Wholesalers,3.45,8.431818182,1,1,300.0,B,0.19308157830178438,97.6817257677085
2000000704,Valley Veggies,2.29,4.445263158,1,0,383.0,B,0.4429576136937008,97.5970436238866
2000000469,Eco-Groceries,0.82,1.775434783,1,0,32.0,B,0.8346705956019648,97.38221077544638
2000000377,Tropical Tastes,0.75,1.968909091,1,0,33.0,B,0.7632392986637743,97.23668664976485
2000000320,Golden Wheat Mills,0.65,1.8,2,0,230.0,B,0.8181270740744766,97.19349640004782
2000000557,Peak Protein Supplies,0.75,1.955454545,1,0,40.0,B,0.619326302379511,96.88515464860569
2000000359,Coastal Crustaceans,0.75,1.804814815,1,0,37.0,B,0.8765865539260714,96.71561382889674
2000000708,Nature's Pantry,1.69,3.328148148,1,0,210.0,B,0.4109946685651626,96.34429805341823
2000000512,Eco-Groceries,1.35,3.076111111,1,0,375.0,B,0.5355739789248326,96.17750663177844
2000000502,Peak Protein Supplies,1.22,2.429512195,1,0,130.0,C,0.6273783036464106,96.14331204033685
2000000264,Mediterranean Delights,0.89,1.8025,2,0,230.0,C,0.9990299336742888,96.04007762388831
2000000398,Fresh Harvest Ltd,1.23,2.552391304,1,0,52.0,C,0.6543558465040102,96.03489992254478
2000000333,Highland Honey,0.98,1.737068966,1,0,50.0,C,0.9193751223404666,95.8210795578703
2000001113,Peak Protein Supplies,5.95,12.17857143,2,0,750.0,C,0.13089386911147582,95.64602004484382
2000000436,City Deli Partners,1.06,2.205416667,1,0,76.0,C,0.6766783894224855,95.51089907235242
2000000612,Sun-Kissed Fruits,1.59,3.405,1,0,73.0,C,0.44996770377501993,95.09834678025152
2000000902,Artisan Bakery Wholesalers,3.15,7.565,1,1,450.0,C,0.24432008297737592,95.05447343937716
2000000237,Eco-Groceries,0.7,1.447407407,2,0,23.0,C,1.053956106461277,95.05062609347702
2000000268,Eco-Groceries,0.54,1.349358974,1,0,90.0,C,1.0675888524543184,94.9552620443398
2000000817,Golden Wheat Mills,1.95,4.664705882,2,0,350.0,C,0.35895744579249933,94.88441817115066
2000000367,Green Leaf Distribution,0.85,1.658867925,2,0,320.0,C,0.9530777000337718,94.86180157373353
2000000860,City Deli Partners,2.91,6.162857143,1,0,2.0,C,0.2928626823705021,94.7557208691315
2000000496,Ocean Catch Inc,1.23,2.540540541,1,0,52.0,C,0.6719940357457492,94.7511590354131
2000000766,Mediterranean Delights,3.75,4.5125,1,0,175.0,C,0.34877324128105464,94.43035508628859
2000000246,Global Grains Co.,0.65,1.343243243,1,0,120.0,C,1.1973657906328619,93.96170491388362
2000000556,Fresh Harvest Ltd,1.15,2.475454545,1,0,105.0,C,0.6319199845016744,93.85735187989415
2000000650,Urban Spices Ltd,1.69,4.21,1,1,320.0,C,0.38490504817837057,93.48751459359173
2000000591,Mediterranean Delights,1.75,3.61137931,1,0,32.0,C,0.46058770193338716,93.36261294265461
2000000865,Organic Oasis,2.91,5.814666667,1,0,300.0,C,0.2842155489533775,92.95980066230595
2000000527,Mediterranean Delights,1.35,2.798205128,1,0,,C,0.5082177685661045,92.43634180603163
2000000386,Peak Protein Supplies,0.95,1.765384615,1,0,45.0,C,0.6710015620881848,92.39691510323892
2000000679,Peak Protein Supplies,1.75,3.587142857,1,0,150.0,C,0.381523000148749,91.96840831649936
2000000798,Coastal Crustaceans,1.45,3.2228,1,0,227.0,C,0.3378067823253724,90.72364150651751
2000000432,Tropical Tastes,0.69,1.766956522,2,0,230.0,C,0.8359484929431822,90.59452467522914
2000001196,Alpine Dairy Group,9.16,20.55,1,0,4500.0,C,0.07315229898409949,90.19678464288484
2000000475,Green Leaf Distribution,1.27,2.559268293,1,0,90.0,C,0.5851092957645658,89.84710010864019
2000000714,Highland Honey,1.92,4.128,1,0,120.0,C,0.33283859295703005,89.60593772909313
2000000403,Coastal Crustaceans,0.85,1.933181818,1,0,75.0,C,0.8242332269574549,89.5012063250866
2000001094,Fresh Harvest Ltd,3.75,9.119090909,1,1,400.0,C,0.10389039144592947,89.32495853968875
2000000731,Pure Springs Beverages,1.7,3.564230769,1,0,54.0,C,0.3365873458721891,89.11871240564504
2000000748,Global Grains Co.,2.74,5.713333333,1,0,150.0,C,0.3029322303892796,89.0101444949529
2000000446,Bistro Basics,1.05,2.120571429,2,0,200.0,C,0.6779474616454793,88.79516576535464
2000000893,Alpine Dairy Group,2.4,5.719230769,1,0,336.0,C,0.2783480588886014,88.69362077710271
2000000857,Savory Sauces Ltd,2.29,4.697647059,1,0,300.0,C,0.2959201022003765,88.62067259538019
2000001010,Golden Wheat Mills,4.16,8.579090909,1,0,240.0,C,0.17131536303082226,88.18380442995357
2000000384,Golden Wheat Mills,0.79,1.814897959,2,0,350.0,C,0.8261157773311683,88.15977129719934
2000000405,Fresh Harvest Ltd,0.83,1.652765957,2,0,320.0,C,0.8129045105991926,88.1112870424301
2000000969,Eco-Groceries,2.28,5.098,2,0,180.0,C,0.23037352502970793,88.08331729510881
2000000861,Coastal Crustaceans,1.79,4.726875,2,0,360.0,C,0.30974982087463865,87.84892106182734
2000000263,Eco-Groceries,1.9,4.035789474,1,0,198.0,C,0.3434518019560798,87.78628057997402
2000000592,Tropical Tastes,0.59,1.122121212,1,0,75.0,C,0.6121947396553391,87.7531788695793
2000001079,Golden Wheat Mills,6.64,12.525,1,0,50.0,C,0.1162441735780692,87.35749646575837
2000000664,Mediterranean Delights,1.69,3.129259259,1,0,28.0,C,0.4304819101332009,87.29139980218663
2000000611,Ocean Catch Inc,1.39,2.699677419,1,0,50.0,C,0.5033344153064173,87.15322183427413
2000000994,Nature's Pantry,3.75,7.253636364,1,0,650.0,C,0.20006576099585577,87.07225676051858
2000000751,Ocean Catch Inc,2.09,4.548,1,1,250.0,C,0.31867601808005697,86.96031182238198
2000000703,Ocean Catch Inc,1.7,4.582608696,1,1,277.0,C,0.31562215743373456,86.78237059932617
2000000999,Valley Veggies,3.0,7.27,2,0,,C,0.18187095726494945,86.54412171643087
2000000733,Pure Springs Beverages,1.35,2.799,1,0,186.0,C,0.3594628213054606,86.2402660143415
2000000440,Alpine Dairy Group,0.82,2.059772727,1,0,120.0,C,0.6967439294166549,86.10804862622959
2000000711,Green Leaf Distribution,1.49,3.306363636,2,0,,C,0.4519256736435523,85.75584392267092
2000000762,Nordic Frozen Foods,2.79,4.988571429,1,0,252.0,C,0.27169104915436537,85.38706293677267
2000000492,Organic Oasis,0.85,1.992142857,1,0,100.0,C,0.6792594991701993,85.25046343909335
2000000590,Coastal Crustaceans,1.15,2.294375,1,0,60.0,C,0.5989458276612765,85.11213418849131
2000000395,Highland Honey,1.04,2.355111111,2,0,200.0,C,0.6541871469818346,84.8948006134347
2000000240,Golden Wheat Mills,0.57,1.271898734,1,0,100.0,C,1.0832630613755343,84.81527722230034
2000000219,Tropical Tastes,0.75,1.026375,2,0,320.0,C,1.4113112220270077,84.79226664320012
2000001221,Valley Veggies,22.06,35.415,2,0,,C,0.059839089920530886,84.76805478142406
2000000430,Organic Oasis,1.06,2.403548387,2,0,230.0,C,0.5493027232831852,84.67975016824715
2000000500,Alpine Dairy Group,1.15,2.544102564,1,0,150.0,C,0.5546416880721619,84.66392044695368
2000000548,Bistro Basics,0.79,1.946756757,1,0,138.0,C,0.6646530527636139,84.48522244896517
2000000781,Highland Honey,1.95,3.803684211,1,0,112.0,C,0.3672318769715612,83.81004551349808
2000000322,Mediterranean Delights,3.8,7.274166667,1,0,50.0,C,0.09586284179890821,83.67867460626698
2000000514,Ocean Catch Inc,1.47,2.298378378,1,0,67.0,C,0.6065042780276403,83.63857913624203
2000000356,Ocean Catch Inc,0.58,1.27140625,1,0,100.0,C,0.9077672968752012,83.62078296172358
2000000351,Green Leaf Distribution,0.65,1.540980392,1,0,109.0,C,0.9529223567142026,83.21129779352131
2000001015,Bistro Basics,5.56,8.627,1,0,75.0,C,0.16029611849880793,82.97247684075847
2000000728,Organic Oasis,1.59,3.397619048,1,0,200.0,C,0.4245116667331509,82.60611114179122
2000000656,Mountain Meat Co.,1.35,3.1008,1,0,255.0,C,0.4615179133310952,82.562004563489
2000000618,Fresh Harvest Ltd,1.78,3.2116,1,0,270.0,C,0.49697281458761305,82.55575300549927
2000000559,Fresh Harvest Ltd,1.35,2.541891892,1,0,,C,0.482429205777362,82.4953941879289
2000001049,Pure Springs Beverages,3.89,8.33,1,1,192.0,C,0.1480776144172577,82.23243520638377
2000000183,Global Grains Co.,0.32,0.8203333333,1,0,60.0,C,1.799907103362397,82.19823180237918
2000000838,City Deli Partners,2.1,5.548235294,1,0,155.0,C,0.24625033998148413,81.97528965806856
2000000684,Peak Protein Supplies,1.52,3.1275,1,0,60.0,C,0.43597453017875093,81.81062058804261
2000000418,Organic Oasis,1.05,2.248717949,1,0,10.0,C,0.7148723519370275,81.77518077671931
2000000406,Golden Wheat Mills,0.65,1.512553191,1,0,140.0,C,0.8989987950330637,81.58700979781285
2000001012,Eco-Groceries,2.65,5.34,1,0,340.0,C,0.1865390280307801,81.50059717081184
2000000928,Fresh Harvest Ltd,2.92,5.643076923,1,0,340.0,C,0.24066954441603078,81.48700511835592
2000001118,City Deli Partners,4.34,12.75166667,2,0,,C,0.10633960570686662,81.36043232632366
2000000364,Savory Sauces Ltd,0.59,1.998,1,1,100.0,C,0.717274508423957,81.11968686142336
2000000358,Savory Sauces Ltd,0.64,1.820212766,1,0,32.0,C,0.8370398747864191,81.06652221586457
2000001060,Global Grains Co.,3.75,8.847,1,1,400.0,C,0.13706140990081148,80.83881955949862
2000000695,Golden Wheat Mills,1.95,3.500952381,1,0,165.0,C,0.4397191303673669,80.82037616152202
2000000466,Alpine Dairy Group,0.69,1.735,1,0,125.0,C,0.774920375546582,80.6692110943992
2000000501,Bistro Basics,1.29,2.615294118,1,0,130.0,C,0.5889198287631376,80.56423257479723
2000000643,Nature's Pantry,0.89,2.032954545,1,0,100.0,C,0.4037654216300028,80.25959325511944
2000001222,Mediterranean Delights,9.7,20.8075,2,0,,C,0.04813386931266945,80.12363885786957
2000000864,Alpine Dairy Group,2.73,5.280714286,1,0,180.0,C,0.28778292681832485,79.78421916382231
2000000414,Tropical Tastes,0.85,1.690487805,1,0,50.0,C,0.8821022410516837,79.74587781474
2000000461,Mountain Meat Co.,2.92,6.0075,1,0,455.0,C,0.22054552942360678,79.49563608073906
2000000630,City Deli Partners,1.75,3.201111111,1,0,350.0,C,0.42908327416485764,79.469287250185
2000000380,Golden Wheat Mills,1.2,2.236511628,1,0,100.0,C,0.6994132037542616,79.13243271182041
2000000657,Bistro Basics,1.3,2.7252,1,0,168.0,C,0.5025959120914215,79.019675754052
2000000624,Mediterranean Delights,1.41,2.942,1,0,98.0,C,0.41513643877047984,78.51416160699732
2000000670,Pure Springs Beverages,1.09,2.885,1,0,100.0,C,0.4719055799229275,78.41938164299884
2000000672,Peak Protein Supplies,0.69,1.399166667,1,0,120.0,C,0.8133635548044728,78.03642334381199
2000000585,Tropical Tastes,1.25,2.50137931,1,0,89.0,C,0.5557965713680669,78.03383861504214
2000001058,Savory Sauces Ltd,3.99,8.2025,1,0,240.0,C,0.17825651715698257,77.98128437227464
2000000941,City Deli Partners,3.18,5.693333333,1,0,207.0,C,0.19767242077854325,77.91334491641761
2000000856,Nature's Pantry,3.55,6.803636364,2,0,,C,0.27628859854714727,77.54039517256433
2000000943,Golden Wheat Mills,3.59,6.736666667,1,0,480.0,C,0.20646778114948602,77.03471734872289
2000000459,Bistro Basics,1.05,2.3645,2,0,200.0,C,0.5694175265669382,76.93644237528717
2000000609,Eco-Groceries,1.55,3.006666667,1,0,122.0,C,0.4254480048040215,76.75082006664549
2000000566,Peak Protein Supplies,1.06,2.416666667,2,0,200.0,C,0.5639680155821807,76.66440212299422
2000000765,Tropical Tastes,0.99,4.536,1,1,450.0,C,0.28133692431021684,76.5686573279255
2000001302,Eco-Groceries,37.06,83.44,2,0,,C,0.015244915198617103,76.32214343509224
2000000621,Savory Sauces Ltd,0.85,2.265333333,1,0,250.0,C,0.5417113048950921,76.16834541353668
2000000278,Coastal Crustaceans,0.8,1.805813953,1,0,39.0,C,1.1239149733825822,75.88869363752828
2000000909,Valley Veggies,1.59,4.730714286,2,0,350.0,C,0.2653378686194212,75.31425874789176
2000001071,Riverside Rice,3.89,8.1825,1,1,192.0,C,0.15331521641571172,75.2701055181112
2000000625,Golden Wheat Mills,2.27,4.20125,1,0,280.0,C,0.27895072492518874,75.00427091788475
2000001061,Nordic Frozen Foods,3.28,8.33375,1,1,180.0,C,0.16803574402941326,74.68628702960655
2000000613,Alpine Dairy Group,1.28,2.72,1,0,500.0,C,0.4036467587381202,74.46756203593594
2000000330,Nature's Pantry,0.7,1.348666667,2,0,320.0,C,0.9033782361881344,74.34037309303918
2000001108,Pure Springs Beverages,3.57,10.645,2,0,,C,0.13558913998535027,74.22924315762869
2000000671,Savory Sauces Ltd,0.98,3.07962963,1,0,400.0,C,0.36908452524049484,73.65450785110079
2000000538,Global Grains Co.,0.7,1.525609756,2,0,250.0,C,0.8632046037524516,73.62742904614103
2000000782,Mediterranean Delights,1.58,3.389473684,1,0,158.0,C,0.3620102488468278,73.6214527051
2000000472,Artisan Bakery Wholesalers,0.75,1.800243902,1,0,,C,0.6946039325595126,73.24102323173948
2000000560,Sun-Kissed Fruits,1.15,2.26,1,0,70.0,C,0.5926351079462636,73.05574603410304
2000000942,Highland Honey,3.1,4.079375,1,0,30.0,C,0.2424251247095764,73.02963640319874
2000000842,Peak Protein Supplies,1.72,3.472105263,1,0,180.0,C,0.31318241623741394,72.91992000569246
2000000510,Urban Spices Ltd,1.0,1.946944444,1,0,270.0,C,0.6586610232592831,72.89297545685199
2000000452,Savory Sauces Ltd,1.29,2.818333333,2,0,190.0,C,0.4126119977091581,72.80628398471563
2000001184,Ocean Catch Inc,7.0,15.3975,2,0,,C,0.07877883092262787,72.77982294423077
2000000217,Global Grains Co.,1.15,1.595526316,1,0,40.0,C,1.6586927864558356,72.6987062653375
2000000581,Ocean Catch Inc,0.85,1.956451613,1,0,100.0,C,0.6386597417141671,72.62758750759716
2000000654,Eco-Groceries,1.58,3.4348,1,0,158.0,C,0.36633311042279376,72.59313275636555
2000000529,Highland Honey,0.67,1.79,2,0,230.0,C,0.7498494633243608,72.4804491213087
2000000428,Green Leaf Distribution,0.75,1.830408163,1,0,37.0,C,0.6055577753748569,72.41663583116122
2000000802,Mediterranean Delights,1.85,3.598888889,1,0,280.0,C,0.33348644995938237,72.0108407612293
2000000493,Mountain Meat Co.,1.3,2.6392,1,0,80.0,C,0.472718386133608,71.97682873729542
2000000770,Nordic Frozen Foods,0.95,2.133548387,1,0,50.0,C,0.3627215010104164,71.97120023768395
2000000658,Pure Springs Beverages,1.45,3.103076923,1,0,80.0,C,0.3835850846568956,71.41764145961291
2000000645,Mountain Meat Co.,1.35,2.534482759,1,0,150.0,C,0.4361460164549974,71.23718268764958
2000000705,Mediterranean Delights,1.95,3.563333333,1,0,500.0,C,0.3175449028459319,70.84288720107527
2000001069,Global Grains Co.,3.75,8.797777778,1,1,400.0,C,0.11920508158115017,70.78993771466352
2000000844,Nature's Pantry,2.33,4.916470588,1,0,90.0,C,0.22515006742329582,70.56765987332554
2000000815,Alpine Dairy Group,3.04,6.226666667,1,0,280.0,C,0.28249582912112997,70.3602945064361
2000000774,Peak Protein Supplies,1.4,3.118571429,1,0,15.0,C,0.35500372434876604,69.74758172977683
2000000778,Riverside Rice,2.35,3.974444444,1,0,360.0,C,0.3084541077226681,69.68465325523218
2000000737,Eco-Groceries,2.55,5.174166667,1,0,510.0,C,0.22443785026919813,69.67673061607256
2000000533,Nordic Frozen Foods,1.05,2.367037037,2,0,200.0,C,0.5564954472019036,68.83669166783051
2000000931,Tropical Tastes,2.2,4.7,2,0,350.0,C,0.24398376117122944,68.80342063970156
2000000468,Artisan Bakery Wholesalers,2.95,6.531818182,1,0,840.0,C,0.1732137606337731,67.88404747526944
2000000841,Green Leaf Distribution,1.35,3.078947368,1,0,375.0,C,0.32855763150280104,67.8374874535592
2000000339,Riverside Rice,0.52,1.325689655,2,0,330.0,C,0.8379964463383226,67.82478606205645
2000000816,Urban Spices Ltd,1.74,3.965,1,0,200.0,C,0.2849767256121653,67.79596302313414
2000000421,Bistro Basics,0.75,1.719767442,2,0,230.0,C,0.6981912396451928,67.34509848197892
2000000297,Global Grains Co.,0.28,1.096603774,1,0,120.0,C,1.234276876942573,67.25266131139199
2000000451,Nordic Frozen Foods,0.7,1.404117647,2,0,320.0,C,0.727752780732478,66.52899144315367
2000000862,Urban Spices Ltd,1.99,4.023125,1,0,160.0,C,0.2753923426356265,66.47626909964777
2000000342,Fresh Harvest Ltd,0.64,1.140185185,1,0,80.0,C,1.007354005138872,66.45298510565942
2000001007,Coastal Crustaceans,2.45,5.88,1,0,63.0,C,0.18797514608156485,66.31763154963383
2000000522,Valley Veggies,1.13,2.0928125,1,0,50.0,C,0.5938288838363253,66.28120058419785
2000000661,Highland Honey,1.89,3.325714286,1,0,240.0,C,0.39537542426081773,66.27124710759952
2000000753,Pure Springs Beverages,0.99,2.696956522,1,0,300.0,C,0.35527280531276806,66.11271634726428
2000000723,Nordic Frozen Foods,0.98,3.14,1,0,400.0,C,0.35091206472751696,66.11183298865403
2000000352,Global Grains Co.,0.55,1.162363636,1,0,70.0,C,0.9301375842686609,66.07077306921721
2000000681,Golden Wheat Mills,0.75,1.630294118,1,0,64.0,C,0.4749357175755531,65.81421706303227
2000000717,Coastal Crustaceans,1.38,2.724615385,1,0,40.0,C,0.3560198632500277,65.7924707343262
2000000874,Global Grains Co.,1.98,3.958235294,1,0,500.0,C,0.24299447717479933,65.404393476369
2000000805,Pure Springs Beverages,0.98,3.146666667,1,0,400.0,C,0.3444171145006727,65.025951217727
2000000852,Nordic Frozen Foods,2.28,4.680666667,1,0,275.0,C,0.2468047567941764,64.98060739632413
2000000597,Savory Sauces Ltd,0.85,1.910344828,2,0,340.0,C,0.5657038354773261,64.84136376745911
2000000710,Sun-Kissed Fruits,2.05,4.234,1,0,500.0,C,0.237928391812739,64.76070928365318
2000000544,Nature's Pantry,0.9,1.804545455,2,0,355.0,C,0.634167681699797,64.73946076693866
2000000964,City Deli Partners,2.98,6.34,1,0,205.0,C,0.1693397058213893,64.41682409445649
2000000793,Alpine Dairy Group,1.42,2.928421053,1,0,105.0,C,0.3658608759998122,64.2836814899582
2000000637,Fresh Harvest Ltd,3.98,7.705714286,1,0,400.0,C,0.1191092770308023,64.24754403041476
2000000552,Peak Protein Supplies,1.03,2.0128125,1,0,58.0,C,0.5443055783943755,63.743131462512224
2000000438,Sun-Kissed Fruits,0.85,1.769534884,1,0,50.0,C,0.6140622840009952,63.71454435239938
2000000879,Eco-Groceries,2.5,5.1,2,0,,C,0.20808203812223647,63.67310366540436
2000000632,Highland Honey,0.85,2.426296296,2,0,320.0,C,0.4367069590843021,63.57482864358363
2000000371,Fresh Harvest Ltd,0.85,1.479333333,1,0,95.0,C,0.8262916975773814,63.468736506473824
2000000300,Urban Spices Ltd,0.33,0.8187878788,1,0,60.0,C,1.251216087499745,63.38973501314654
2000000764,Green Leaf Distribution,2.38,5.038181818,1,0,368.0,C,0.19011630268960925,63.21747295770538
2000001077,Ocean Catch Inc,2.25,4.630769231,1,0,1000.0,C,0.13970139143752655,63.07517824981203
2000000570,Golden Wheat Mills,0.97,1.966176471,1,0,148.0,C,0.5014849977832925,62.85801019482818
2000000443,Organic Oasis,0.75,1.8955,1,0,100.0,C,0.6078178623102661,62.842841348807916
2000000822,Golden Wheat Mills,1.92,3.98,1,0,120.0,C,0.24750493583320515,62.387744159023256
2000000576,Tropical Tastes,1.05,2.116666667,2,0,500.0,C,0.3442344293166293,62.125255684340594
2000000698,Organic Oasis,1.5,3.062,1,0,65.0,C,0.4030188634371628,61.702187992229625
2000000932,Ocean Catch Inc,2.2,4.210666667,1,0,400.0,C,0.2114083333910999,61.62715539197367
2000001181,Fresh Harvest Ltd,7.6,13.5375,1,0,50.0,C,0.07579506499094549,61.56454153581724
2000000757,Highland Honey,1.74,3.620588235,1,0,180.0,C,0.3321008488211439,61.32242174095646
2000001110,Peak Protein Supplies,3.89,8.258571429,1,1,192.0,C,0.12358524403303857,61.23825390436015
2000000892,Savory Sauces Ltd,3.46,6.151666667,1,0,240.0,C,0.1932049372569494,61.124522015766374
2000000775,Urban Spices Ltd,1.85,3.994210526,1,0,32.0,C,0.25396199299107647,60.86265993493907
2000000832,Organic Oasis,2.09,4.118888889,1,0,25.0,C,0.23252111125274774,60.84393596578888
2000000426,Mountain Meat Co.,0.85,1.736511628,1,0,50.0,C,0.6075951834702447,60.49217646629756
2000000413,Sun-Kissed Fruits,0.75,1.473125,1,0,100.0,C,0.6550711967121253,60.41750128369625
2000000589,Artisan Bakery Wholesalers,0.95,2.08862069,2,0,330.0,C,0.5140810522614406,60.266882580903015
2000000550,Valley Veggies,0.75,1.624857143,1,0,40.0,C,0.599586632959683,60.17380908425537
2000000922,Green Leaf Distribution,3.1,6.567,1,0,500.0,C,0.19816639476734269,60.062709887858325
2000000675,Global Grains Co.,1.14,2.705263158,1,0,54.0,C,0.4864476184425251,60.00817820626924
2000000471,Mountain Meat Co.,0.83,1.54744186,2,0,200.0,C,0.6750502802604433,59.89046086470654
2000000587,Coastal Crustaceans,0.69,1.704848485,2,0,230.0,C,0.5985265678768492,59.42312595312488
2000000991,Golden Wheat Mills,2.99,5.231666667,1,0,100.0,C,0.17277440208529493,59.16423799029249
2000000790,Urban Spices Ltd,1.0,1.946153846,1,0,270.0,C,0.3700297121795972,59.12685295047386
2000001264,Eco-Groceries,15.85,29.28,2,0,80.0,C,0.03363190947009846,59.084538562977436
2000000640,Fresh Harvest Ltd,0.7,1.402432432,2,0,320.0,C,0.6641950794248316,59.082998868555336
2000000895,Pure Springs Beverages,1.89,3.816,1,0,200.0,C,0.24030431593890933,58.950081627035026
2000001044,Valley Veggies,1.49,2.714090909,1,0,80.0,C,0.16414988387555657,58.808337385495236
2000000669,Ocean Catch Inc,1.06,2.561304348,1,0,90.0,C,0.41581323257464,58.78933806962975
2000000899,Eco-Groceries,2.28,5.045714286,2,0,180.0,C,0.1941431631697559,58.77545592116031
2000000758,Fresh Harvest Ltd,0.97,2.654,1,0,67.0,C,0.3672771924614922,58.48522013341655
2000000520,Alpine Dairy Group,0.75,0.8852702703,2,0,320.0,C,1.1158314308841557,58.47849362977684
2000000880,Nature's Pantry,3.39,7.364285714,1,0,455.0,C,0.11308056663519245,58.2930321004417
2000000603,Ocean Catch Inc,0.82,2.278181818,1,0,100.0,C,0.5810118862343838,58.24063147613463
2000000652,Savory Sauces Ltd,1.25,2.35,2,0,520.0,C,0.42828173490538823,58.06511983298553
2000001008,Tropical Tastes,1.43,2.704736842,1,0,50.0,C,0.20706120211543166,58.04113733807311
2000000409,Green Leaf Distribution,0.55,1.180377358,1,0,70.0,C,0.7255227089291014,57.94302213515237
2000000926,Mediterranean Delights,2.12,4.31,1,0,200.0,C,0.20790521856273286,57.90000408990139
2000000498,Valley Veggies,0.55,1.28,1,0,100.0,C,0.7712368365260691,57.75021431618455
2000000719,Sun-Kissed Fruits,1.29,3.058947368,1,0,400.0,C,0.3639182727130687,57.68435456771111
2000000616,Green Leaf Distribution,0.95,2.087857143,1,0,400.0,C,0.47687965273236893,57.67941620825573
2000000869,Nordic Frozen Foods,1.65,3.106666667,1,0,92.0,C,0.2569729283828069,57.47970462066625
2000000610,Ocean Catch Inc,0.75,1.006181818,2,0,320.0,C,1.0272874364951048,56.8500867356391
2000000949,Organic Oasis,2.99,5.991,1,0,500.0,C,0.1894285859203462,56.7433329124397
2000001093,Ocean Catch Inc,3.0,7.17125,2,0,,C,0.115390962107228,56.74268137885927
2000000746,Bistro Basics,1.42,2.773,1,0,105.0,C,0.35767445657169256,56.676072461331636
2000000752,Bistro Basics,1.0,3.0995,1,0,180.0,C,0.30440395220933325,56.610002998030716
2000000565,City Deli Partners,0.75,1.571612903,1,0,110.0,C,0.6384265165956793,56.55298161552998
2000001215,Green Leaf Distribution,7.65,16.3825,2,0,50.0,C,0.042913367161180584,56.24225900144327
2000000521,Nature's Pantry,0.65,1.43627907,1,0,70.0,C,0.546069612964228,56.2087654944512
2000000745,Ocean Catch Inc,1.4,2.642777778,1,0,33.0,C,0.41350241751460487,56.20088571762788
2000001042,Bistro Basics,2.25,5.171,2,0,,C,0.180442425303798,55.984066863559555
2000000818,Highland Honey,1.35,2.946,1,0,168.0,C,0.2847999517993848,55.934710533399176
2000001228,Mountain Meat Co.,8.07,15.75333333,1,0,50.0,C,0.0590470909052746,55.81131032366555
2000000494,Bistro Basics,0.65,1.72125,1,0,32.0,C,0.5366733887192784,55.42494421721223
2000001031,Valley Veggies,2.84,5.274545455,1,0,40.0,C,0.15911743252187505,55.39196059843676
2000000614,Sun-Kissed Fruits,0.79,1.834333333,2,0,350.0,C,0.5367887715171641,55.38653643456705
2000000872,Bistro Basics,2.74,5.619166667,1,0,150.0,C,0.20499290419720262,55.290686120069495
2000000729,Highland Honey,1.11,2.473684211,2,0,320.0,C,0.4312468992877503,55.27801163094999
2000000957,Green Leaf Distribution,2.59,4.711818182,1,0,500.0,C,0.2130422297948067,55.20989385132415
2000000788,Pure Springs Beverages,2.25,5.49,1,0,920.0,C,0.18430510306236342,55.19100087252791
2000001017,Artisan Bakery Wholesalers,2.9,5.452222222,1,0,240.0,C,0.18723295104804277,55.12512543653973
2000000855,Alpine Dairy Group,1.4,3.44,2,0,750.0,C,0.26617742752770696,54.939021034851336
2000000504,Green Leaf Distribution,0.75,1.64,1,0,93.0,C,0.5580945322405939,54.91650197247444
2000000741,Riverside Rice,0.95,2.2752,1,0,31.0,C,0.3375368622581323,54.854562072121624
2000000911,City Deli Partners,1.82,3.492142857,1,0,83.0,C,0.26011662857464235,54.501865597847114
2000000706,City Deli Partners,1.09,2.178181818,1,0,70.0,C,0.43226097679813236,54.03638089556795
2000000626,Nordic Frozen Foods,1.07,2.305,1,0,76.0,C,0.42012008084741237,53.95242095011502
2000000799,Peak Protein Supplies,1.25,2.907368421,1,0,92.0,C,0.29201706302689884,53.770075205352974
2000000756,Nordic Frozen Foods,1.45,3.4975,1,0,250.0,C,0.2395133885953138,53.61267690317504
2000000639,Tropical Tastes,0.85,1.794,2,0,230.0,C,0.5299234233140432,53.47589745852063
2000000929,Ocean Catch Inc,1.98,5.135,1,0,500.0,C,0.18691598295271347,53.15890554357341
2000000986,Riverside Rice,1.69,4.583636364,2,0,350.0,C,0.19300620223599715,53.08021482822718
2000000945,Nordic Frozen Foods,1.75,4.000769231,1,0,32.0,C,0.22013993843842067,52.843745521942154
2000000849,Bistro Basics,0.38,0.7744927536,1,0,90.0,C,1.1848949811538303,52.76732316071724
2000000927,Coastal Crustaceans,2.29,4.4025,1,0,400.0,C,0.21628278228858658,52.73639716868376
2000000998,Fresh Harvest Ltd,2.56,4.830909091,1,0,70.0,C,0.18118220497911847,52.51648567822311
2000001027,Fresh Harvest Ltd,3.25,5.517272727,2,0,7.0,C,0.14389759151186857,52.39886896265204
2000000573,Eco-Groceries,1.11,2.485217391,2,0,320.0,C,0.36569542249017695,52.257875873846274
2000000648,Alpine Dairy Group,0.98,2.352,1,0,52.0,C,0.3843144037319525,52.14850832579329
2000000555,Pure Springs Beverages,1.15,2.469615385,1,0,100.0,C,0.44600444643014314,52.068991827780884
2000000602,Peak Protein Supplies,0.75,1.605833333,1,0,63.0,C,0.45014327688429046,52.045565673361665
2000000915,Mountain Meat Co.,3.29,4.1375,1,0,400.0,C,0.22659479669231822,51.92506917250506
2000000707,Golden Wheat Mills,1.23,2.677083333,1,0,56.0,C,0.309184091450807,51.82194228897847
2000000956,Bistro Basics,3.48,6.198571429,1,0,455.0,C,0.1990404728686361,51.81819669625708
2000000989,Riverside Rice,1.89,4.35,1,0,700.0,C,0.19784153751629,51.636641301140166
2000000935,Organic Oasis,2.38,4.235,1,0,1000.0,C,0.18838367929561778,51.55046927870228
2000000978,Eco-Groceries,1.98,3.80125,1,0,500.0,C,0.1693197403263054,51.49013303322947
2000000738,Golden Wheat Mills,1.25,2.916190476,1,0,280.0,C,0.279493943718546,51.34862734510614
2000000885,Savory Sauces Ltd,1.25,3.128,1,0,375.0,C,0.2728781604737196,51.2137731577077
2000000908,Nature's Pantry,1.65,3.400769231,1,0,50.0,C,0.2702919638273389,51.212604525058886
2000000831,Riverside Rice,2.4,5.852,1,0,336.0,C,0.2478758409757464,51.19656781979023
2000000537,Peak Protein Supplies,0.79,1.615151515,1,0,16.0,C,0.5592332526370308,51.09794120101201
2000001112,Highland Honey,2.83,5.70875,1,0,6.0,C,0.13050090358629046,51.08551084356887
2000000580,Alpine Dairy Group,0.75,1.607297297,1,0,40.0,C,0.4546292586308257,50.69400377337189
2000000796,Highland Honey,1.11,2.4365,2,0,315.0,C,0.32867403181977656,50.57774390176354
2000000659,Peak Protein Supplies,0.95,2.352727273,2,0,200.0,C,0.39020845665687676,50.49297429139985
2000000803,Artisan Bakery Wholesalers,0.75,1.909285714,1,0,70.0,C,0.45616064029787257,50.45451275587466
2000000946,Tropical Tastes,3.75,6.965555556,1,0,154.0,C,0.174362714651088,50.449839599054044
2000000543,City Deli Partners,0.89,1.746,2,0,230.0,C,0.4784383303396992,50.12119948925095
2000001062,Golden Wheat Mills,2.45,5.725555556,1,0,408.0,C,0.14553533615721923,49.996239147876715
2000000700,City Deli Partners,1.02,2.043333333,2,0,500.0,C,0.406802925794197,49.87403870236856
2000001189,Fresh Harvest Ltd,7.12,13.185,1,0,50.0,C,0.06299810289678,49.83779919915077
2000000574,Nature's Pantry,0.79,1.915806452,2,0,330.0,C,0.4473901822320568,49.81969298329221
2000000678,Mountain Meat Co.,1.13,1.895416667,1,0,67.0,C,0.45540653627890376,49.71946400080804
2000000894,Ocean Catch Inc,2.49,5.087,1,0,700.0,C,0.16270369162441167,49.66042074767085
2000000667,Coastal Crustaceans,0.64,1.258974359,1,0,125.0,C,0.7069008158394711,49.58404293959719
2000000715,Highland Honey,1.35,2.431052632,1,0,108.0,C,0.41125935860857826,49.55496463247494
2000000837,Tropical Tastes,2.69,3.281875,1,0,350.0,C,0.26728503030866396,49.535777446444015
2000000744,Riverside Rice,1.79,3.504705882,1,0,700.0,C,0.21969397973165317,49.08512741540896
2000001068,Global Grains Co.,3.39,7.35125,1,0,126.0,C,0.111011612928317,48.96444718459854
2000000760,Sun-Kissed Fruits,0.99,2.320454545,1,0,530.0,C,0.3182633248507929,48.74202820577314
2000001018,Valley Veggies,1.88,4.372727273,1,0,80.0,C,0.16864672957253685,48.671446144899846
2000000299,Coastal Crustaceans,0.74,0.8945098039,2,0,340.0,C,1.1330124753970714,48.45752729199552
2000000812,Mountain Meat Co.,0.82,1.8244,1,0,32.0,C,0.31807177417049426,48.35751206638748
2000000813,Fresh Harvest Ltd,0.85,2.454705882,2,0,315.0,C,0.34756114006342215,48.34575458282202
2000000808,Golden Wheat Mills,1.48,3.235555556,2,0,350.0,C,0.24887559940467463,48.315049697760834
2000000636,Peak Protein Supplies,1.39,2.999444444,1,0,40.0,C,0.25346110211581074,48.29775848767958
2000000953,City Deli Partners,2.55,5.021111111,1,0,340.0,C,0.16031465869426265,48.29746284262486
2000000687,Urban Spices Ltd,0.79,1.826,2,0,350.0,C,0.44036065662207896,48.24591353565529
2000000871,Mediterranean Delights,2.25,3.69,1,0,160.0,C,0.18624566415558233,48.107255051386915
2000000910,Riverside Rice,0.65,1.30025641,1,0,120.0,C,0.6629893586717862,48.02884339749468
2000000907,Peak Protein Supplies,1.35,3.012,1,0,250.0,C,0.24710161910943296,47.84593351268162
2000000993,Eco-Groceries,2.44,4.821818182,1,0,150.0,C,0.16449659999701788,47.5903618114264
2000000789,Alpine Dairy Group,1.49,2.883157895,1,0,50.0,C,0.2747113112886849,47.52216514992659
2000000588,Urban Spices Ltd,0.69,1.520857143,1,0,60.0,C,0.45973624330873886,47.364697218861956
2000000845,Ocean Catch Inc,1.06,2.610625,1,0,67.0,C,0.3015679171985845,47.23684462428868
2000000526,Golden Wheat Mills,0.64,1.403611111,1,0,80.0,C,0.559072728273864,47.08324159946392
2000000918,Tropical Tastes,1.35,3.089230769,1,0,375.0,C,0.2536302837056745,47.011348578705416
2000000742,Global Grains Co.,1.52,3.124375,1,0,60.0,C,0.32898089210705467,46.98787084694761
2000000549,Eco-Groceries,0.82,1.638,2,0,320.0,C,0.4909883822049487,46.91393991968285
2000000668,Peak Protein Supplies,0.65,1.630416667,1,0,25.0,C,0.49518426033086516,46.50374425247191
2000000889,Bistro Basics,1.75,3.663571429,1,0,220.0,C,0.1945361046911707,46.05118526803894
2000000578,Mountain Meat Co.,0.69,1.393333333,2,0,310.0,C,0.585837276976498,45.91499658590271
2000000653,Nordic Frozen Foods,0.73,1.575,1,0,80.0,C,0.39394601310045163,45.81895168105399
2000000960,Highland Honey,3.02,6.07,1,0,455.0,C,0.12528431471811,45.62854740729893
2000001165,Savory Sauces Ltd,3.89,8.254,1,1,192.0,C,0.09194074245748782,45.53273329646758
2000000972,Pure Springs Beverages,1.68,3.293846154,1,0,250.0,C,0.21231640221058715,45.45694171328671
2000000866,City Deli Partners,1.49,2.925625,1,0,50.0,C,0.25893960007139344,45.453610041850524
2000000973,Artisan Bakery Wholesalers,2.25,4.181,2,0,397.0,C,0.21644111800685237,45.24701571933249
2000001149,Ocean Catch Inc,3.57,10.484,2,0,,C,0.07184508047836596,45.19342942591907
2000000896,Nordic Frozen Foods,1.48,3.663333333,1,0,500.0,C,0.19173006075604127,45.15242931449807
2000000718,Organic Oasis,0.79,1.309677419,2,0,250.0,C,0.5733971660230647,45.05791923684095
2000000620,Mediterranean Delights,0.45,1.376206897,1,0,100.0,C,0.5437368471890217,44.89766394374575
2000000786,Pure Springs Beverages,0.99,2.069473684,2,0,320.0,C,0.36100270125307693,44.82513540561099
2000000997,Alpine Dairy Group,1.91,4.093,1,0,180.0,C,0.20019593665620783,44.69465284815495
2000001024,Bistro Basics,1.95,4.29,1,0,178.0,C,0.17348150362459466,44.654139024039836
2000000961,Green Leaf Distribution,2.19,3.840909091,1,0,368.0,C,0.22774192004979282,44.40967440287734
2000001070,Highland Honey,2.5,5.43625,1,0,200.0,C,0.13524748283056923,44.114347723289505
2000000823,Bistro Basics,0.99,2.588823529,1,0,63.0,C,0.2836898173743937,44.06537246158557
2000000982,Sun-Kissed Fruits,0.75,1.546,1,0,70.0,C,0.5303349631685104,43.92309926785462
2000001154,Eco-Groceries,3.55,8.14,2,0,,C,0.08962685761231089,43.77375725960359
2000000779,Global Grains Co.,0.7,1.953,1,0,80.0,C,0.3514625254964795,43.3519776140445
2000000888,Eco-Groceries,1.65,3.426666667,1,0,335.0,C,0.21046144272983197,43.27087262525345
2000000434,Highland Honey,0.47,1.036666667,1,0,75.0,C,0.8683162685602204,43.20741752355657
2000001140,Organic Oasis,3.6,7.345714286,1,0,30.0,C,0.08391091405423695,43.146992006688635
2000000769,Mediterranean Delights,0.85,1.645,1,0,158.0,C,0.362939725657603,42.98658111118516
2000000944,Savory Sauces Ltd,3.18,5.7175,1,0,300.0,C,0.14078035014103574,42.92862143633984
2000001163,Urban Spices Ltd,2.5,5.192857143,1,0,50.0,C,0.09806746240088139,42.777027100975545
2000000948,Coastal Crustaceans,3.59,7.93,1,0,150.0,C,0.23220158472816066,42.49288999871603
2000000884,City Deli Partners,1.35,3.677142857,1,0,250.0,C,0.1924666411548794,42.46364009172277
2000000835,Nordic Frozen Foods,1.05,2.245789474,1,0,300.0,C,0.2818163727493056,42.44154574103855
2000001103,Green Leaf Distribution,2.45,5.621428571,2,0,,C,0.1257908917853791,42.42747077434645
2000000444,Artisan Bakery Wholesalers,0.47,0.967804878,1,0,24.0,C,0.7776029397750407,42.07538816137654
2000000726,Savory Sauces Ltd,0.75,1.605925926,1,0,93.0,C,0.35542407052777003,42.0305119000448
2000000561,Golden Wheat Mills,0.75,1.570909091,1,0,105.0,C,0.44592143084120894,42.03012177237868
2000000995,Valley Veggies,2.55,5.13,1,0,320.0,C,0.1875944730323896,41.993875498085806
2000000792,Savory Sauces Ltd,0.79,1.664090909,2,0,355.0,C,0.4359480815777235,41.63493722073466
2000000749,Riverside Rice,0.89,2.07,2,0,340.0,C,0.316893250787797,41.54470517828019
2000000882,Nordic Frozen Foods,1.29,3.292666667,1,0,400.0,C,0.2100719760548263,41.50181958939149
2000000787,Global Grains Co.,0.95,1.84,2,0,355.0,C,0.37583565527628704,41.49225634665132
2000000785,City Deli Partners,0.99,2.058888889,2,0,500.0,C,0.33404340568219587,41.2654953819406
2000001003,Savory Sauces Ltd,1.95,4.235833333,1,0,144.0,C,0.14784989692497763,40.99205597488916
2000000850,Sun-Kissed Fruits,2.41,2.686470588,1,0,26.0,C,0.23924702994199137,40.974044460318545
2000001260,City Deli Partners,13.2,18.9,2,0,20.0,C,0.03600249191696389,40.826825837919735
2000001075,Artisan Bakery Wholesalers,2.73,5.368571429,1,0,180.0,C,0.143609287785877,40.4762777725685
2000000686,Global Grains Co.,0.7,1.396764706,2,0,320.0,C,0.48137898046106925,40.34239020132606
2000000897,Valley Veggies,1.78,3.31,1,0,270.0,C,0.20280684149484857,40.27743872663085
2000000674,Bistro Basics,0.85,1.942272727,1,0,400.0,C,0.39141589485993955,40.140482846465275
2000000984,Global Grains Co.,2.95,6.316666667,1,0,840.0,C,0.10581297272175134,40.10311666154376
2000001005,Fresh Harvest Ltd,1.15,3.329090909,1,1,200.0,C,0.2003033499991892,40.009683699839805
2000000947,Nordic Frozen Foods,0.75,1.89,1,0,80.0,C,0.30837285520782626,39.96512203493429
2000000701,Mediterranean Delights,0.9,2.004090909,1,0,80.0,C,0.34737630069482917,39.95431591034825
2000000938,Valley Veggies,2.76,6.89,1,0,500.0,C,0.10979602233631108,39.715966189531116
2000000736,Mountain Meat Co.,0.69,1.359310345,2,0,320.0,C,0.4489382034451007,39.32698662179082
2000000629,Eco-Groceries,0.59,1.551923077,1,0,60.0,C,0.4532708517642771,39.191740430104694
2000000811,Golden Wheat Mills,0.85,1.755,2,0,230.0,C,0.3348883718418358,39.18193950549479
2000001076,Valley Veggies,1.43,2.708461538,1,0,50.0,C,0.14737749251051666,38.91871134444437
2000000881,Eco-Groceries,1.75,2.759375,1,0,400.0,C,0.2193035733544783,38.72901105440087
2000000965,Savory Sauces Ltd,1.52,4.081818182,2,0,,C,0.17215056443279342,38.647801715162124
2000001085,Global Grains Co.,2.35,4.335555556,1,0,100.0,C,0.13191807562171204,38.60582484034549
2000001043,Riverside Rice,2.25,4.41625,1,0,397.0,C,0.10887277746395228,38.46475227801434
2000000702,Pure Springs Beverages,0.88,1.800869565,2,0,230.0,C,0.41776696405278363,38.45312811348066
2000001081,Nordic Frozen Foods,2.65,6.578,1,1,1000.0,C,0.15554577044438983,38.36925293396217
2000000783,Global Grains Co.,1.29,1.611304348,2,0,190.0,C,0.4625279296678984,38.0917446077607
2000001082,Golden Wheat Mills,2.25,4.03,2,0,1000.0,C,0.13965504807967924,37.989664463372165
2000000887,City Deli Partners,1.22,2.18,1,0,60.0,C,0.2878272805097806,37.64780829067931
2000001022,Bistro Basics,3.85,5.348571429,1,0,340.0,C,0.11698012101765316,37.540591968424984
2000000735,Sun-Kissed Fruits,1.08,2.388235294,2,0,330.0,C,0.2768831954121958,37.47152577911717
2000000734,Pure Springs Beverages,0.78,1.928095238,1,0,132.0,C,0.3237254333751294,37.45040799245425
2000000391,Tropical Tastes,0.45,0.8433333333,1,0,55.0,C,0.9297500290521687,37.4442593317686
2000000975,Global Grains Co.,2.35,4.613333333,1,0,397.0,C,0.13514278374250618,37.407522539925715
2000001041,Green Leaf Distribution,1.78,3.26,1,0,270.0,C,0.19087022981942833,37.33421694521334
2000000696,Artisan Bakery Wholesalers,0.79,1.549166667,1,0,40.0,C,0.39810172217750694,37.00355507639927
2000001092,Sun-Kissed Fruits,3.04,5.792857143,1,0,150.0,C,0.10642474512079923,36.99020068641773
2000001046,City Deli Partners,0.75,1.909411765,1,0,80.0,C,0.28460826319116467,36.95353689274082
2000001040,Organic Oasis,1.88,3.953333333,1,0,80.0,C,0.17235597717103604,36.79455399911386
2000000750,Urban Spices Ltd,0.59,1.525238095,1,0,60.0,C,0.3989956448103902,36.51380143793371
2000000819,Mediterranean Delights,4.16,8.765,1,0,240.0,C,0.06940257938386601,36.4988164961502
2000001052,Alpine Dairy Group,2.95,5.3,1,0,350.0,C,0.11476003935372768,36.4936925144854
2000000988,City Deli Partners,1.75,3.31,1,0,70.0,C,0.1836089513113272,36.46473773705953
2000001132,Urban Spices Ltd,2.99,6.583333333,1,1,360.0,C,0.09215814735238145,36.40246820419067
2000001026,Savory Sauces Ltd,0.79,1.724285714,1,0,16.0,C,0.41754244716241296,36.28610882529945
2000001104,Organic Oasis,1.78,4.524285714,1,0,500.0,C,0.13318805374030687,36.154848520717344
2000000904,Tropical Tastes,0.99,2.0325,1,0,90.0,C,0.2582240223992753,35.98905089838886
2000000511,Organic Oasis,0.31,0.8202631579,1,0,60.0,C,0.7295146606678861,35.90363995928652
2000000939,Green Leaf Distribution,0.98,3.169285714,1,0,400.0,C,0.17519221260618223,35.8766698714173
2000001073,Global Grains Co.,1.69,4.535,2,0,350.0,C,0.1315622610197823,35.798091232432284
2000000968,Nature's Pantry,1.45,3.464166667,2,0,750.0,C,0.17222174476325902,35.79628964904338
2000000604,Savory Sauces Ltd,0.38,1.205666667,1,0,55.0,C,0.4916452326513353,35.5656161299976
2000000877,Green Leaf Distribution,0.99,2.2575,1,0,250.0,C,0.24559315257588002,35.483298684163145
2000000800,Pure Springs Beverages,1.09,2.425333333,1,0,400.0,C,0.290639521461873,35.24488596927647
2000000950,Coastal Crustaceans,0.9,2.091428571,2,0,500.0,C,0.2595807203145626,35.07933918295883
2000000804,Pure Springs Beverages,0.91,1.791,2,0,345.0,C,0.3427286534367789,35.07582961744406
2000000772,Artisan Bakery Wholesalers,0.87,2.003684211,1,0,130.0,C,0.30618733095732764,34.96965507213336
2000000843,Nordic Frozen Foods,1.29,2.7825,1,0,100.0,C,0.2783648287053776,34.85475610991525
2000001098,Eco-Groceries,1.97,3.82875,2,0,750.0,C,0.13272617999304756,34.84631050307574
2000000740,Urban Spices Ltd,0.56,1.514,1,0,90.0,C,0.322014966263603,34.82361849450679
2000001151,Organic Oasis,3.09,7.596,1,1,312.0,C,0.07629067364047834,34.77023741977522
2000001096,Organic Oasis,3.32,7.28,1,0,500.0,C,0.07859329472876356,34.32955113580744
2000000722,Ocean Catch Inc,0.99,2.129473684,1,0,50.0,C,0.3098819470233011,34.194064296608076
2000000917,Mediterranean Delights,1.39,3.065384615,1,0,40.0,C,0.18527749002339927,34.076806044445696
2000000962,Fresh Harvest Ltd,1.39,2.991666667,1,0,40.0,C,0.18936809238120916,33.99157258242704
2000000763,Global Grains Co.,0.85,2.019473684,2,0,500.0,C,0.2946453459724688,33.916625778282544
2000000983,Mediterranean Delights,1.65,3.344,1,0,200.0,C,0.1840194243428499,33.56514300623857
2000000773,Organic Oasis,1.25,2.585333333,1,0,80.0,C,0.2882474133125002,33.53470406812975
2000000951,Alpine Dairy Group,1.74,3.767272727,1,0,180.0,C,0.16151978747948348,33.46689996574897
2000000937,Savory Sauces Ltd,1.38,2.863571429,1,0,275.0,C,0.18019378048974144,33.34139380948779
2000001089,Tropical Tastes,2.29,4.48,1,0,400.0,C,0.12353723052403881,33.20680757316334
2000001158,Urban Spices Ltd,2.99,6.25,1,0,250.0,C,0.08846237398343353,33.17339024511451
2000000867,Mediterranean Delights,1.09,2.152142857,1,0,150.0,C,0.27512777525651144,33.158399473914756
2000000940,Alpine Dairy Group,1.11,2.464,2,0,315.0,C,0.19298033161776315,32.91947564074712
2000001186,Highland Honey,2.5,4.935,1,0,60.0,C,0.055263015716078084,32.7267579054251
2000001317,Riverside Rice,15.69,31.92,2,0,70.0,C,0.017065465763486568,32.68378002369272
2000000839,Global Grains Co.,1.09,2.606363636,1,0,110.0,C,0.32276563088101784,32.660084606285125
2000001063,Sun-Kissed Fruits,1.69,4.423333333,2,0,350.0,C,0.1230402255000288,32.65487584770764
2000000768,Highland Honey,1.75,3.716,2,0,108.0,C,0.1609516055137244,32.6234272471497
2000000503,Bistro Basics,0.55,1.159142857,1,0,70.0,C,0.5223489177646741,32.602608605712035
2000000898,Riverside Rice,1.0,1.982857143,1,0,270.0,C,0.27351820461744575,32.540851548278525
2000000958,Coastal Crustaceans,0.56,1.330952381,2,0,330.0,C,0.4059038179096682,32.41431917307207
2000000662,Nordic Frozen Foods,1.38,1.4328,1,0,50.0,C,0.37571181967595063,32.29919371131819
2000000693,Tropical Tastes,0.65,1.463846154,1,0,40.0,C,0.3389931922679719,32.25520224429753
2000000807,Fresh Harvest Ltd,0.86,1.7845,2,0,350.0,C,0.2860449162955011,32.23876756266887
2000000716,Pure Springs Beverages,0.65,1.47,1,0,60.0,C,0.43748670822417646,31.875661987209835
2000001097,Bistro Basics,3.98,9.03,1,0,520.0,C,0.058244921375949124,31.557098401489235
2000001054,Coastal Crustaceans,1.59,3.464444444,1,0,260.0,C,0.1517983215586084,31.55381110798273
2000001159,Artisan Bakery Wholesalers,4.25,7.49,1,0,1000.0,C,0.07006617852174071,31.48774062892979
2000000780,Nordic Frozen Foods,0.79,1.800526316,2,0,340.0,C,0.2904255072657344,31.375126113205063
2000000767,Artisan Bakery Wholesalers,0.92,1.823333333,2,0,345.0,C,0.31345269214127086,31.309835434259796
2000000836,Urban Spices Ltd,0.99,2.179375,1,0,90.0,C,0.2537862858321031,31.233627487081964
2000001270,Ocean Catch Inc,14.62,29.4,2,0,47.0,C,0.017651224983961274,31.13676086548033
2000001001,Nature's Pantry,3.35,7.49,1,0,510.0,C,0.05533243621765225,31.082996043712004
2000000890,Coastal Crustaceans,3.8,6.122,1,0,50.0,C,0.016894758483520355,31.0289134246277
2000001000,Mediterranean Delights,0.85,1.8905,1,0,60.0,C,0.28709367984502887,31.014320099830126
2000000959,Urban Spices Ltd,0.79,1.683125,2,0,250.0,C,0.3261239385457429,30.997121174365038
2000001091,Tropical Tastes,3.18,5.83,1,0,455.0,C,0.12391532549509449,30.96112917557114
2000000739,Global Grains Co.,1.0,2.167142857,1,0,45.0,C,0.35394251653561093,30.681759861972672
2000000878,Riverside Rice,0.95,2.041333333,2,0,500.0,C,0.24914533660574933,30.51532082747218
2000001072,Savory Sauces Ltd,0.66,1.395714286,1,0,80.0,C,0.3642811729174599,30.505946223459283
2000000900,Green Leaf Distribution,1.33,2.565454545,1,0,89.0,C,0.2517817693208792,30.451206562501074
2000001032,Golden Wheat Mills,1.35,2.786,1,0,,C,0.18100834529502746,30.25735499346532
2000001117,Coastal Crustaceans,1.75,3.54125,1,0,500.0,C,0.10642870565558876,30.15125231222829
2000000826,Global Grains Co.,0.99,1.821052632,2,0,355.0,C,0.2738460384574215,29.92128293567182
2000001080,Peak Protein Supplies,1.79,3.9125,1,0,180.0,C,0.12732725662061375,29.8900734991616
2000001037,Alpine Dairy Group,1.25,3.26,1,0,250.0,C,0.15125762048258423,29.585990560476283
2000000996,Green Leaf Distribution,1.27,2.612307692,1,0,8.0,C,0.15968973730432692,29.580346253677927
2000000830,Savory Sauces Ltd,1.21,2.393571429,2,0,200.0,C,0.23513187087978157,29.547258720737144
2000000720,City Deli Partners,0.88,1.782941176,1,0,55.0,C,0.3554015210895494,29.378782099758954
2000001137,Nordic Frozen Foods,2.38,4.355,1,0,400.0,C,0.11159253975624824,29.159130638307662
2000001231,Valley Veggies,2.9,10.11333333,2,0,172.0,C,0.04732884159449535,28.719141079539778
2000000851,Savory Sauces Ltd,2.64,5.158333333,1,0,255.0,C,0.09261698465366752,28.664956750310097
2000001088,Mountain Meat Co.,2.3,4.674285714,2,0,350.0,C,0.11662674473447164,28.62020316499439
2000000974,Pure Springs Beverages,0.69,1.83,2,0,230.0,C,0.222742515551399,28.533316242134212
2000000572,Nature's Pantry,0.35,0.8913333333,1,0,55.0,C,0.5684671147110713,28.501519965607677
2000001232,Mountain Meat Co.,3.99,9.99,1,1,320.0,C,0.04752730402676452,28.48786603364265
2000001301,Fresh Harvest Ltd,12.47,26.04,2,0,,C,0.01815555347551907,28.36623674447775
2000001067,Artisan Bakery Wholesalers,1.35,2.951,1,0,200.0,C,0.1757098773993072,28.28290081634356
2000000919,Tropical Tastes,0.65,1.272083333,2,0,455.0,C,0.3080017694562335,28.209882067317416
2000001157,Organic Oasis,1.59,4.782,2,0,350.0,C,0.09819372722968185,28.173744217867267
2000000971,Bistro Basics,0.59,1.751875,1,0,180.0,C,0.20076010686793558,28.13652897754117
2000000963,Pure Springs Beverages,1.1,1.996923077,2,0,500.0,C,0.23464545783623889,28.114135774576724
2000001051,Bistro Basics,3.25,6.456,1,0,250.0,C,0.07233591793615361,28.020041172869266
2000001028,Urban Spices Ltd,1.39,3.17,1,0,500.0,C,0.18410746066941086,28.0137912098548
2000000540,Organic Oasis,0.47,1.049090909,1,0,75.0,C,0.4578727895888413,27.97333407288219
2000001136,Savory Sauces Ltd,1.69,4.542857143,2,0,350.0,C,0.0879168985856843,27.957573750247604
2000000954,Urban Spices Ltd,1.75,3.182222222,2,0,120.0,C,0.16243608170388382,27.913016274412794
2000001263,Artisan Bakery Wholesalers,6.75,14.28,2,0,,C,0.032567268052229835,27.903635269940885
2000000985,Golden Wheat Mills,1.0,2.586363636,1,0,64.0,C,0.17911200162832824,27.794926075922376
2000000901,Savory Sauces Ltd,1.11,2.425714286,2,0,315.0,C,0.19091780885027254,27.786723383492056
2000001101,Ocean Catch Inc,0.75,1.862142857,1,0,80.0,C,0.26545374849950953,27.681516893528855
2000001293,Artisan Bakery Wholesalers,13.2,31.5,2,0,,C,0.014380234386218039,27.178642984516365
2000000834,Highland Honey,0.79,1.875882353,2,0,230.0,C,0.2400981485819892,27.02375279710739
2000001272,Peak Protein Supplies,14.5,29.4,2,0,,C,0.015285819875058882,26.96418625421103
2000001170,Sun-Kissed Fruits,2.6,4.981666667,2,0,30.0,C,0.06010885266973942,26.94980409313018
2000001114,Global Grains Co.,1.35,3.247777778,2,0,750.0,C,0.10699019293969779,26.805628617718675
2000001011,Valley Veggies,1.25,2.448333333,1,0,43.0,C,0.16689644620107905,26.745914128795814
2000001090,City Deli Partners,2.39,3.104444444,1,0,260.0,C,0.11125683970446754,26.644423718182935
2000000484,Mountain Meat Co.,0.34,0.7680952381,1,0,60.0,C,0.5635013940536538,26.60276337520629
2000001056,Ocean Catch Inc,3.52,7.5575,1,0,250.0,C,0.05835983438607304,26.463266901041656
2000000966,Nordic Frozen Foods,0.92,1.84,2,0,345.0,C,0.2561563405058349,26.39434932572123
2000000920,Fresh Harvest Ltd,0.89,1.795882353,2,0,230.0,C,0.2731856866214234,26.33797582633934
2000000936,Global Grains Co.,0.87,2.102142857,2,0,500.0,C,0.2535379916843723,26.335140339349113
2000000665,Sun-Kissed Fruits,0.36,0.8210344828,1,0,60.0,C,0.4597065297030454,26.269469931249265
2000001218,Green Leaf Distribution,4.37,8.106666667,1,0,180.0,C,0.053868839166704985,26.201803370685305
2000000876,Nordic Frozen Foods,1.05,2.056666667,2,0,500.0,C,0.1696159277026448,26.16325684813296
2000000891,Artisan Bakery Wholesalers,0.79,1.543333333,1,0,30.0,C,0.2762594198597917,25.58162227901671
2000001036,Eco-Groceries,0.99,1.846666667,2,0,350.0,C,0.23086961984561383,25.58035387889401
2000000840,Sun-Kissed Fruits,0.39,1.15037037,2,0,150.0,C,0.36470779516246854,25.172942483880608
2000000858,Tropical Tastes,0.85,1.929090909,1,0,85.0,C,0.31600356480360564,25.145983666103668
2000001115,Savory Sauces Ltd,1.59,3.54,1,0,207.0,C,0.10342661540535532,25.10607212093823
2000000980,City Deli Partners,1.9,4.01,1,0,80.0,C,0.1787507023013215,25.087661067990474
2000001074,Mountain Meat Co.,1.35,3.6375,1,0,250.0,C,0.11487976051801467,25.07250773932483
2000001247,Highland Honey,7.12,13.05,1,0,50.0,C,0.031223664643243478,24.448129418104457
2000001064,Mediterranean Delights,1.99,3.08,1,0,150.0,C,0.16991210715006116,24.42203353436879
2000001006,Tropical Tastes,1.35,2.754545455,1,0,30.0,C,0.1477603729182708,24.420759819477983
2000001038,Ocean Catch Inc,1.19,2.437272727,1,0,480.0,C,0.15056530403143992,24.219934801653437
2000001099,City Deli Partners,1.99,4.198333333,1,0,240.0,C,0.11100367794702569,23.967279828742868
2000001116,Green Leaf Distribution,1.59,3.08125,1,0,335.0,C,0.14559735423595901,23.926498546109265
2000001201,Peak Protein Supplies,0.78,1.557857143,2,0,,C,0.07277219574117794,23.807423835535992
2000000481,Ocean Catch Inc,0.37,0.7872222222,1,0,60.0,C,0.5734841736716093,23.784207047774945
2000001078,Green Leaf Distribution,2.04,3.352857143,1,0,150.0,C,0.13391201007362974,23.57186157910364
2000001292,Fresh Harvest Ltd,8.23,26.16,1,0,,C,0.014981939766994187,23.515652653570942
2000001197,Nature's Pantry,2.47,5.26,2,0,,C,0.07436803867421105,23.470553004407478
2000000713,Green Leaf Distribution,0.29,0.9647826087,1,0,74.0,C,0.40494257398912126,23.440893176347732
2000001166,Highland Honey,0.39,0.9945,1,0,60.0,C,0.3911505770625325,23.33995493565531
2000001256,Peak Protein Supplies,1.43,2.6025,1,0,50.0,C,0.037332214162865716,23.317700968457697
2000001121,Valley Veggies,1.05,2.9975,1,1,300.0,C,0.09721020084280424,23.311006162104455
2000001174,Golden Wheat Mills,2.89,6.19,1,0,220.0,C,0.06268597412798695,23.281570789970278
2000000586,Artisan Bakery Wholesalers,0.42,0.8775757576,1,0,55.0,C,0.4146421533513401,23.24136147150986
2000000903,Green Leaf Distribution,0.78,1.606428571,2,0,,C,0.23984689535780004,23.11781433157507
2000001203,Artisan Bakery Wholesalers,1.59,4.78,2,0,350.0,C,0.0799454345865363,22.928350638272196
2000001160,Urban Spices Ltd,2.91,5.7925,1,0,6.0,C,0.08211645689580716,22.83165967622349
2000001227,City Deli Partners,3.02,6.376666667,2,0,300.0,C,0.05939882800543921,22.72599159488104
2000000933,Artisan Bakery Wholesalers,0.99,2.215,1,0,200.0,C,0.1827417504966173,22.418195665166834
2000001245,Alpine Dairy Group,4.82,11.21,1,1,764.0,C,0.033213879085644306,22.339655075238326
2000001033,Fresh Harvest Ltd,0.55,1.638666667,1,0,200.0,C,0.1514088345887427,22.32977492068182
2000001045,Urban Spices Ltd,0.95,2.015,1,0,60.0,C,0.1831303965581438,22.140464939451494
2000000883,Artisan Bakery Wholesalers,0.78,1.638666667,2,0,,C,0.22491324053913145,22.113469809807402
2000001297,Pure Springs Beverages,13.39,26.88,2,0,200.0,C,0.013673589061332486,22.05276443370648
2000001156,Highland Honey,1.88,4.382,1,0,80.0,C,0.08337419193980826,21.92074254569122
2000001004,Highland Honey,1.15,2.329090909,1,0,400.0,C,0.15415792388264993,21.54286914868138
2000000977,Nordic Frozen Foods,0.65,1.285263158,2,0,320.0,C,0.08812651804574712,21.520495706771445
2000000967,Pure Springs Beverages,0.93,2.031818182,1,0,100.0,C,0.19245664261200146,21.507029811891165
2000001050,Organic Oasis,0.92,1.81,2,0,345.0,C,0.19675976101776105,21.368110046528848
2000000523,Green Leaf Distribution,0.6,0.7397058824,1,0,79.0,C,0.5089893066053397,21.335135101873824
2000001125,Peak Protein Supplies,0.48,1.12952381,1,0,80.0,C,0.28465595049575426,21.322228879100685
2000001023,Coastal Crustaceans,0.96,2.073636364,2,0,500.0,C,0.1862431425183958,21.24103040422304
2000001009,Eco-Groceries,0.99,2.053333333,1,0,50.0,C,0.20969813603621862,21.13757211629403
2000000747,Global Grains Co.,0.6,0.8935,1,0,79.0,C,0.4097870081236179,20.922553814768722
2000001055,Eco-Groceries,1.12,2.7,1,0,63.0,C,0.12892037714235294,20.885101097061177
2000000923,Coastal Crustaceans,0.54,1.383076923,1,0,90.0,C,0.2516161028856702,20.88026551933081
2000001002,Nordic Frozen Foods,0.98,1.772307692,2,0,350.0,C,0.18093555893264032,20.843776389040162
2000000870,Artisan Bakery Wholesalers,0.78,1.632,2,0,,C,0.212355786824951,20.793878645899202
2000001266,Green Leaf Distribution,9.0,20.16,2,0,,C,0.017171560016500883,20.770718991805325
2000000930,Artisan Bakery Wholesalers,2.24,3.05375,1,0,500.0,C,0.1832530969215142,20.662491494325426
2000001102,Artisan Bakery Wholesalers,0.83,1.656363636,2,0,320.0,C,0.22674276616491593,20.656265997623837
2000001142,Pure Springs Beverages,1.31,2.552222222,1,0,140.0,C,0.134343714012704,20.572500739145404
2000001168,Urban Spices Ltd,1.98,3.804,1,0,397.0,C,0.12558949488303683,20.474675931367468
2000001193,Bistro Basics,2.1,4.785,2,0,360.0,C,0.07126622012137875,20.46053179582481
2000001319,Bistro Basics,4.05,8.815,2,0,250.0,C,0.019222147792998415,20.333187931367085
2000001135,Eco-Groceries,1.0,2.806666667,2,0,,C,0.11979837524104996,20.17404639059281
2000001020,Coastal Crustaceans,1.49,3.17,1,0,23.0,C,0.17677223251933524,20.17324717107189
2000001127,Highland Honey,3.09,5.145,1,0,510.0,C,0.09787144843298494,20.141944087508296
2000001047,Global Grains Co.,0.92,1.825,2,0,345.0,C,0.22807975368776245,19.97978642304799
2000000976,Organic Oasis,0.79,2.050833333,2,0,230.0,C,0.1613532442214381,19.854516701447956
2000001107,Sun-Kissed Fruits,0.95,1.783,2,0,245.0,C,0.1854102808333727,19.835191839587168
2000001312,Savory Sauces Ltd,7.95,18.48,2,0,,C,0.017811839939377107,19.749768120831384
2000001155,Green Leaf Distribution,1.52,3.83,2,0,,C,0.08581013692668611,19.719169466541235
2000001057,Riverside Rice,0.85,2.572222222,1,0,70.0,C,0.12673319942269937,19.559157110903268
2000000847,Ocean Catch Inc,0.71,1.170625,2,0,238.0,C,0.2782201890627374,19.541490526851334
2000001169,Pure Springs Beverages,0.75,1.869,1,0,50.0,C,0.20750643803203755,19.39147663409391
2000001187,Peak Protein Supplies,2.09,4.385,2,0,,C,0.07327991249751123,19.279944977131205
2000001242,Ocean Catch Inc,4.34,11.64,2,0,,C,0.02743918237552996,19.163524972986476
2000001126,Highland Honey,2.45,4.85,1,0,500.0,C,0.0984798153538786,19.105084178652447
2000001129,Riverside Rice,2.35,4.644,1,0,350.0,C,0.06843702479677187,19.069292590135287
2000000934,Alpine Dairy Group,0.69,1.362142857,1,0,50.0,C,0.2159499117898592,19.006914540918697
2000001053,Bistro Basics,0.85,2.055555556,1,0,400.0,C,0.1537581545148684,18.963505723500436
2000001146,Valley Veggies,1.23,3.452,1,0,113.0,C,0.09127310564866005,18.904485642706653
2000001133,Organic Oasis,0.75,1.914166667,1,0,50.0,C,0.16340501718499037,18.767066223696144
2000001162,Savory Sauces Ltd,1.0,2.675,2,0,,C,0.09739313751198397,18.757918285558432
2000001065,Valley Veggies,1.51,3.312857143,1,0,228.0,C,0.12071561576778786,18.662634197700005
2000001244,Golden Wheat Mills,4.29,8.03,1,0,454.0,C,0.03845256910485902,18.52644779657372
2000001035,Highland Honey,0.73,2.063333333,1,0,40.0,C,0.16463527967144678,18.343662857323867
2000001145,Nordic Frozen Foods,1.75,3.688,1,0,100.0,C,0.08224824192223314,18.199890973279746
2000001288,Highland Honey,10.43,21.0,2,0,50.0,C,0.014243039022449848,17.946229164697563
2000001144,Valley Veggies,3.29,7.136666667,1,0,455.0,C,0.0418568347724162,17.92309664954862
2000001084,Tropical Tastes,0.79,1.822,2,0,340.0,C,0.2121351771664501,17.838936587898875
2000001306,Ocean Catch Inc,8.35,19.32,2,0,,C,0.01537779185265864,17.82593631203671
2000001087,Savory Sauces Ltd,1.11,2.454285714,2,0,320.0,C,0.13594639640284656,17.516693180885955
2000001119,Bistro Basics,0.77,1.623,2,0,250.0,C,0.21427858454382842,17.38870713573168
2000001202,Ocean Catch Inc,1.52,3.995,2,0,,C,0.07249445433384949,17.37692070295488
2000001100,Organic Oasis,1.22,2.525,1,0,60.0,C,0.13336360050601237,17.318216117904118
2000001066,Golden Wheat Mills,1.78,4.2,1,0,,C,0.05424420012760747,17.086923039342008
2000001191,Artisan Bakery Wholesalers,1.04,2.927142857,2,0,750.0,C,0.05520280582735861,16.96658237019034
2000000987,Fresh Harvest Ltd,0.65,1.744545455,1,0,80.0,C,0.16120021361478393,16.873265999073524
2000001265,Nordic Frozen Foods,4.16,8.32,2,0,250.0,C,0.03363241758535405,16.78930286028767
2000001152,Organic Oasis,2.25,3.854,1,0,1000.0,C,0.0719479868669292,16.637252483774198
2000001122,Fresh Harvest Ltd,0.77,1.623,2,0,250.0,C,0.15268341018838855,16.52034498238364
2000001176,Organic Oasis,1.85,3.262,1,0,226.0,C,0.10056857304674194,16.40273426392361
2000001236,Riverside Rice,0.8,1.505454545,2,0,25.0,C,0.03265684092297325,16.2239185721555
2000001305,Savory Sauces Ltd,7.38,16.29,2,0,30.0,C,0.01657672657461558,16.20209255078885
2000001138,Tropical Tastes,1.18,2.485,1,0,80.0,C,0.1084705923529079,16.17296531981857
2000001111,Artisan Bakery Wholesalers,1.25,2.668571429,1,0,200.0,C,0.10097687274209365,16.167839848143267
2000001195,Valley Veggies,1.65,3.92,1,0,210.0,C,0.06861286481608327,16.1377458039359
2000001148,Artisan Bakery Wholesalers,2.15,4.57,1,0,1000.0,C,0.07278553868783752,15.966235767202688
2000001199,Highland Honey,4.35,8.69,2,0,,C,0.06105567443354675,15.917214324029777
2000001192,Coastal Crustaceans,1.25,2.67,1,0,100.0,C,0.07939256027768857,15.898360194812218
2000001216,Mediterranean Delights,2.28,5.03,2,0,180.0,C,0.05261181152762108,15.878244719036042
2000001308,Nordic Frozen Foods,8.25,16.71,2,0,200.0,C,0.015822366042139175,15.863504190676037
2000001271,Fresh Harvest Ltd,8.06,17.81,2,0,100.0,C,0.014756517257339194,15.768814338038899
2000001314,Nordic Frozen Foods,6.75,14.28,2,0,,C,0.018331119820752504,15.706103459279523
2000001095,Valley Veggies,0.95,1.96,1,0,100.0,C,0.11530582535394142,15.497102923141982
2000001281,Valley Veggies,6.75,14.28,2,0,,C,0.018043340670195397,15.45953428313151
2000001048,Organic Oasis,0.79,1.7675,1,0,10.0,C,0.16263274009734766,15.330846299843307
2000001173,Ocean Catch Inc,2.2,4.37,1,0,500.0,C,0.05814400732571615,15.245358720040509
2000000771,Sun-Kissed Fruits,0.36,0.9029411765,1,0,60.0,C,0.33085687807979164,15.235959237098001
2000001139,Fresh Harvest Ltd,0.79,1.84,2,0,340.0,C,0.1372145870796582,15.148490417381389
2000001230,Ocean Catch Inc,1.49,3.012,1,0,250.0,C,0.049809594874746885,15.002649976273762
2000001217,Riverside Rice,2.42,5.046666667,1,0,23.0,C,0.0492844815708388,14.923341019649987
2000001294,Golden Wheat Mills,8.05,14.37,2,0,,C,0.017220049524694817,14.847126697222444
2000001083,Ocean Catch Inc,0.78,1.63,2,0,,C,0.15089048432524152,14.75708937069789
2000001246,Alpine Dairy Group,2.65,4.55,1,0,230.0,C,0.03552916902980828,14.549194719161411
2000001198,Mediterranean Delights,1.19,2.702,1,0,275.0,C,0.0890409248296856,14.435314733966043
2000001226,Global Grains Co.,1.75,3.435,1,0,210.0,C,0.05247818144829294,14.4210042619909
2000001179,Organic Oasis,1.45,3.7275,1,0,250.0,C,0.07987159833430227,14.290626374544988
2000001261,Global Grains Co.,3.0,5.95,2,0,,C,0.03972446147383293,14.181632747576518
2000001172,Organic Oasis,1.55,3.725,1,0,500.0,C,0.0631405161125262,14.111905350444012
2000001131,Global Grains Co.,0.77,1.652222222,2,0,250.0,C,0.142090841793405,14.085938783119548
2000001167,Ocean Catch Inc,0.85,2.468,2,0,320.0,C,0.09464764778698556,14.015423684857439
2000001182,Golden Wheat Mills,1.75,3.54,1,0,190.0,C,0.06514038231748755,13.835817203542565
2000001123,Valley Veggies,1.3,2.7,1,0,80.0,C,0.1261165763265112,13.620590243263207
2000001147,Organic Oasis,1.45,2.9975,1,0,50.0,C,0.0944748719253839,13.593044573167957
2000001268,Fresh Harvest Ltd,6.86,15.12,2,0,100.0,C,0.014981495489891477,13.591212705711305
2000001239,Highland Honey,2.69,5.6,1,0,180.0,C,0.039793955911274145,13.37076918752519
2000000912,City Deli Partners,1.48,2.79,1,0,54.0,C,0.2779722152987771,13.295013956475083
2000001209,Artisan Bakery Wholesalers,0.26,0.9014285714,1,0,60.0,C,0.2456323260380116,13.285199807325197
2000001143,Pure Springs Beverages,1.38,3.0225,1,0,100.0,C,0.09114080299458771,13.222707698983694
2000001128,Global Grains Co.,2.64,5.14,1,0,255.0,C,0.05699868931394234,13.183796837655674
2000001237,Fresh Harvest Ltd,2.98,6.21,1,0,180.0,C,0.035267390946817787,13.140629868098369
2000000814,Urban Spices Ltd,0.69,0.8133333333,2,0,340.0,C,0.26799950216047164,13.078375705431016
2000001318,Bistro Basics,8.05,15.96,2,0,,C,0.013540704388708214,12.96657852003367
2000001291,Mediterranean Delights,6.75,14.28,2,0,,C,0.015027130176068429,12.87524513228038
2000000638,Coastal Crustaceans,0.6,0.89,1,0,79.0,C,0.3769213160915027,12.672932249920969
2000001059,Savory Sauces Ltd,0.79,1.47,1,0,30.0,C,0.14264977293991704,12.581709973300685
2000001213,City Deli Partners,2.23,4.47,1,0,270.0,C,0.04686072867868416,12.568047431623093
2000001185,Peak Protein Supplies,1.39,2.9475,1,0,300.0,C,0.07051240077228908,12.470118075955817
2000001141,Bistro Basics,2.71,6.475,1,1,400.0,C,0.09619805447420975,12.45764805441016
2000001153,Tropical Tastes,1.05,2.343333333,2,0,200.0,C,0.10199497361520381,12.291851388171748
2000001210,Alpine Dairy Group,2.05,4.133333333,1,0,127.0,C,0.04856460506120478,12.044022055178786
2000001178,Nordic Frozen Foods,1.3,2.6825,1,0,80.0,C,0.05334170491828029,11.44712987546295
2000001130,Artisan Bakery Wholesalers,1.26,2.686,1,0,48.0,C,0.0844162941105206,11.337108299042916
2000001249,Urban Spices Ltd,3.79,9.52,1,1,450.0,C,0.039664150457373315,11.328081371758627
2000001014,Urban Spices Ltd,1.25,1.271111111,1,0,100.0,C,0.16342887997933547,11.217758319538035
2000001320,Mediterranean Delights,5.25,10.92,2,0,340.0,C,0.01683981622691053,11.033447589665089
2000001164,Bistro Basics,1.45,3.0725,1,0,57.0,C,0.07419439417346084,10.942189253139691
2000001175,Riverside Rice,0.93,1.714285714,2,0,350.0,C,0.10486310358334162,10.785919222633447
2000001257,Savory Sauces Ltd,2.85,5.21,1,0,170.0,C,0.0344733112804946,10.776357107360248
2000001211,Mountain Meat Co.,1.65,3.195,1,0,90.0,C,0.04095313144643752,10.46762039770943
2000001307,Sun-Kissed Fruits,5.25,10.24,2,0,340.0,C,0.016977064532555916,10.430708446716212
2000001300,Mountain Meat Co.,0.7,4.495,1,0,127.0,C,0.019207371737766855,10.360456313279352
2000001194,Nordic Frozen Foods,0.9,2.09,2,0,500.0,C,0.0824377578117467,10.337694830006544
2000001105,Golden Wheat Mills,0.72,1.2975,1,0,100.0,C,0.11539811330555248,10.267134992309117
2000001206,Artisan Bakery Wholesalers,1.09,2.63,1,0,400.0,C,0.06389221657279277,10.08219177468259
2000001150,Artisan Bakery Wholesalers,0.95,2.26,2,0,330.0,C,0.07385513398566759,10.014756168857117
2000001177,Global Grains Co.,0.85,1.86,2,0,340.0,C,0.08941388444698853,9.978589504283919
2000001251,Valley Veggies,1.98,4.29,1,0,410.0,C,0.03866320675161343,9.951909418860488
2000001204,Valley Veggies,1.65,3.79,1,0,210.0,C,0.05731587154956001,9.775221892288698
2000001183,Fresh Harvest Ltd,1.4,2.9075,1,0,15.0,C,0.055220517075583994,9.633219203353967
2000001235,Green Leaf Distribution,2.42,4.65,1,0,23.0,C,0.032996197797856786,9.205939186522638
2000001225,Fresh Harvest Ltd,1.85,3.486666667,1,0,210.0,C,0.014448569939983417,9.067922492520008
2000001109,Nordic Frozen Foods,0.78,1.597142857,2,0,,C,0.09432889050284672,9.039402818747252
2000001315,Global Grains Co.,3.95,9.8,1,0,225.0,C,0.015367644272687084,9.036174830532772
2000001214,Urban Spices Ltd,0.8,1.696,2,0,25.0,C,0.05290326605526059,8.972393922972197
2000001267,Golden Wheat Mills,1.95,4.115,1,0,410.0,C,0.03586370225414918,8.854748087434908
2000001233,Eco-Groceries,1.49,3.26,1,0,200.0,C,0.04519196997120304,8.839549326367313
2000001207,Artisan Bakery Wholesalers,0.97,2.0725,2,0,330.0,C,0.07101716562387658,8.830984544887503
2000001205,Pure Springs Beverages,0.99,1.9725,2,0,500.0,C,0.07435740050088974,8.80019834884029
2000001243,Pure Springs Beverages,2.14,4.76,1,0,300.0,C,0.030434951000710704,8.6922220066722
2000001286,Tropical Tastes,3.6,8.96,1,1,270.0,C,0.01554761329653315,8.358396906544543
2000001190,Global Grains Co.,0.85,1.9075,1,0,85.0,C,0.0723459072725085,8.2799890869246
2000001120,Nature's Pantry,0.41,1.001428571,1,0,80.0,C,0.11658994718318345,8.17295529754116
2000001208,Bistro Basics,0.67,1.825,2,0,230.0,C,0.07450873152045596,8.158706101081993
2000001124,Highland Honey,0.78,1.67,2,0,,C,0.08131006393360761,8.14726840614748
2000001220,Alpine Dairy Group,0.8,1.6375,2,0,25.0,C,0.05930660951253876,7.7691658461425765
2000001321,Nature's Pantry,3.6,7.11,2,0,,C,0.018068288082850537,7.707931694602453
2000001279,Green Leaf Distribution,0.8,1.496,2,0,25.0,C,0.017048647032228068,7.651432786533671
2000001269,Green Leaf Distribution,1.75,3.345,1,0,210.0,C,0.01847794810987694,7.4170483698211935
2000001254,Global Grains Co.,1.95,4.29,1,0,280.0,C,0.014068035552325997,7.242224700888978
2000001285,Global Grains Co.,3.31,6.53,1,0,40.0,C,0.0183781700646529,7.200567029890893
2000001284,Highland Honey,3.6,7.89,2,0,,C,0.015037288801500535,7.118652517206622
2000001252,Alpine Dairy Group,1.95,4.29,1,0,280.0,C,0.027478475771264846,7.072959664230868
2000001253,Organic Oasis,0.97,2.053333333,2,0,330.0,C,0.03755611864776587,6.940370726801169
2000001200,Savory Sauces Ltd,1.35,1.93,1,0,100.0,C,0.059425139255183036,6.881431125406124
2000001219,Sun-Kissed Fruits,0.63,1.4675,2,0,320.0,C,0.11161822119930678,6.551989584399308
2000001273,Coastal Crustaceans,3.3,6.56,1,0,290.0,C,0.016472128341574827,6.4834297139471655
2000001234,Tropical Tastes,0.79,1.84,2,0,350.0,C,0.0192508681851971,6.375887541662102
2000001106,Global Grains Co.,1.27,2.7,1,0,70.0,C,0.13573749624698497,6.282706967351103
2000001283,Organic Oasis,1.89,3.695,2,0,,C,0.013950502072577978,6.185652617743944
2000001180,Nordic Frozen Foods,0.78,1.67,2,0,,C,0.06157950550018516,6.170266450810039
2000001255,Eco-Groceries,1.85,3.635,1,0,210.0,C,0.027955177546690687,6.097024223542941
2000001238,Bistro Basics,0.67,1.67,2,0,,C,0.028712347554004668,5.753954450397931
2000001262,Artisan Bakery Wholesalers,2.7,5.6,1,0,200.0,C,0.03390806776514929,5.696555385114736
2000001171,Ocean Catch Inc,3.85,6.53,1,0,350.0,C,0.05791027402258382,5.67231134022847
2000001278,City Deli Partners,1.89,5.2,2,0,,C,0.017905592876446313,5.586544976333941
2000001289,Urban Spices Ltd,2.69,5.6,1,0,180.0,C,0.014759896581012307,4.95932525022827
2000001241,Organic Oasis,1.35,2.86,1,0,375.0,C,0.028513766462348288,4.892962325428262
2000001275,Fresh Harvest Ltd,1.7,3.77,2,0,180.0,C,0.019932334895694202,4.50869415250429
2000001313,Global Grains Co.,1.74,4.29,1,0,130.0,C,0.016775181326891715,4.31793167267834
2000001229,Tropical Tastes,0.77,1.526666667,1,0,25.0,C,0.045658771602041535,4.182343478747004
2000001296,Alpine Dairy Group,1.65,3.73,1,0,335.0,C,0.20326207372029823,4.13545928244306
2000001295,Mediterranean Delights,0.79,1.376666667,2,0,250.0,C,0.0664165213645819,4.114503498330123
2000001240,Peak Protein Supplies,0.75,1.57,2,0,25.0,C,0.02716528321575496,3.838454518770021
2000001259,City Deli Partners,2.09,3.95,1,0,280.0,C,0.031515920361946975,3.7346365632641807
2000001280,Artisan Bakery Wholesalers,1.95,4.29,1,0,280.0,C,0.014427330945084414,3.7135949845220093
2000001304,Highland Honey,0.95,1.83,2,0,350.0,C,0.049721226087056376,3.639593749572527
2000001274,Green Leaf Distribution,1.19,3.07,1,1,300.0,C,0.018444757332771008,3.397524300016914
2000001290,Bistro Basics,1.35,3.02,2,0,,C,0.018563619114031184,3.363727782789705
2000001316,Valley Veggies,0.95,2.79,1,1,200.0,C,0.01764920646012898,2.954477160834696
2000001277,Riverside Rice,1.25,3.02,2,0,,C,0.01592856477214305,2.8862559361350693
2000001282,Bistro Basics,1.04,3.52,2,0,750.0,C,0.013630515990104106,2.8787649765342342
2000001287,Eco-Groceries,0.84,1.765,2,0,25.0,C,0.013505740474669969,2.860515831962996
2000001248,Sun-Kissed Fruits,0.69,1.49,2,0,340.0,C,0.02951509005070167,2.638649050796594
2000001309,Valley Veggies,1.32,2.98,1,0,180.0,C,0.014321250092435367,2.560639516015316
2000001276,Tropical Tastes,1.35,2.61,1,0,100.0,C,0.014654948791406549,2.2949649802752727
2000001310,Nature's Pantry,0.89,2.09,2,0,500.0,C,0.018190133768593984,2.2810427741254773
2000001311,City Deli Partners,0.99,2.09,2,0,500.0,C,0.016542555484168404,2.0744364572998304
2000001224,City Deli Partners,0.35,0.93,1,0,75.0,C,0.05505410509533457,2.048012709546446
2000001299,Highland Honey,0.98,2.05,1,0,454.0,C,0.015836507785741062,1.9478904572565725
2000001303,Peak Protein Supplies,0.75,1.95,1,0,60.0,C,0.015476511111486388,1.810751799681757
2000001298,Global Grains Co.,0.95,2.14,1,0,45.0,C,0.0137497632410213,1.765469599794041
2000001030,Valley Veggies,0.62,1.95,1,0,39.0,C,0.1356192897178955,1.5867456893820282
